Command line invocation:
    /Applications/Xcode.app/Contents/Developer/usr/bin/xcodebuild -workspace /Users/nathannovak/Development/Apps/StraboSpot2/ios/StraboSpot2.xcworkspace -configuration Debug -scheme StraboSpot2 -destination id=74C76BE2-3534-4702-95EC-116B7842C0E9

ComputePackagePrebuildTargetDependencyGraph

Prepare packages

CreateBuildRequest

SendProjectDescription

CreateBuildOperation

ComputeTargetDependencyGraph
note: Building targets in dependency order
note: Target dependency graph (147 targets)
    Target 'StraboSpot2' in project 'StraboSpot2'
        ➜ Implicit dependency on target 'Pods-StraboSpot2' in project 'Pods' via file 'libPods-StraboSpot2.a' in build phase 'Link Binary'
        ➜ Implicit dependency on target 'DoubleConversion' in project 'Pods' via options '-lDoubleConversion' in build setting 'OTHER_LDFLAGS'
        ➜ Implicit dependency on target 'EASClient' in project 'Pods' via options '-lEASClient' in build setting 'OTHER_LDFLAGS'
        ➜ Implicit dependency on target 'EXConstants' in project 'Pods' via options '-lEXConstants' in build setting 'OTHER_LDFLAGS'
        ➜ Implicit dependency on target 'EXJSONUtils' in project 'Pods' via options '-lEXJSONUtils' in build setting 'OTHER_LDFLAGS'
        ➜ Implicit dependency on target 'EXManifests' in project 'Pods' via options '-lEXManifests' in build setting 'OTHER_LDFLAGS'
        ➜ Implicit dependency on target 'EXStructuredHeaders' in project 'Pods' via options '-lEXStructuredHeaders' in build setting 'OTHER_LDFLAGS'
        ➜ Implicit dependency on target 'EXUpdates' in project 'Pods' via options '-lEXUpdates' in build setting 'OTHER_LDFLAGS'
        ➜ Implicit dependency on target 'EXUpdatesInterface' in project 'Pods' via options '-lEXUpdatesInterface' in build setting 'OTHER_LDFLAGS'
        ➜ Implicit dependency on target 'Expo' in project 'Pods' via options '-lExpo' in build setting 'OTHER_LDFLAGS'
        ➜ Implicit dependency on target 'ExpoAsset' in project 'Pods' via options '-lExpoAsset' in build setting 'OTHER_LDFLAGS'
        ➜ Implicit dependency on target 'ExpoFileSystem' in project 'Pods' via options '-lExpoFileSystem' in build setting 'OTHER_LDFLAGS'
        ➜ Implicit dependency on target 'ExpoFont' in project 'Pods' via options '-lExpoFont' in build setting 'OTHER_LDFLAGS'
        ➜ Implicit dependency on target 'ExpoKeepAwake' in project 'Pods' via options '-lExpoKeepAwake' in build setting 'OTHER_LDFLAGS'
        ➜ Implicit dependency on target 'ExpoModulesCore' in project 'Pods' via options '-lExpoModulesCore' in build setting 'OTHER_LDFLAGS'
        ➜ Implicit dependency on target 'IQKeyboardManagerSwift' in project 'Pods' via options '-lIQKeyboardManagerSwift' in build setting 'OTHER_LDFLAGS'
        ➜ Implicit dependency on target 'RCT-Folly' in project 'Pods' via options '-lRCT-Folly' in build setting 'OTHER_LDFLAGS'
        ➜ Implicit dependency on target 'RCTDeprecation' in project 'Pods' via options '-lRCTDeprecation' in build setting 'OTHER_LDFLAGS'
        ➜ Implicit dependency on target 'RCTTypeSafety' in project 'Pods' via options '-lRCTTypeSafety' in build setting 'OTHER_LDFLAGS'
        ➜ Implicit dependency on target 'RNCAsyncStorage' in project 'Pods' via options '-lRNCAsyncStorage' in build setting 'OTHER_LDFLAGS'
        ➜ Implicit dependency on target 'RNCClipboard' in project 'Pods' via options '-lRNCClipboard' in build setting 'OTHER_LDFLAGS'
        ➜ Implicit dependency on target 'RNCPicker' in project 'Pods' via options '-lRNCPicker' in build setting 'OTHER_LDFLAGS'
        ➜ Implicit dependency on target 'RNDateTimePicker' in project 'Pods' via options '-lRNDateTimePicker' in build setting 'OTHER_LDFLAGS'
        ➜ Implicit dependency on target 'RNDeviceInfo' in project 'Pods' via options '-lRNDeviceInfo' in build setting 'OTHER_LDFLAGS'
        ➜ Implicit dependency on target 'RNFS' in project 'Pods' via options '-lRNFS' in build setting 'OTHER_LDFLAGS'
        ➜ Implicit dependency on target 'RNGestureHandler' in project 'Pods' via options '-lRNGestureHandler' in build setting 'OTHER_LDFLAGS'
        ➜ Implicit dependency on target 'RNReanimated' in project 'Pods' via options '-lRNReanimated' in build setting 'OTHER_LDFLAGS'
        ➜ Implicit dependency on target 'RNScreens' in project 'Pods' via options '-lRNScreens' in build setting 'OTHER_LDFLAGS'
        ➜ Implicit dependency on target 'RNSensors' in project 'Pods' via options '-lRNSensors' in build setting 'OTHER_LDFLAGS'
        ➜ Implicit dependency on target 'RNSentry' in project 'Pods' via options '-lRNSentry' in build setting 'OTHER_LDFLAGS'
        ➜ Implicit dependency on target 'RNSketchCanvas' in project 'Pods' via options '-lRNSketchCanvas' in build setting 'OTHER_LDFLAGS'
        ➜ Implicit dependency on target 'RNSoundPlayer' in project 'Pods' via options '-lRNSoundPlayer' in build setting 'OTHER_LDFLAGS'
        ➜ Implicit dependency on target 'RNVectorIcons' in project 'Pods' via options '-lRNVectorIcons' in build setting 'OTHER_LDFLAGS'
        ➜ Implicit dependency on target 'RNZipArchive' in project 'Pods' via options '-lRNZipArchive' in build setting 'OTHER_LDFLAGS'
        ➜ Implicit dependency on target 'ReachabilitySwift' in project 'Pods' via options '-lReachabilitySwift' in build setting 'OTHER_LDFLAGS'
        ➜ Implicit dependency on target 'React-Core' in project 'Pods' via options '-lReact-Core' in build setting 'OTHER_LDFLAGS'
        ➜ Implicit dependency on target 'React-CoreModules' in project 'Pods' via options '-lReact-CoreModules' in build setting 'OTHER_LDFLAGS'
        ➜ Implicit dependency on target 'React-Fabric' in project 'Pods' via options '-lReact-Fabric' in build setting 'OTHER_LDFLAGS'
        ➜ Implicit dependency on target 'React-FabricComponents' in project 'Pods' via options '-lReact-FabricComponents' in build setting 'OTHER_LDFLAGS'
        ➜ Implicit dependency on target 'React-FabricImage' in project 'Pods' via options '-lReact-FabricImage' in build setting 'OTHER_LDFLAGS'
        ➜ Implicit dependency on target 'React-ImageManager' in project 'Pods' via options '-lReact-ImageManager' in build setting 'OTHER_LDFLAGS'
        ➜ Implicit dependency on target 'React-Mapbuffer' in project 'Pods' via options '-lReact-Mapbuffer' in build setting 'OTHER_LDFLAGS'
        ➜ Implicit dependency on target 'React-NativeModulesApple' in project 'Pods' via options '-lReact-NativeModulesApple' in build setting 'OTHER_LDFLAGS'
        ➜ Implicit dependency on target 'React-RCTAnimation' in project 'Pods' via options '-lReact-RCTAnimation' in build setting 'OTHER_LDFLAGS'
        ➜ Implicit dependency on target 'React-RCTAppDelegate' in project 'Pods' via options '-lReact-RCTAppDelegate' in build setting 'OTHER_LDFLAGS'
        ➜ Implicit dependency on target 'React-RCTBlob' in project 'Pods' via options '-lReact-RCTBlob' in build setting 'OTHER_LDFLAGS'
        ➜ Implicit dependency on target 'React-RCTFBReactNativeSpec' in project 'Pods' via options '-lReact-RCTFBReactNativeSpec' in build setting 'OTHER_LDFLAGS'
        ➜ Implicit dependency on target 'React-RCTFabric' in project 'Pods' via options '-lReact-RCTFabric' in build setting 'OTHER_LDFLAGS'
        ➜ Implicit dependency on target 'React-RCTImage' in project 'Pods' via options '-lReact-RCTImage' in build setting 'OTHER_LDFLAGS'
        ➜ Implicit dependency on target 'React-RCTLinking' in project 'Pods' via options '-lReact-RCTLinking' in build setting 'OTHER_LDFLAGS'
        ➜ Implicit dependency on target 'React-RCTNetwork' in project 'Pods' via options '-lReact-RCTNetwork' in build setting 'OTHER_LDFLAGS'
        ➜ Implicit dependency on target 'React-RCTRuntime' in project 'Pods' via options '-lReact-RCTRuntime' in build setting 'OTHER_LDFLAGS'
        ➜ Implicit dependency on target 'React-RCTSettings' in project 'Pods' via options '-lReact-RCTSettings' in build setting 'OTHER_LDFLAGS'
        ➜ Implicit dependency on target 'React-RCTText' in project 'Pods' via options '-lReact-RCTText' in build setting 'OTHER_LDFLAGS'
        ➜ Implicit dependency on target 'React-RCTVibration' in project 'Pods' via options '-lReact-RCTVibration' in build setting 'OTHER_LDFLAGS'
        ➜ Implicit dependency on target 'React-RuntimeApple' in project 'Pods' via options '-lReact-RuntimeApple' in build setting 'OTHER_LDFLAGS'
        ➜ Implicit dependency on target 'React-RuntimeCore' in project 'Pods' via options '-lReact-RuntimeCore' in build setting 'OTHER_LDFLAGS'
        ➜ Implicit dependency on target 'React-RuntimeHermes' in project 'Pods' via options '-lReact-RuntimeHermes' in build setting 'OTHER_LDFLAGS'
        ➜ Implicit dependency on target 'React-cxxreact' in project 'Pods' via options '-lReact-cxxreact' in build setting 'OTHER_LDFLAGS'
        ➜ Implicit dependency on target 'React-debug' in project 'Pods' via options '-lReact-debug' in build setting 'OTHER_LDFLAGS'
        ➜ Implicit dependency on target 'React-defaultsnativemodule' in project 'Pods' via options '-lReact-defaultsnativemodule' in build setting 'OTHER_LDFLAGS'
        ➜ Implicit dependency on target 'React-domnativemodule' in project 'Pods' via options '-lReact-domnativemodule' in build setting 'OTHER_LDFLAGS'
        ➜ Implicit dependency on target 'React-featureflags' in project 'Pods' via options '-lReact-featureflags' in build setting 'OTHER_LDFLAGS'
        ➜ Implicit dependency on target 'React-featureflagsnativemodule' in project 'Pods' via options '-lReact-featureflagsnativemodule' in build setting 'OTHER_LDFLAGS'
        ➜ Implicit dependency on target 'React-graphics' in project 'Pods' via options '-lReact-graphics' in build setting 'OTHER_LDFLAGS'
        ➜ Implicit dependency on target 'React-hermes' in project 'Pods' via options '-lReact-hermes' in build setting 'OTHER_LDFLAGS'
        ➜ Implicit dependency on target 'React-idlecallbacksnativemodule' in project 'Pods' via options '-lReact-idlecallbacksnativemodule' in build setting 'OTHER_LDFLAGS'
        ➜ Implicit dependency on target 'React-jserrorhandler' in project 'Pods' via options '-lReact-jserrorhandler' in build setting 'OTHER_LDFLAGS'
        ➜ Implicit dependency on target 'React-jsi' in project 'Pods' via options '-lReact-jsi' in build setting 'OTHER_LDFLAGS'
        ➜ Implicit dependency on target 'React-jsiexecutor' in project 'Pods' via options '-lReact-jsiexecutor' in build setting 'OTHER_LDFLAGS'
        ➜ Implicit dependency on target 'React-jsinspector' in project 'Pods' via options '-lReact-jsinspector' in build setting 'OTHER_LDFLAGS'
        ➜ Implicit dependency on target 'React-jsinspectortracing' in project 'Pods' via options '-lReact-jsinspectortracing' in build setting 'OTHER_LDFLAGS'
        ➜ Implicit dependency on target 'React-jsitooling' in project 'Pods' via options '-lReact-jsitooling' in build setting 'OTHER_LDFLAGS'
        ➜ Implicit dependency on target 'React-logger' in project 'Pods' via options '-lReact-logger' in build setting 'OTHER_LDFLAGS'
        ➜ Implicit dependency on target 'React-microtasksnativemodule' in project 'Pods' via options '-lReact-microtasksnativemodule' in build setting 'OTHER_LDFLAGS'
        ➜ Implicit dependency on target 'React-oscompat' in project 'Pods' via options '-lReact-oscompat' in build setting 'OTHER_LDFLAGS'
        ➜ Implicit dependency on target 'React-perflogger' in project 'Pods' via options '-lReact-perflogger' in build setting 'OTHER_LDFLAGS'
        ➜ Implicit dependency on target 'React-performancetimeline' in project 'Pods' via options '-lReact-performancetimeline' in build setting 'OTHER_LDFLAGS'
        ➜ Implicit dependency on target 'React-rendererconsistency' in project 'Pods' via options '-lReact-rendererconsistency' in build setting 'OTHER_LDFLAGS'
        ➜ Implicit dependency on target 'React-renderercss' in project 'Pods' via options '-lReact-renderercss' in build setting 'OTHER_LDFLAGS'
        ➜ Implicit dependency on target 'React-rendererdebug' in project 'Pods' via options '-lReact-rendererdebug' in build setting 'OTHER_LDFLAGS'
        ➜ Implicit dependency on target 'React-runtimescheduler' in project 'Pods' via options '-lReact-runtimescheduler' in build setting 'OTHER_LDFLAGS'
        ➜ Implicit dependency on target 'React-utils' in project 'Pods' via options '-lReact-utils' in build setting 'OTHER_LDFLAGS'
        ➜ Implicit dependency on target 'ReactAppDependencyProvider' in project 'Pods' via options '-lReactAppDependencyProvider' in build setting 'OTHER_LDFLAGS'
        ➜ Implicit dependency on target 'ReactCodegen' in project 'Pods' via options '-lReactCodegen' in build setting 'OTHER_LDFLAGS'
        ➜ Implicit dependency on target 'ReactCommon' in project 'Pods' via options '-lReactCommon' in build setting 'OTHER_LDFLAGS'
        ➜ Implicit dependency on target 'ReactNativeKeyboardManager' in project 'Pods' via options '-lReactNativeKeyboardManager' in build setting 'OTHER_LDFLAGS'
        ➜ Implicit dependency on target 'SSZipArchive' in project 'Pods' via options '-lSSZipArchive' in build setting 'OTHER_LDFLAGS'
        ➜ Implicit dependency on target 'Sentry' in project 'Pods' via options '-lSentry' in build setting 'OTHER_LDFLAGS'
        ➜ Implicit dependency on target 'SocketRocket' in project 'Pods' via options '-lSocketRocket' in build setting 'OTHER_LDFLAGS'
        ➜ Implicit dependency on target 'Yoga' in project 'Pods' via options '-lYoga' in build setting 'OTHER_LDFLAGS'
        ➜ Implicit dependency on target 'fmt' in project 'Pods' via options '-lfmt' in build setting 'OTHER_LDFLAGS'
        ➜ Implicit dependency on target 'glog' in project 'Pods' via options '-lglog' in build setting 'OTHER_LDFLAGS'
        ➜ Implicit dependency on target 'lottie-ios' in project 'Pods' via options '-llottie-ios' in build setting 'OTHER_LDFLAGS'
        ➜ Implicit dependency on target 'lottie-react-native' in project 'Pods' via options '-llottie-react-native' in build setting 'OTHER_LDFLAGS'
        ➜ Implicit dependency on target 'react-native-blob-util' in project 'Pods' via options '-lreact-native-blob-util' in build setting 'OTHER_LDFLAGS'
        ➜ Implicit dependency on target 'react-native-document-picker' in project 'Pods' via options '-lreact-native-document-picker' in build setting 'OTHER_LDFLAGS'
        ➜ Implicit dependency on target 'react-native-geolocation' in project 'Pods' via options '-lreact-native-geolocation' in build setting 'OTHER_LDFLAGS'
        ➜ Implicit dependency on target 'react-native-get-random-values' in project 'Pods' via options '-lreact-native-get-random-values' in build setting 'OTHER_LDFLAGS'
        ➜ Implicit dependency on target 'react-native-image-picker' in project 'Pods' via options '-lreact-native-image-picker' in build setting 'OTHER_LDFLAGS'
        ➜ Implicit dependency on target 'react-native-image-resizer' in project 'Pods' via options '-lreact-native-image-resizer' in build setting 'OTHER_LDFLAGS'
        ➜ Implicit dependency on target 'react-native-keep-awake' in project 'Pods' via options '-lreact-native-keep-awake' in build setting 'OTHER_LDFLAGS'
        ➜ Implicit dependency on target 'react-native-netinfo' in project 'Pods' via options '-lreact-native-netinfo' in build setting 'OTHER_LDFLAGS'
        ➜ Implicit dependency on target 'react-native-orientation-director' in project 'Pods' via options '-lreact-native-orientation-director' in build setting 'OTHER_LDFLAGS'
        ➜ Implicit dependency on target 'react-native-pager-view' in project 'Pods' via options '-lreact-native-pager-view' in build setting 'OTHER_LDFLAGS'
        ➜ Implicit dependency on target 'react-native-pdf' in project 'Pods' via options '-lreact-native-pdf' in build setting 'OTHER_LDFLAGS'
        ➜ Implicit dependency on target 'react-native-safe-area-context' in project 'Pods' via options '-lreact-native-safe-area-context' in build setting 'OTHER_LDFLAGS'
        ➜ Implicit dependency on target 'react-native-slider' in project 'Pods' via options '-lreact-native-slider' in build setting 'OTHER_LDFLAGS'
        ➜ Implicit dependency on target 'rnmapbox-maps' in project 'Pods' via options '-lrnmapbox-maps' in build setting 'OTHER_LDFLAGS'
        ➜ Implicit dependency on target 'MapboxMaps' in project 'Pods' via options '-framework MapboxMaps' in build setting 'OTHER_LDFLAGS'
        ➜ Implicit dependency on target 'Turf' in project 'Pods' via options '-framework Turf' in build setting 'OTHER_LDFLAGS'
    Target 'Pods-StraboSpot2' in project 'Pods'
        ➜ Explicit dependency on target 'DoubleConversion' in project 'Pods'
        ➜ Explicit dependency on target 'EASClient' in project 'Pods'
        ➜ Explicit dependency on target 'EXConstants' in project 'Pods'
        ➜ Explicit dependency on target 'EXJSONUtils' in project 'Pods'
        ➜ Explicit dependency on target 'EXManifests' in project 'Pods'
        ➜ Explicit dependency on target 'EXStructuredHeaders' in project 'Pods'
        ➜ Explicit dependency on target 'EXUpdates' in project 'Pods'
        ➜ Explicit dependency on target 'EXUpdatesInterface' in project 'Pods'
        ➜ Explicit dependency on target 'Expo' in project 'Pods'
        ➜ Explicit dependency on target 'ExpoAsset' in project 'Pods'
        ➜ Explicit dependency on target 'ExpoFileSystem' in project 'Pods'
        ➜ Explicit dependency on target 'ExpoFont' in project 'Pods'
        ➜ Explicit dependency on target 'ExpoKeepAwake' in project 'Pods'
        ➜ Explicit dependency on target 'ExpoModulesCore' in project 'Pods'
        ➜ Explicit dependency on target 'FBLazyVector' in project 'Pods'
        ➜ Explicit dependency on target 'IQKeyboardManagerSwift' in project 'Pods'
        ➜ Explicit dependency on target 'MapboxCommon' in project 'Pods'
        ➜ Explicit dependency on target 'MapboxCoreMaps' in project 'Pods'
        ➜ Explicit dependency on target 'MapboxMaps' in project 'Pods'
        ➜ Explicit dependency on target 'MapboxMobileEvents' in project 'Pods'
        ➜ Explicit dependency on target 'RCT-Folly' in project 'Pods'
        ➜ Explicit dependency on target 'RCTDeprecation' in project 'Pods'
        ➜ Explicit dependency on target 'RCTRequired' in project 'Pods'
        ➜ Explicit dependency on target 'RCTTypeSafety' in project 'Pods'
        ➜ Explicit dependency on target 'RNCAsyncStorage' in project 'Pods'
        ➜ Explicit dependency on target 'RNCClipboard' in project 'Pods'
        ➜ Explicit dependency on target 'RNCPicker' in project 'Pods'
        ➜ Explicit dependency on target 'RNDateTimePicker' in project 'Pods'
        ➜ Explicit dependency on target 'RNDeviceInfo' in project 'Pods'
        ➜ Explicit dependency on target 'RNFS' in project 'Pods'
        ➜ Explicit dependency on target 'RNGestureHandler' in project 'Pods'
        ➜ Explicit dependency on target 'RNReanimated' in project 'Pods'
        ➜ Explicit dependency on target 'RNScreens' in project 'Pods'
        ➜ Explicit dependency on target 'RNSensors' in project 'Pods'
        ➜ Explicit dependency on target 'RNSentry' in project 'Pods'
        ➜ Explicit dependency on target 'RNSketchCanvas' in project 'Pods'
        ➜ Explicit dependency on target 'RNSoundPlayer' in project 'Pods'
        ➜ Explicit dependency on target 'RNVectorIcons' in project 'Pods'
        ➜ Explicit dependency on target 'RNZipArchive' in project 'Pods'
        ➜ Explicit dependency on target 'ReachabilitySwift' in project 'Pods'
        ➜ Explicit dependency on target 'React' in project 'Pods'
        ➜ Explicit dependency on target 'React-Core' in project 'Pods'
        ➜ Explicit dependency on target 'React-CoreModules' in project 'Pods'
        ➜ Explicit dependency on target 'React-Fabric' in project 'Pods'
        ➜ Explicit dependency on target 'React-FabricComponents' in project 'Pods'
        ➜ Explicit dependency on target 'React-FabricImage' in project 'Pods'
        ➜ Explicit dependency on target 'React-ImageManager' in project 'Pods'
        ➜ Explicit dependency on target 'React-Mapbuffer' in project 'Pods'
        ➜ Explicit dependency on target 'React-NativeModulesApple' in project 'Pods'
        ➜ Explicit dependency on target 'React-RCTActionSheet' in project 'Pods'
        ➜ Explicit dependency on target 'React-RCTAnimation' in project 'Pods'
        ➜ Explicit dependency on target 'React-RCTAppDelegate' in project 'Pods'
        ➜ Explicit dependency on target 'React-RCTBlob' in project 'Pods'
        ➜ Explicit dependency on target 'React-RCTFBReactNativeSpec' in project 'Pods'
        ➜ Explicit dependency on target 'React-RCTFabric' in project 'Pods'
        ➜ Explicit dependency on target 'React-RCTImage' in project 'Pods'
        ➜ Explicit dependency on target 'React-RCTLinking' in project 'Pods'
        ➜ Explicit dependency on target 'React-RCTNetwork' in project 'Pods'
        ➜ Explicit dependency on target 'React-RCTRuntime' in project 'Pods'
        ➜ Explicit dependency on target 'React-RCTSettings' in project 'Pods'
        ➜ Explicit dependency on target 'React-RCTText' in project 'Pods'
        ➜ Explicit dependency on target 'React-RCTVibration' in project 'Pods'
        ➜ Explicit dependency on target 'React-RuntimeApple' in project 'Pods'
        ➜ Explicit dependency on target 'React-RuntimeCore' in project 'Pods'
        ➜ Explicit dependency on target 'React-RuntimeHermes' in project 'Pods'
        ➜ Explicit dependency on target 'React-callinvoker' in project 'Pods'
        ➜ Explicit dependency on target 'React-cxxreact' in project 'Pods'
        ➜ Explicit dependency on target 'React-debug' in project 'Pods'
        ➜ Explicit dependency on target 'React-defaultsnativemodule' in project 'Pods'
        ➜ Explicit dependency on target 'React-domnativemodule' in project 'Pods'
        ➜ Explicit dependency on target 'React-featureflags' in project 'Pods'
        ➜ Explicit dependency on target 'React-featureflagsnativemodule' in project 'Pods'
        ➜ Explicit dependency on target 'React-graphics' in project 'Pods'
        ➜ Explicit dependency on target 'React-hermes' in project 'Pods'
        ➜ Explicit dependency on target 'React-idlecallbacksnativemodule' in project 'Pods'
        ➜ Explicit dependency on target 'React-jserrorhandler' in project 'Pods'
        ➜ Explicit dependency on target 'React-jsi' in project 'Pods'
        ➜ Explicit dependency on target 'React-jsiexecutor' in project 'Pods'
        ➜ Explicit dependency on target 'React-jsinspector' in project 'Pods'
        ➜ Explicit dependency on target 'React-jsinspectortracing' in project 'Pods'
        ➜ Explicit dependency on target 'React-jsitooling' in project 'Pods'
        ➜ Explicit dependency on target 'React-jsitracing' in project 'Pods'
        ➜ Explicit dependency on target 'React-logger' in project 'Pods'
        ➜ Explicit dependency on target 'React-microtasksnativemodule' in project 'Pods'
        ➜ Explicit dependency on target 'React-oscompat' in project 'Pods'
        ➜ Explicit dependency on target 'React-perflogger' in project 'Pods'
        ➜ Explicit dependency on target 'React-performancetimeline' in project 'Pods'
        ➜ Explicit dependency on target 'React-rendererconsistency' in project 'Pods'
        ➜ Explicit dependency on target 'React-renderercss' in project 'Pods'
        ➜ Explicit dependency on target 'React-rendererdebug' in project 'Pods'
        ➜ Explicit dependency on target 'React-rncore' in project 'Pods'
        ➜ Explicit dependency on target 'React-runtimeexecutor' in project 'Pods'
        ➜ Explicit dependency on target 'React-runtimescheduler' in project 'Pods'
        ➜ Explicit dependency on target 'React-timing' in project 'Pods'
        ➜ Explicit dependency on target 'React-utils' in project 'Pods'
        ➜ Explicit dependency on target 'ReactAppDependencyProvider' in project 'Pods'
        ➜ Explicit dependency on target 'ReactCodegen' in project 'Pods'
        ➜ Explicit dependency on target 'ReactCommon' in project 'Pods'
        ➜ Explicit dependency on target 'ReactNativeKeyboardManager' in project 'Pods'
        ➜ Explicit dependency on target 'SSZipArchive' in project 'Pods'
        ➜ Explicit dependency on target 'Sentry' in project 'Pods'
        ➜ Explicit dependency on target 'SocketRocket' in project 'Pods'
        ➜ Explicit dependency on target 'Turf' in project 'Pods'
        ➜ Explicit dependency on target 'Yoga' in project 'Pods'
        ➜ Explicit dependency on target 'boost' in project 'Pods'
        ➜ Explicit dependency on target 'fast_float' in project 'Pods'
        ➜ Explicit dependency on target 'fmt' in project 'Pods'
        ➜ Explicit dependency on target 'glog' in project 'Pods'
        ➜ Explicit dependency on target 'hermes-engine' in project 'Pods'
        ➜ Explicit dependency on target 'lottie-ios' in project 'Pods'
        ➜ Explicit dependency on target 'lottie-react-native' in project 'Pods'
        ➜ Explicit dependency on target 'react-native-blob-util' in project 'Pods'
        ➜ Explicit dependency on target 'react-native-document-picker' in project 'Pods'
        ➜ Explicit dependency on target 'react-native-geolocation' in project 'Pods'
        ➜ Explicit dependency on target 'react-native-get-random-values' in project 'Pods'
        ➜ Explicit dependency on target 'react-native-image-picker' in project 'Pods'
        ➜ Explicit dependency on target 'react-native-image-resizer' in project 'Pods'
        ➜ Explicit dependency on target 'react-native-keep-awake' in project 'Pods'
        ➜ Explicit dependency on target 'react-native-netinfo' in project 'Pods'
        ➜ Explicit dependency on target 'react-native-orientation-director' in project 'Pods'
        ➜ Explicit dependency on target 'react-native-pager-view' in project 'Pods'
        ➜ Explicit dependency on target 'react-native-pdf' in project 'Pods'
        ➜ Explicit dependency on target 'react-native-safe-area-context' in project 'Pods'
        ➜ Explicit dependency on target 'react-native-slider' in project 'Pods'
        ➜ Explicit dependency on target 'rnmapbox-maps' in project 'Pods'
    Target 'rnmapbox-maps' in project 'Pods'
        ➜ Explicit dependency on target 'DoubleConversion' in project 'Pods'
        ➜ Explicit dependency on target 'MapboxMaps' in project 'Pods'
        ➜ Explicit dependency on target 'RCT-Folly' in project 'Pods'
        ➜ Explicit dependency on target 'RCTRequired' in project 'Pods'
        ➜ Explicit dependency on target 'RCTTypeSafety' in project 'Pods'
        ➜ Explicit dependency on target 'React' in project 'Pods'
        ➜ Explicit dependency on target 'React-Core' in project 'Pods'
        ➜ Explicit dependency on target 'React-ImageManager' in project 'Pods'
        ➜ Explicit dependency on target 'React-NativeModulesApple' in project 'Pods'
        ➜ Explicit dependency on target 'React-RCTFabric' in project 'Pods'
        ➜ Explicit dependency on target 'React-featureflags' in project 'Pods'
        ➜ Explicit dependency on target 'React-hermes' in project 'Pods'
        ➜ Explicit dependency on target 'React-jsi' in project 'Pods'
        ➜ Explicit dependency on target 'React-renderercss' in project 'Pods'
        ➜ Explicit dependency on target 'React-rendererdebug' in project 'Pods'
        ➜ Explicit dependency on target 'ReactCodegen' in project 'Pods'
        ➜ Explicit dependency on target 'ReactCommon' in project 'Pods'
        ➜ Explicit dependency on target 'Turf' in project 'Pods'
        ➜ Explicit dependency on target 'Yoga' in project 'Pods'
        ➜ Explicit dependency on target 'hermes-engine' in project 'Pods'
    Target 'react-native-slider' in project 'Pods'
        ➜ Explicit dependency on target 'DoubleConversion' in project 'Pods'
        ➜ Explicit dependency on target 'RCT-Folly' in project 'Pods'
        ➜ Explicit dependency on target 'RCTRequired' in project 'Pods'
        ➜ Explicit dependency on target 'RCTTypeSafety' in project 'Pods'
        ➜ Explicit dependency on target 'React-Core' in project 'Pods'
        ➜ Explicit dependency on target 'React-Fabric' in project 'Pods'
        ➜ Explicit dependency on target 'React-ImageManager' in project 'Pods'
        ➜ Explicit dependency on target 'React-NativeModulesApple' in project 'Pods'
        ➜ Explicit dependency on target 'React-RCTFabric' in project 'Pods'
        ➜ Explicit dependency on target 'React-debug' in project 'Pods'
        ➜ Explicit dependency on target 'React-featureflags' in project 'Pods'
        ➜ Explicit dependency on target 'React-graphics' in project 'Pods'
        ➜ Explicit dependency on target 'React-hermes' in project 'Pods'
        ➜ Explicit dependency on target 'React-jsi' in project 'Pods'
        ➜ Explicit dependency on target 'React-renderercss' in project 'Pods'
        ➜ Explicit dependency on target 'React-rendererdebug' in project 'Pods'
        ➜ Explicit dependency on target 'React-utils' in project 'Pods'
        ➜ Explicit dependency on target 'ReactCodegen' in project 'Pods'
        ➜ Explicit dependency on target 'ReactCommon' in project 'Pods'
        ➜ Explicit dependency on target 'Yoga' in project 'Pods'
        ➜ Explicit dependency on target 'glog' in project 'Pods'
        ➜ Explicit dependency on target 'hermes-engine' in project 'Pods'
    Target 'react-native-safe-area-context' in project 'Pods'
        ➜ Explicit dependency on target 'DoubleConversion' in project 'Pods'
        ➜ Explicit dependency on target 'RCT-Folly' in project 'Pods'
        ➜ Explicit dependency on target 'RCTRequired' in project 'Pods'
        ➜ Explicit dependency on target 'RCTTypeSafety' in project 'Pods'
        ➜ Explicit dependency on target 'React-Core' in project 'Pods'
        ➜ Explicit dependency on target 'React-Fabric' in project 'Pods'
        ➜ Explicit dependency on target 'React-ImageManager' in project 'Pods'
        ➜ Explicit dependency on target 'React-NativeModulesApple' in project 'Pods'
        ➜ Explicit dependency on target 'React-RCTFabric' in project 'Pods'
        ➜ Explicit dependency on target 'React-debug' in project 'Pods'
        ➜ Explicit dependency on target 'React-featureflags' in project 'Pods'
        ➜ Explicit dependency on target 'React-graphics' in project 'Pods'
        ➜ Explicit dependency on target 'React-hermes' in project 'Pods'
        ➜ Explicit dependency on target 'React-jsi' in project 'Pods'
        ➜ Explicit dependency on target 'React-renderercss' in project 'Pods'
        ➜ Explicit dependency on target 'React-rendererdebug' in project 'Pods'
        ➜ Explicit dependency on target 'React-utils' in project 'Pods'
        ➜ Explicit dependency on target 'ReactCodegen' in project 'Pods'
        ➜ Explicit dependency on target 'ReactCommon' in project 'Pods'
        ➜ Explicit dependency on target 'Yoga' in project 'Pods'
        ➜ Explicit dependency on target 'glog' in project 'Pods'
        ➜ Explicit dependency on target 'hermes-engine' in project 'Pods'
    Target 'react-native-pdf' in project 'Pods'
        ➜ Explicit dependency on target 'DoubleConversion' in project 'Pods'
        ➜ Explicit dependency on target 'RCT-Folly' in project 'Pods'
        ➜ Explicit dependency on target 'RCTRequired' in project 'Pods'
        ➜ Explicit dependency on target 'RCTTypeSafety' in project 'Pods'
        ➜ Explicit dependency on target 'React-Core' in project 'Pods'
        ➜ Explicit dependency on target 'React-Fabric' in project 'Pods'
        ➜ Explicit dependency on target 'React-ImageManager' in project 'Pods'
        ➜ Explicit dependency on target 'React-NativeModulesApple' in project 'Pods'
        ➜ Explicit dependency on target 'React-RCTFabric' in project 'Pods'
        ➜ Explicit dependency on target 'React-debug' in project 'Pods'
        ➜ Explicit dependency on target 'React-featureflags' in project 'Pods'
        ➜ Explicit dependency on target 'React-graphics' in project 'Pods'
        ➜ Explicit dependency on target 'React-hermes' in project 'Pods'
        ➜ Explicit dependency on target 'React-jsi' in project 'Pods'
        ➜ Explicit dependency on target 'React-renderercss' in project 'Pods'
        ➜ Explicit dependency on target 'React-rendererdebug' in project 'Pods'
        ➜ Explicit dependency on target 'React-utils' in project 'Pods'
        ➜ Explicit dependency on target 'ReactCodegen' in project 'Pods'
        ➜ Explicit dependency on target 'ReactCommon' in project 'Pods'
        ➜ Explicit dependency on target 'Yoga' in project 'Pods'
        ➜ Explicit dependency on target 'glog' in project 'Pods'
        ➜ Explicit dependency on target 'hermes-engine' in project 'Pods'
    Target 'react-native-pager-view' in project 'Pods'
        ➜ Explicit dependency on target 'DoubleConversion' in project 'Pods'
        ➜ Explicit dependency on target 'RCT-Folly' in project 'Pods'
        ➜ Explicit dependency on target 'RCTRequired' in project 'Pods'
        ➜ Explicit dependency on target 'RCTTypeSafety' in project 'Pods'
        ➜ Explicit dependency on target 'React-Core' in project 'Pods'
        ➜ Explicit dependency on target 'React-Fabric' in project 'Pods'
        ➜ Explicit dependency on target 'React-ImageManager' in project 'Pods'
        ➜ Explicit dependency on target 'React-NativeModulesApple' in project 'Pods'
        ➜ Explicit dependency on target 'React-RCTFabric' in project 'Pods'
        ➜ Explicit dependency on target 'React-debug' in project 'Pods'
        ➜ Explicit dependency on target 'React-featureflags' in project 'Pods'
        ➜ Explicit dependency on target 'React-graphics' in project 'Pods'
        ➜ Explicit dependency on target 'React-hermes' in project 'Pods'
        ➜ Explicit dependency on target 'React-jsi' in project 'Pods'
        ➜ Explicit dependency on target 'React-renderercss' in project 'Pods'
        ➜ Explicit dependency on target 'React-rendererdebug' in project 'Pods'
        ➜ Explicit dependency on target 'React-utils' in project 'Pods'
        ➜ Explicit dependency on target 'ReactCodegen' in project 'Pods'
        ➜ Explicit dependency on target 'ReactCommon' in project 'Pods'
        ➜ Explicit dependency on target 'Yoga' in project 'Pods'
        ➜ Explicit dependency on target 'glog' in project 'Pods'
        ➜ Explicit dependency on target 'hermes-engine' in project 'Pods'
    Target 'react-native-orientation-director' in project 'Pods'
        ➜ Explicit dependency on target 'DoubleConversion' in project 'Pods'
        ➜ Explicit dependency on target 'RCT-Folly' in project 'Pods'
        ➜ Explicit dependency on target 'RCTRequired' in project 'Pods'
        ➜ Explicit dependency on target 'RCTTypeSafety' in project 'Pods'
        ➜ Explicit dependency on target 'React-Core' in project 'Pods'
        ➜ Explicit dependency on target 'React-Fabric' in project 'Pods'
        ➜ Explicit dependency on target 'React-ImageManager' in project 'Pods'
        ➜ Explicit dependency on target 'React-NativeModulesApple' in project 'Pods'
        ➜ Explicit dependency on target 'React-RCTFabric' in project 'Pods'
        ➜ Explicit dependency on target 'React-debug' in project 'Pods'
        ➜ Explicit dependency on target 'React-featureflags' in project 'Pods'
        ➜ Explicit dependency on target 'React-graphics' in project 'Pods'
        ➜ Explicit dependency on target 'React-hermes' in project 'Pods'
        ➜ Explicit dependency on target 'React-jsi' in project 'Pods'
        ➜ Explicit dependency on target 'React-renderercss' in project 'Pods'
        ➜ Explicit dependency on target 'React-rendererdebug' in project 'Pods'
        ➜ Explicit dependency on target 'React-utils' in project 'Pods'
        ➜ Explicit dependency on target 'ReactCodegen' in project 'Pods'
        ➜ Explicit dependency on target 'ReactCommon' in project 'Pods'
        ➜ Explicit dependency on target 'Yoga' in project 'Pods'
        ➜ Explicit dependency on target 'glog' in project 'Pods'
        ➜ Explicit dependency on target 'hermes-engine' in project 'Pods'
    Target 'react-native-netinfo' in project 'Pods'
        ➜ Explicit dependency on target 'React-Core' in project 'Pods'
    Target 'react-native-keep-awake' in project 'Pods'
        ➜ Explicit dependency on target 'React' in project 'Pods'
    Target 'react-native-image-resizer' in project 'Pods'
        ➜ Explicit dependency on target 'React-Core' in project 'Pods'
    Target 'react-native-image-picker' in project 'Pods'
        ➜ Explicit dependency on target 'DoubleConversion' in project 'Pods'
        ➜ Explicit dependency on target 'RCT-Folly' in project 'Pods'
        ➜ Explicit dependency on target 'RCTRequired' in project 'Pods'
        ➜ Explicit dependency on target 'RCTTypeSafety' in project 'Pods'
        ➜ Explicit dependency on target 'React-Core' in project 'Pods'
        ➜ Explicit dependency on target 'React-Fabric' in project 'Pods'
        ➜ Explicit dependency on target 'React-ImageManager' in project 'Pods'
        ➜ Explicit dependency on target 'React-NativeModulesApple' in project 'Pods'
        ➜ Explicit dependency on target 'React-RCTFabric' in project 'Pods'
        ➜ Explicit dependency on target 'React-debug' in project 'Pods'
        ➜ Explicit dependency on target 'React-featureflags' in project 'Pods'
        ➜ Explicit dependency on target 'React-graphics' in project 'Pods'
        ➜ Explicit dependency on target 'React-hermes' in project 'Pods'
        ➜ Explicit dependency on target 'React-jsi' in project 'Pods'
        ➜ Explicit dependency on target 'React-renderercss' in project 'Pods'
        ➜ Explicit dependency on target 'React-rendererdebug' in project 'Pods'
        ➜ Explicit dependency on target 'React-utils' in project 'Pods'
        ➜ Explicit dependency on target 'ReactCodegen' in project 'Pods'
        ➜ Explicit dependency on target 'ReactCommon' in project 'Pods'
        ➜ Explicit dependency on target 'Yoga' in project 'Pods'
        ➜ Explicit dependency on target 'glog' in project 'Pods'
        ➜ Explicit dependency on target 'hermes-engine' in project 'Pods'
        ➜ Explicit dependency on target 'react-native-image-picker-RNImagePickerPrivacyInfo' in project 'Pods'
    Target 'react-native-image-picker-RNImagePickerPrivacyInfo' in project 'Pods' (no dependencies)
    Target 'react-native-get-random-values' in project 'Pods'
        ➜ Explicit dependency on target 'React-Core' in project 'Pods'
    Target 'react-native-geolocation' in project 'Pods'
        ➜ Explicit dependency on target 'DoubleConversion' in project 'Pods'
        ➜ Explicit dependency on target 'RCT-Folly' in project 'Pods'
        ➜ Explicit dependency on target 'RCTRequired' in project 'Pods'
        ➜ Explicit dependency on target 'RCTTypeSafety' in project 'Pods'
        ➜ Explicit dependency on target 'React-Core' in project 'Pods'
        ➜ Explicit dependency on target 'React-Fabric' in project 'Pods'
        ➜ Explicit dependency on target 'React-ImageManager' in project 'Pods'
        ➜ Explicit dependency on target 'React-NativeModulesApple' in project 'Pods'
        ➜ Explicit dependency on target 'React-RCTFabric' in project 'Pods'
        ➜ Explicit dependency on target 'React-debug' in project 'Pods'
        ➜ Explicit dependency on target 'React-featureflags' in project 'Pods'
        ➜ Explicit dependency on target 'React-graphics' in project 'Pods'
        ➜ Explicit dependency on target 'React-hermes' in project 'Pods'
        ➜ Explicit dependency on target 'React-jsi' in project 'Pods'
        ➜ Explicit dependency on target 'React-renderercss' in project 'Pods'
        ➜ Explicit dependency on target 'React-rendererdebug' in project 'Pods'
        ➜ Explicit dependency on target 'React-utils' in project 'Pods'
        ➜ Explicit dependency on target 'ReactCodegen' in project 'Pods'
        ➜ Explicit dependency on target 'ReactCommon' in project 'Pods'
        ➜ Explicit dependency on target 'Yoga' in project 'Pods'
        ➜ Explicit dependency on target 'glog' in project 'Pods'
        ➜ Explicit dependency on target 'hermes-engine' in project 'Pods'
    Target 'react-native-document-picker' in project 'Pods'
        ➜ Explicit dependency on target 'DoubleConversion' in project 'Pods'
        ➜ Explicit dependency on target 'RCT-Folly' in project 'Pods'
        ➜ Explicit dependency on target 'RCTRequired' in project 'Pods'
        ➜ Explicit dependency on target 'RCTTypeSafety' in project 'Pods'
        ➜ Explicit dependency on target 'React-Core' in project 'Pods'
        ➜ Explicit dependency on target 'React-Fabric' in project 'Pods'
        ➜ Explicit dependency on target 'React-ImageManager' in project 'Pods'
        ➜ Explicit dependency on target 'React-NativeModulesApple' in project 'Pods'
        ➜ Explicit dependency on target 'React-RCTFabric' in project 'Pods'
        ➜ Explicit dependency on target 'React-debug' in project 'Pods'
        ➜ Explicit dependency on target 'React-featureflags' in project 'Pods'
        ➜ Explicit dependency on target 'React-graphics' in project 'Pods'
        ➜ Explicit dependency on target 'React-hermes' in project 'Pods'
        ➜ Explicit dependency on target 'React-jsi' in project 'Pods'
        ➜ Explicit dependency on target 'React-renderercss' in project 'Pods'
        ➜ Explicit dependency on target 'React-rendererdebug' in project 'Pods'
        ➜ Explicit dependency on target 'React-utils' in project 'Pods'
        ➜ Explicit dependency on target 'ReactCodegen' in project 'Pods'
        ➜ Explicit dependency on target 'ReactCommon' in project 'Pods'
        ➜ Explicit dependency on target 'Yoga' in project 'Pods'
        ➜ Explicit dependency on target 'glog' in project 'Pods'
        ➜ Explicit dependency on target 'hermes-engine' in project 'Pods'
    Target 'react-native-blob-util' in project 'Pods'
        ➜ Explicit dependency on target 'DoubleConversion' in project 'Pods'
        ➜ Explicit dependency on target 'RCT-Folly' in project 'Pods'
        ➜ Explicit dependency on target 'RCTRequired' in project 'Pods'
        ➜ Explicit dependency on target 'RCTTypeSafety' in project 'Pods'
        ➜ Explicit dependency on target 'React-Core' in project 'Pods'
        ➜ Explicit dependency on target 'React-Fabric' in project 'Pods'
        ➜ Explicit dependency on target 'React-ImageManager' in project 'Pods'
        ➜ Explicit dependency on target 'React-NativeModulesApple' in project 'Pods'
        ➜ Explicit dependency on target 'React-RCTFabric' in project 'Pods'
        ➜ Explicit dependency on target 'React-debug' in project 'Pods'
        ➜ Explicit dependency on target 'React-featureflags' in project 'Pods'
        ➜ Explicit dependency on target 'React-graphics' in project 'Pods'
        ➜ Explicit dependency on target 'React-hermes' in project 'Pods'
        ➜ Explicit dependency on target 'React-jsi' in project 'Pods'
        ➜ Explicit dependency on target 'React-renderercss' in project 'Pods'
        ➜ Explicit dependency on target 'React-rendererdebug' in project 'Pods'
        ➜ Explicit dependency on target 'React-utils' in project 'Pods'
        ➜ Explicit dependency on target 'ReactCodegen' in project 'Pods'
        ➜ Explicit dependency on target 'ReactCommon' in project 'Pods'
        ➜ Explicit dependency on target 'Yoga' in project 'Pods'
        ➜ Explicit dependency on target 'glog' in project 'Pods'
        ➜ Explicit dependency on target 'hermes-engine' in project 'Pods'
        ➜ Explicit dependency on target 'react-native-blob-util-ReactNativeBlobUtilPrivacyInfo' in project 'Pods'
    Target 'react-native-blob-util-ReactNativeBlobUtilPrivacyInfo' in project 'Pods' (no dependencies)
    Target 'lottie-react-native' in project 'Pods'
        ➜ Explicit dependency on target 'DoubleConversion' in project 'Pods'
        ➜ Explicit dependency on target 'RCT-Folly' in project 'Pods'
        ➜ Explicit dependency on target 'RCTRequired' in project 'Pods'
        ➜ Explicit dependency on target 'RCTTypeSafety' in project 'Pods'
        ➜ Explicit dependency on target 'React-Core' in project 'Pods'
        ➜ Explicit dependency on target 'React-Fabric' in project 'Pods'
        ➜ Explicit dependency on target 'React-ImageManager' in project 'Pods'
        ➜ Explicit dependency on target 'React-NativeModulesApple' in project 'Pods'
        ➜ Explicit dependency on target 'React-RCTFabric' in project 'Pods'
        ➜ Explicit dependency on target 'React-debug' in project 'Pods'
        ➜ Explicit dependency on target 'React-featureflags' in project 'Pods'
        ➜ Explicit dependency on target 'React-graphics' in project 'Pods'
        ➜ Explicit dependency on target 'React-hermes' in project 'Pods'
        ➜ Explicit dependency on target 'React-jsi' in project 'Pods'
        ➜ Explicit dependency on target 'React-renderercss' in project 'Pods'
        ➜ Explicit dependency on target 'React-rendererdebug' in project 'Pods'
        ➜ Explicit dependency on target 'React-utils' in project 'Pods'
        ➜ Explicit dependency on target 'ReactCodegen' in project 'Pods'
        ➜ Explicit dependency on target 'ReactCommon' in project 'Pods'
        ➜ Explicit dependency on target 'Yoga' in project 'Pods'
        ➜ Explicit dependency on target 'glog' in project 'Pods'
        ➜ Explicit dependency on target 'hermes-engine' in project 'Pods'
        ➜ Explicit dependency on target 'lottie-ios' in project 'Pods'
        ➜ Explicit dependency on target 'lottie-react-native-Lottie_React_Native_Privacy' in project 'Pods'
    Target 'lottie-react-native-Lottie_React_Native_Privacy' in project 'Pods' (no dependencies)
    Target 'lottie-ios' in project 'Pods'
        ➜ Explicit dependency on target 'lottie-ios-LottiePrivacyInfo' in project 'Pods'
    Target 'lottie-ios-LottiePrivacyInfo' in project 'Pods' (no dependencies)
    Target 'ReactNativeKeyboardManager' in project 'Pods'
        ➜ Explicit dependency on target 'IQKeyboardManagerSwift' in project 'Pods'
        ➜ Explicit dependency on target 'React-Core' in project 'Pods'
        ➜ Explicit dependency on target 'React-RCTText' in project 'Pods'
    Target 'React-rncore' in project 'Pods' (no dependencies)
    Target 'RNZipArchive' in project 'Pods'
        ➜ Explicit dependency on target 'React-Core' in project 'Pods'
        ➜ Explicit dependency on target 'SSZipArchive' in project 'Pods'
    Target 'SSZipArchive' in project 'Pods'
        ➜ Explicit dependency on target 'SSZipArchive-SSZipArchive' in project 'Pods'
    Target 'SSZipArchive-SSZipArchive' in project 'Pods' (no dependencies)
    Target 'RNVectorIcons' in project 'Pods'
        ➜ Explicit dependency on target 'DoubleConversion' in project 'Pods'
        ➜ Explicit dependency on target 'RCT-Folly' in project 'Pods'
        ➜ Explicit dependency on target 'RCTRequired' in project 'Pods'
        ➜ Explicit dependency on target 'RCTTypeSafety' in project 'Pods'
        ➜ Explicit dependency on target 'React-Core' in project 'Pods'
        ➜ Explicit dependency on target 'React-Fabric' in project 'Pods'
        ➜ Explicit dependency on target 'React-ImageManager' in project 'Pods'
        ➜ Explicit dependency on target 'React-NativeModulesApple' in project 'Pods'
        ➜ Explicit dependency on target 'React-RCTFabric' in project 'Pods'
        ➜ Explicit dependency on target 'React-debug' in project 'Pods'
        ➜ Explicit dependency on target 'React-featureflags' in project 'Pods'
        ➜ Explicit dependency on target 'React-graphics' in project 'Pods'
        ➜ Explicit dependency on target 'React-hermes' in project 'Pods'
        ➜ Explicit dependency on target 'React-jsi' in project 'Pods'
        ➜ Explicit dependency on target 'React-renderercss' in project 'Pods'
        ➜ Explicit dependency on target 'React-rendererdebug' in project 'Pods'
        ➜ Explicit dependency on target 'React-utils' in project 'Pods'
        ➜ Explicit dependency on target 'ReactCodegen' in project 'Pods'
        ➜ Explicit dependency on target 'ReactCommon' in project 'Pods'
        ➜ Explicit dependency on target 'Yoga' in project 'Pods'
        ➜ Explicit dependency on target 'glog' in project 'Pods'
        ➜ Explicit dependency on target 'hermes-engine' in project 'Pods'
    Target 'RNSoundPlayer' in project 'Pods'
        ➜ Explicit dependency on target 'React-Core' in project 'Pods'
    Target 'RNSketchCanvas' in project 'Pods'
        ➜ Explicit dependency on target 'React' in project 'Pods'
    Target 'React' in project 'Pods'
        ➜ Explicit dependency on target 'React-Core' in project 'Pods'
        ➜ Explicit dependency on target 'React-RCTActionSheet' in project 'Pods'
        ➜ Explicit dependency on target 'React-RCTAnimation' in project 'Pods'
        ➜ Explicit dependency on target 'React-RCTBlob' in project 'Pods'
        ➜ Explicit dependency on target 'React-RCTImage' in project 'Pods'
        ➜ Explicit dependency on target 'React-RCTLinking' in project 'Pods'
        ➜ Explicit dependency on target 'React-RCTNetwork' in project 'Pods'
        ➜ Explicit dependency on target 'React-RCTSettings' in project 'Pods'
        ➜ Explicit dependency on target 'React-RCTText' in project 'Pods'
        ➜ Explicit dependency on target 'React-RCTVibration' in project 'Pods'
    Target 'React-RCTVibration' in project 'Pods'
        ➜ Explicit dependency on target 'RCT-Folly' in project 'Pods'
        ➜ Explicit dependency on target 'React-Core' in project 'Pods'
        ➜ Explicit dependency on target 'React-NativeModulesApple' in project 'Pods'
        ➜ Explicit dependency on target 'React-RCTFBReactNativeSpec' in project 'Pods'
        ➜ Explicit dependency on target 'React-jsi' in project 'Pods'
        ➜ Explicit dependency on target 'ReactCommon' in project 'Pods'
    Target 'React-RCTSettings' in project 'Pods'
        ➜ Explicit dependency on target 'RCT-Folly' in project 'Pods'
        ➜ Explicit dependency on target 'RCTTypeSafety' in project 'Pods'
        ➜ Explicit dependency on target 'React-Core' in project 'Pods'
        ➜ Explicit dependency on target 'React-NativeModulesApple' in project 'Pods'
        ➜ Explicit dependency on target 'React-RCTFBReactNativeSpec' in project 'Pods'
        ➜ Explicit dependency on target 'React-jsi' in project 'Pods'
        ➜ Explicit dependency on target 'ReactCommon' in project 'Pods'
    Target 'React-RCTLinking' in project 'Pods'
        ➜ Explicit dependency on target 'React-Core' in project 'Pods'
        ➜ Explicit dependency on target 'React-NativeModulesApple' in project 'Pods'
        ➜ Explicit dependency on target 'React-RCTFBReactNativeSpec' in project 'Pods'
        ➜ Explicit dependency on target 'React-jsi' in project 'Pods'
        ➜ Explicit dependency on target 'ReactCommon' in project 'Pods'
    Target 'React-RCTActionSheet' in project 'Pods'
        ➜ Explicit dependency on target 'React-Core' in project 'Pods'
    Target 'RNSentry' in project 'Pods'
        ➜ Explicit dependency on target 'DoubleConversion' in project 'Pods'
        ➜ Explicit dependency on target 'RCT-Folly' in project 'Pods'
        ➜ Explicit dependency on target 'RCTRequired' in project 'Pods'
        ➜ Explicit dependency on target 'RCTTypeSafety' in project 'Pods'
        ➜ Explicit dependency on target 'React-Core' in project 'Pods'
        ➜ Explicit dependency on target 'React-Fabric' in project 'Pods'
        ➜ Explicit dependency on target 'React-ImageManager' in project 'Pods'
        ➜ Explicit dependency on target 'React-NativeModulesApple' in project 'Pods'
        ➜ Explicit dependency on target 'React-RCTFabric' in project 'Pods'
        ➜ Explicit dependency on target 'React-debug' in project 'Pods'
        ➜ Explicit dependency on target 'React-featureflags' in project 'Pods'
        ➜ Explicit dependency on target 'React-graphics' in project 'Pods'
        ➜ Explicit dependency on target 'React-hermes' in project 'Pods'
        ➜ Explicit dependency on target 'React-jsi' in project 'Pods'
        ➜ Explicit dependency on target 'React-renderercss' in project 'Pods'
        ➜ Explicit dependency on target 'React-rendererdebug' in project 'Pods'
        ➜ Explicit dependency on target 'React-utils' in project 'Pods'
        ➜ Explicit dependency on target 'ReactCodegen' in project 'Pods'
        ➜ Explicit dependency on target 'ReactCommon' in project 'Pods'
        ➜ Explicit dependency on target 'Sentry' in project 'Pods'
        ➜ Explicit dependency on target 'Yoga' in project 'Pods'
        ➜ Explicit dependency on target 'glog' in project 'Pods'
        ➜ Explicit dependency on target 'hermes-engine' in project 'Pods'
    Target 'Sentry' in project 'Pods'
        ➜ Explicit dependency on target 'Sentry-Sentry' in project 'Pods'
    Target 'Sentry-Sentry' in project 'Pods' (no dependencies)
    Target 'RNSensors' in project 'Pods'
        ➜ Explicit dependency on target 'React-Core' in project 'Pods'
    Target 'RNScreens' in project 'Pods'
        ➜ Explicit dependency on target 'DoubleConversion' in project 'Pods'
        ➜ Explicit dependency on target 'RCT-Folly' in project 'Pods'
        ➜ Explicit dependency on target 'RCTRequired' in project 'Pods'
        ➜ Explicit dependency on target 'RCTTypeSafety' in project 'Pods'
        ➜ Explicit dependency on target 'React-Core' in project 'Pods'
        ➜ Explicit dependency on target 'React-Fabric' in project 'Pods'
        ➜ Explicit dependency on target 'React-ImageManager' in project 'Pods'
        ➜ Explicit dependency on target 'React-NativeModulesApple' in project 'Pods'
        ➜ Explicit dependency on target 'React-RCTFabric' in project 'Pods'
        ➜ Explicit dependency on target 'React-RCTImage' in project 'Pods'
        ➜ Explicit dependency on target 'React-debug' in project 'Pods'
        ➜ Explicit dependency on target 'React-featureflags' in project 'Pods'
        ➜ Explicit dependency on target 'React-graphics' in project 'Pods'
        ➜ Explicit dependency on target 'React-hermes' in project 'Pods'
        ➜ Explicit dependency on target 'React-jsi' in project 'Pods'
        ➜ Explicit dependency on target 'React-renderercss' in project 'Pods'
        ➜ Explicit dependency on target 'React-rendererdebug' in project 'Pods'
        ➜ Explicit dependency on target 'React-utils' in project 'Pods'
        ➜ Explicit dependency on target 'ReactCodegen' in project 'Pods'
        ➜ Explicit dependency on target 'ReactCommon' in project 'Pods'
        ➜ Explicit dependency on target 'Yoga' in project 'Pods'
        ➜ Explicit dependency on target 'glog' in project 'Pods'
        ➜ Explicit dependency on target 'hermes-engine' in project 'Pods'
    Target 'RNReanimated' in project 'Pods'
        ➜ Explicit dependency on target 'DoubleConversion' in project 'Pods'
        ➜ Explicit dependency on target 'RCT-Folly' in project 'Pods'
        ➜ Explicit dependency on target 'RCTRequired' in project 'Pods'
        ➜ Explicit dependency on target 'RCTTypeSafety' in project 'Pods'
        ➜ Explicit dependency on target 'React-Core' in project 'Pods'
        ➜ Explicit dependency on target 'React-Fabric' in project 'Pods'
        ➜ Explicit dependency on target 'React-ImageManager' in project 'Pods'
        ➜ Explicit dependency on target 'React-NativeModulesApple' in project 'Pods'
        ➜ Explicit dependency on target 'React-RCTFabric' in project 'Pods'
        ➜ Explicit dependency on target 'React-debug' in project 'Pods'
        ➜ Explicit dependency on target 'React-featureflags' in project 'Pods'
        ➜ Explicit dependency on target 'React-graphics' in project 'Pods'
        ➜ Explicit dependency on target 'React-hermes' in project 'Pods'
        ➜ Explicit dependency on target 'React-jsi' in project 'Pods'
        ➜ Explicit dependency on target 'React-renderercss' in project 'Pods'
        ➜ Explicit dependency on target 'React-rendererdebug' in project 'Pods'
        ➜ Explicit dependency on target 'React-utils' in project 'Pods'
        ➜ Explicit dependency on target 'ReactCodegen' in project 'Pods'
        ➜ Explicit dependency on target 'ReactCommon' in project 'Pods'
        ➜ Explicit dependency on target 'Yoga' in project 'Pods'
        ➜ Explicit dependency on target 'glog' in project 'Pods'
        ➜ Explicit dependency on target 'hermes-engine' in project 'Pods'
    Target 'RNGestureHandler' in project 'Pods'
        ➜ Explicit dependency on target 'DoubleConversion' in project 'Pods'
        ➜ Explicit dependency on target 'RCT-Folly' in project 'Pods'
        ➜ Explicit dependency on target 'RCTRequired' in project 'Pods'
        ➜ Explicit dependency on target 'RCTTypeSafety' in project 'Pods'
        ➜ Explicit dependency on target 'React-Core' in project 'Pods'
        ➜ Explicit dependency on target 'React-Fabric' in project 'Pods'
        ➜ Explicit dependency on target 'React-ImageManager' in project 'Pods'
        ➜ Explicit dependency on target 'React-NativeModulesApple' in project 'Pods'
        ➜ Explicit dependency on target 'React-RCTFabric' in project 'Pods'
        ➜ Explicit dependency on target 'React-debug' in project 'Pods'
        ➜ Explicit dependency on target 'React-featureflags' in project 'Pods'
        ➜ Explicit dependency on target 'React-graphics' in project 'Pods'
        ➜ Explicit dependency on target 'React-hermes' in project 'Pods'
        ➜ Explicit dependency on target 'React-jsi' in project 'Pods'
        ➜ Explicit dependency on target 'React-renderercss' in project 'Pods'
        ➜ Explicit dependency on target 'React-rendererdebug' in project 'Pods'
        ➜ Explicit dependency on target 'React-utils' in project 'Pods'
        ➜ Explicit dependency on target 'ReactCodegen' in project 'Pods'
        ➜ Explicit dependency on target 'ReactCommon' in project 'Pods'
        ➜ Explicit dependency on target 'Yoga' in project 'Pods'
        ➜ Explicit dependency on target 'glog' in project 'Pods'
        ➜ Explicit dependency on target 'hermes-engine' in project 'Pods'
    Target 'RNFS' in project 'Pods'
        ➜ Explicit dependency on target 'React-Core' in project 'Pods'
    Target 'RNDeviceInfo' in project 'Pods'
        ➜ Explicit dependency on target 'RNDeviceInfo-RNDeviceInfoPrivacyInfo' in project 'Pods'
        ➜ Explicit dependency on target 'React-Core' in project 'Pods'
    Target 'RNDeviceInfo-RNDeviceInfoPrivacyInfo' in project 'Pods' (no dependencies)
    Target 'RNDateTimePicker' in project 'Pods'
        ➜ Explicit dependency on target 'DoubleConversion' in project 'Pods'
        ➜ Explicit dependency on target 'RCT-Folly' in project 'Pods'
        ➜ Explicit dependency on target 'RCTRequired' in project 'Pods'
        ➜ Explicit dependency on target 'RCTTypeSafety' in project 'Pods'
        ➜ Explicit dependency on target 'React-Core' in project 'Pods'
        ➜ Explicit dependency on target 'React-Fabric' in project 'Pods'
        ➜ Explicit dependency on target 'React-ImageManager' in project 'Pods'
        ➜ Explicit dependency on target 'React-NativeModulesApple' in project 'Pods'
        ➜ Explicit dependency on target 'React-RCTFabric' in project 'Pods'
        ➜ Explicit dependency on target 'React-debug' in project 'Pods'
        ➜ Explicit dependency on target 'React-featureflags' in project 'Pods'
        ➜ Explicit dependency on target 'React-graphics' in project 'Pods'
        ➜ Explicit dependency on target 'React-hermes' in project 'Pods'
        ➜ Explicit dependency on target 'React-jsi' in project 'Pods'
        ➜ Explicit dependency on target 'React-renderercss' in project 'Pods'
        ➜ Explicit dependency on target 'React-rendererdebug' in project 'Pods'
        ➜ Explicit dependency on target 'React-utils' in project 'Pods'
        ➜ Explicit dependency on target 'ReactCodegen' in project 'Pods'
        ➜ Explicit dependency on target 'ReactCommon' in project 'Pods'
        ➜ Explicit dependency on target 'Yoga' in project 'Pods'
        ➜ Explicit dependency on target 'glog' in project 'Pods'
        ➜ Explicit dependency on target 'hermes-engine' in project 'Pods'
    Target 'RNCPicker' in project 'Pods'
        ➜ Explicit dependency on target 'DoubleConversion' in project 'Pods'
        ➜ Explicit dependency on target 'RCT-Folly' in project 'Pods'
        ➜ Explicit dependency on target 'RCTRequired' in project 'Pods'
        ➜ Explicit dependency on target 'RCTTypeSafety' in project 'Pods'
        ➜ Explicit dependency on target 'React-Core' in project 'Pods'
        ➜ Explicit dependency on target 'React-Fabric' in project 'Pods'
        ➜ Explicit dependency on target 'React-ImageManager' in project 'Pods'
        ➜ Explicit dependency on target 'React-NativeModulesApple' in project 'Pods'
        ➜ Explicit dependency on target 'React-RCTFabric' in project 'Pods'
        ➜ Explicit dependency on target 'React-debug' in project 'Pods'
        ➜ Explicit dependency on target 'React-featureflags' in project 'Pods'
        ➜ Explicit dependency on target 'React-graphics' in project 'Pods'
        ➜ Explicit dependency on target 'React-hermes' in project 'Pods'
        ➜ Explicit dependency on target 'React-jsi' in project 'Pods'
        ➜ Explicit dependency on target 'React-renderercss' in project 'Pods'
        ➜ Explicit dependency on target 'React-rendererdebug' in project 'Pods'
        ➜ Explicit dependency on target 'React-utils' in project 'Pods'
        ➜ Explicit dependency on target 'ReactCodegen' in project 'Pods'
        ➜ Explicit dependency on target 'ReactCommon' in project 'Pods'
        ➜ Explicit dependency on target 'Yoga' in project 'Pods'
        ➜ Explicit dependency on target 'glog' in project 'Pods'
        ➜ Explicit dependency on target 'hermes-engine' in project 'Pods'
    Target 'RNCClipboard' in project 'Pods'
        ➜ Explicit dependency on target 'DoubleConversion' in project 'Pods'
        ➜ Explicit dependency on target 'RCT-Folly' in project 'Pods'
        ➜ Explicit dependency on target 'RCTRequired' in project 'Pods'
        ➜ Explicit dependency on target 'RCTTypeSafety' in project 'Pods'
        ➜ Explicit dependency on target 'React-Core' in project 'Pods'
        ➜ Explicit dependency on target 'React-Fabric' in project 'Pods'
        ➜ Explicit dependency on target 'React-ImageManager' in project 'Pods'
        ➜ Explicit dependency on target 'React-NativeModulesApple' in project 'Pods'
        ➜ Explicit dependency on target 'React-RCTFabric' in project 'Pods'
        ➜ Explicit dependency on target 'React-debug' in project 'Pods'
        ➜ Explicit dependency on target 'React-featureflags' in project 'Pods'
        ➜ Explicit dependency on target 'React-graphics' in project 'Pods'
        ➜ Explicit dependency on target 'React-hermes' in project 'Pods'
        ➜ Explicit dependency on target 'React-jsi' in project 'Pods'
        ➜ Explicit dependency on target 'React-renderercss' in project 'Pods'
        ➜ Explicit dependency on target 'React-rendererdebug' in project 'Pods'
        ➜ Explicit dependency on target 'React-utils' in project 'Pods'
        ➜ Explicit dependency on target 'ReactCodegen' in project 'Pods'
        ➜ Explicit dependency on target 'ReactCommon' in project 'Pods'
        ➜ Explicit dependency on target 'Yoga' in project 'Pods'
        ➜ Explicit dependency on target 'glog' in project 'Pods'
        ➜ Explicit dependency on target 'hermes-engine' in project 'Pods'
    Target 'RNCAsyncStorage' in project 'Pods'
        ➜ Explicit dependency on target 'DoubleConversion' in project 'Pods'
        ➜ Explicit dependency on target 'RCT-Folly' in project 'Pods'
        ➜ Explicit dependency on target 'RCTRequired' in project 'Pods'
        ➜ Explicit dependency on target 'RCTTypeSafety' in project 'Pods'
        ➜ Explicit dependency on target 'RNCAsyncStorage-RNCAsyncStorage_resources' in project 'Pods'
        ➜ Explicit dependency on target 'React-Core' in project 'Pods'
        ➜ Explicit dependency on target 'React-Fabric' in project 'Pods'
        ➜ Explicit dependency on target 'React-ImageManager' in project 'Pods'
        ➜ Explicit dependency on target 'React-NativeModulesApple' in project 'Pods'
        ➜ Explicit dependency on target 'React-RCTFabric' in project 'Pods'
        ➜ Explicit dependency on target 'React-debug' in project 'Pods'
        ➜ Explicit dependency on target 'React-featureflags' in project 'Pods'
        ➜ Explicit dependency on target 'React-graphics' in project 'Pods'
        ➜ Explicit dependency on target 'React-hermes' in project 'Pods'
        ➜ Explicit dependency on target 'React-jsi' in project 'Pods'
        ➜ Explicit dependency on target 'React-renderercss' in project 'Pods'
        ➜ Explicit dependency on target 'React-rendererdebug' in project 'Pods'
        ➜ Explicit dependency on target 'React-utils' in project 'Pods'
        ➜ Explicit dependency on target 'ReactCodegen' in project 'Pods'
        ➜ Explicit dependency on target 'ReactCommon' in project 'Pods'
        ➜ Explicit dependency on target 'Yoga' in project 'Pods'
        ➜ Explicit dependency on target 'glog' in project 'Pods'
        ➜ Explicit dependency on target 'hermes-engine' in project 'Pods'
    Target 'RNCAsyncStorage-RNCAsyncStorage_resources' in project 'Pods' (no dependencies)
    Target 'MapboxMaps' in project 'Pods'
        ➜ Explicit dependency on target 'MapboxCommon' in project 'Pods'
        ➜ Explicit dependency on target 'MapboxCoreMaps' in project 'Pods'
        ➜ Explicit dependency on target 'MapboxMaps-MapboxMapsResources' in project 'Pods'
        ➜ Explicit dependency on target 'MapboxMobileEvents' in project 'Pods'
        ➜ Explicit dependency on target 'Turf' in project 'Pods'
    Target 'MapboxMobileEvents' in project 'Pods' (no dependencies)
    Target 'MapboxMaps-MapboxMapsResources' in project 'Pods'
        ➜ Implicit dependency on target 'Turf' in project 'Pods' via options '-framework Turf' in build setting 'OTHER_LDFLAGS'
    Target 'Turf' in project 'Pods' (no dependencies)
    Target 'MapboxCoreMaps' in project 'Pods'
        ➜ Explicit dependency on target 'MapboxCommon' in project 'Pods'
    Target 'MapboxCommon' in project 'Pods' (no dependencies)
    Target 'IQKeyboardManagerSwift' in project 'Pods'
        ➜ Explicit dependency on target 'IQKeyboardManagerSwift-IQKeyboardManagerSwift' in project 'Pods'
    Target 'IQKeyboardManagerSwift-IQKeyboardManagerSwift' in project 'Pods' (no dependencies)
    Target 'ExpoKeepAwake' in project 'Pods'
        ➜ Explicit dependency on target 'ExpoModulesCore' in project 'Pods'
    Target 'ExpoFont' in project 'Pods'
        ➜ Explicit dependency on target 'ExpoModulesCore' in project 'Pods'
    Target 'ExpoFileSystem' in project 'Pods'
        ➜ Explicit dependency on target 'ExpoFileSystem-ExpoFileSystem_privacy' in project 'Pods'
        ➜ Explicit dependency on target 'ExpoModulesCore' in project 'Pods'
    Target 'ExpoFileSystem-ExpoFileSystem_privacy' in project 'Pods' (no dependencies)
    Target 'ExpoAsset' in project 'Pods'
        ➜ Explicit dependency on target 'ExpoModulesCore' in project 'Pods'
    Target 'Expo' in project 'Pods'
        ➜ Explicit dependency on target 'DoubleConversion' in project 'Pods'
        ➜ Explicit dependency on target 'ExpoModulesCore' in project 'Pods'
        ➜ Explicit dependency on target 'RCT-Folly' in project 'Pods'
        ➜ Explicit dependency on target 'RCTRequired' in project 'Pods'
        ➜ Explicit dependency on target 'RCTTypeSafety' in project 'Pods'
        ➜ Explicit dependency on target 'React-Core' in project 'Pods'
        ➜ Explicit dependency on target 'React-Fabric' in project 'Pods'
        ➜ Explicit dependency on target 'React-ImageManager' in project 'Pods'
        ➜ Explicit dependency on target 'React-NativeModulesApple' in project 'Pods'
        ➜ Explicit dependency on target 'React-RCTAppDelegate' in project 'Pods'
        ➜ Explicit dependency on target 'React-RCTFabric' in project 'Pods'
        ➜ Explicit dependency on target 'React-debug' in project 'Pods'
        ➜ Explicit dependency on target 'React-featureflags' in project 'Pods'
        ➜ Explicit dependency on target 'React-graphics' in project 'Pods'
        ➜ Explicit dependency on target 'React-hermes' in project 'Pods'
        ➜ Explicit dependency on target 'React-jsi' in project 'Pods'
        ➜ Explicit dependency on target 'React-renderercss' in project 'Pods'
        ➜ Explicit dependency on target 'React-rendererdebug' in project 'Pods'
        ➜ Explicit dependency on target 'React-utils' in project 'Pods'
        ➜ Explicit dependency on target 'ReactAppDependencyProvider' in project 'Pods'
        ➜ Explicit dependency on target 'ReactCodegen' in project 'Pods'
        ➜ Explicit dependency on target 'ReactCommon' in project 'Pods'
        ➜ Explicit dependency on target 'Yoga' in project 'Pods'
        ➜ Explicit dependency on target 'glog' in project 'Pods'
        ➜ Explicit dependency on target 'hermes-engine' in project 'Pods'
    Target 'ReactAppDependencyProvider' in project 'Pods'
        ➜ Explicit dependency on target 'ReactCodegen' in project 'Pods'
    Target 'EXUpdates' in project 'Pods'
        ➜ Explicit dependency on target 'DoubleConversion' in project 'Pods'
        ➜ Explicit dependency on target 'EASClient' in project 'Pods'
        ➜ Explicit dependency on target 'EXManifests' in project 'Pods'
        ➜ Explicit dependency on target 'EXStructuredHeaders' in project 'Pods'
        ➜ Explicit dependency on target 'EXUpdates-EXUpdates' in project 'Pods'
        ➜ Explicit dependency on target 'EXUpdatesInterface' in project 'Pods'
        ➜ Explicit dependency on target 'ExpoModulesCore' in project 'Pods'
        ➜ Explicit dependency on target 'RCT-Folly' in project 'Pods'
        ➜ Explicit dependency on target 'RCTRequired' in project 'Pods'
        ➜ Explicit dependency on target 'RCTTypeSafety' in project 'Pods'
        ➜ Explicit dependency on target 'ReachabilitySwift' in project 'Pods'
        ➜ Explicit dependency on target 'React-Core' in project 'Pods'
        ➜ Explicit dependency on target 'React-Fabric' in project 'Pods'
        ➜ Explicit dependency on target 'React-ImageManager' in project 'Pods'
        ➜ Explicit dependency on target 'React-NativeModulesApple' in project 'Pods'
        ➜ Explicit dependency on target 'React-RCTFabric' in project 'Pods'
        ➜ Explicit dependency on target 'React-debug' in project 'Pods'
        ➜ Explicit dependency on target 'React-featureflags' in project 'Pods'
        ➜ Explicit dependency on target 'React-graphics' in project 'Pods'
        ➜ Explicit dependency on target 'React-hermes' in project 'Pods'
        ➜ Explicit dependency on target 'React-jsi' in project 'Pods'
        ➜ Explicit dependency on target 'React-renderercss' in project 'Pods'
        ➜ Explicit dependency on target 'React-rendererdebug' in project 'Pods'
        ➜ Explicit dependency on target 'React-utils' in project 'Pods'
        ➜ Explicit dependency on target 'ReactCodegen' in project 'Pods'
        ➜ Explicit dependency on target 'ReactCommon' in project 'Pods'
        ➜ Explicit dependency on target 'Yoga' in project 'Pods'
        ➜ Explicit dependency on target 'glog' in project 'Pods'
        ➜ Explicit dependency on target 'hermes-engine' in project 'Pods'
    Target 'ReachabilitySwift' in project 'Pods'
        ➜ Explicit dependency on target 'ReachabilitySwift-ReachabilitySwift' in project 'Pods'
    Target 'ReachabilitySwift-ReachabilitySwift' in project 'Pods' (no dependencies)
    Target 'EXUpdatesInterface' in project 'Pods'
        ➜ Explicit dependency on target 'ExpoModulesCore' in project 'Pods'
    Target 'EXUpdates-EXUpdates' in project 'Pods' (no dependencies)
    Target 'EXStructuredHeaders' in project 'Pods' (no dependencies)
    Target 'EXManifests' in project 'Pods'
        ➜ Explicit dependency on target 'ExpoModulesCore' in project 'Pods'
    Target 'EXJSONUtils' in project 'Pods' (no dependencies)
    Target 'EXConstants' in project 'Pods'
        ➜ Explicit dependency on target 'EXConstants-EXConstants' in project 'Pods'
        ➜ Explicit dependency on target 'EXConstants-ExpoConstants_privacy' in project 'Pods'
        ➜ Explicit dependency on target 'ExpoModulesCore' in project 'Pods'
    Target 'EXConstants-ExpoConstants_privacy' in project 'Pods' (no dependencies)
    Target 'EXConstants-EXConstants' in project 'Pods' (no dependencies)
    Target 'EASClient' in project 'Pods'
        ➜ Explicit dependency on target 'ExpoModulesCore' in project 'Pods'
    Target 'ExpoModulesCore' in project 'Pods'
        ➜ Explicit dependency on target 'DoubleConversion' in project 'Pods'
        ➜ Explicit dependency on target 'RCT-Folly' in project 'Pods'
        ➜ Explicit dependency on target 'RCTRequired' in project 'Pods'
        ➜ Explicit dependency on target 'RCTTypeSafety' in project 'Pods'
        ➜ Explicit dependency on target 'React-Core' in project 'Pods'
        ➜ Explicit dependency on target 'React-Fabric' in project 'Pods'
        ➜ Explicit dependency on target 'React-ImageManager' in project 'Pods'
        ➜ Explicit dependency on target 'React-NativeModulesApple' in project 'Pods'
        ➜ Explicit dependency on target 'React-RCTFabric' in project 'Pods'
        ➜ Explicit dependency on target 'React-debug' in project 'Pods'
        ➜ Explicit dependency on target 'React-featureflags' in project 'Pods'
        ➜ Explicit dependency on target 'React-graphics' in project 'Pods'
        ➜ Explicit dependency on target 'React-hermes' in project 'Pods'
        ➜ Explicit dependency on target 'React-jsi' in project 'Pods'
        ➜ Explicit dependency on target 'React-jsinspector' in project 'Pods'
        ➜ Explicit dependency on target 'React-renderercss' in project 'Pods'
        ➜ Explicit dependency on target 'React-rendererdebug' in project 'Pods'
        ➜ Explicit dependency on target 'React-utils' in project 'Pods'
        ➜ Explicit dependency on target 'ReactCodegen' in project 'Pods'
        ➜ Explicit dependency on target 'ReactCommon' in project 'Pods'
        ➜ Explicit dependency on target 'Yoga' in project 'Pods'
        ➜ Explicit dependency on target 'glog' in project 'Pods'
        ➜ Explicit dependency on target 'hermes-engine' in project 'Pods'
    Target 'ReactCodegen' in project 'Pods'
        ➜ Explicit dependency on target 'DoubleConversion' in project 'Pods'
        ➜ Explicit dependency on target 'RCT-Folly' in project 'Pods'
        ➜ Explicit dependency on target 'RCTRequired' in project 'Pods'
        ➜ Explicit dependency on target 'RCTTypeSafety' in project 'Pods'
        ➜ Explicit dependency on target 'React-Core' in project 'Pods'
        ➜ Explicit dependency on target 'React-Fabric' in project 'Pods'
        ➜ Explicit dependency on target 'React-FabricImage' in project 'Pods'
        ➜ Explicit dependency on target 'React-NativeModulesApple' in project 'Pods'
        ➜ Explicit dependency on target 'React-RCTAppDelegate' in project 'Pods'
        ➜ Explicit dependency on target 'React-debug' in project 'Pods'
        ➜ Explicit dependency on target 'React-featureflags' in project 'Pods'
        ➜ Explicit dependency on target 'React-graphics' in project 'Pods'
        ➜ Explicit dependency on target 'React-hermes' in project 'Pods'
        ➜ Explicit dependency on target 'React-jsi' in project 'Pods'
        ➜ Explicit dependency on target 'React-jsiexecutor' in project 'Pods'
        ➜ Explicit dependency on target 'React-rendererdebug' in project 'Pods'
        ➜ Explicit dependency on target 'React-utils' in project 'Pods'
        ➜ Explicit dependency on target 'ReactCommon' in project 'Pods'
        ➜ Explicit dependency on target 'glog' in project 'Pods'
        ➜ Explicit dependency on target 'hermes-engine' in project 'Pods'
    Target 'React-RCTAppDelegate' in project 'Pods'
        ➜ Explicit dependency on target 'RCT-Folly' in project 'Pods'
        ➜ Explicit dependency on target 'RCTRequired' in project 'Pods'
        ➜ Explicit dependency on target 'RCTTypeSafety' in project 'Pods'
        ➜ Explicit dependency on target 'React-Core' in project 'Pods'
        ➜ Explicit dependency on target 'React-CoreModules' in project 'Pods'
        ➜ Explicit dependency on target 'React-Fabric' in project 'Pods'
        ➜ Explicit dependency on target 'React-NativeModulesApple' in project 'Pods'
        ➜ Explicit dependency on target 'React-RCTFBReactNativeSpec' in project 'Pods'
        ➜ Explicit dependency on target 'React-RCTFabric' in project 'Pods'
        ➜ Explicit dependency on target 'React-RCTImage' in project 'Pods'
        ➜ Explicit dependency on target 'React-RCTNetwork' in project 'Pods'
        ➜ Explicit dependency on target 'React-RCTRuntime' in project 'Pods'
        ➜ Explicit dependency on target 'React-RuntimeApple' in project 'Pods'
        ➜ Explicit dependency on target 'React-RuntimeCore' in project 'Pods'
        ➜ Explicit dependency on target 'React-debug' in project 'Pods'
        ➜ Explicit dependency on target 'React-defaultsnativemodule' in project 'Pods'
        ➜ Explicit dependency on target 'React-featureflags' in project 'Pods'
        ➜ Explicit dependency on target 'React-graphics' in project 'Pods'
        ➜ Explicit dependency on target 'React-hermes' in project 'Pods'
        ➜ Explicit dependency on target 'React-jsitooling' in project 'Pods'
        ➜ Explicit dependency on target 'React-rendererdebug' in project 'Pods'
        ➜ Explicit dependency on target 'React-runtimescheduler' in project 'Pods'
        ➜ Explicit dependency on target 'React-utils' in project 'Pods'
        ➜ Explicit dependency on target 'ReactCommon' in project 'Pods'
        ➜ Explicit dependency on target 'hermes-engine' in project 'Pods'
    Target 'React-defaultsnativemodule' in project 'Pods'
        ➜ Explicit dependency on target 'RCT-Folly' in project 'Pods'
        ➜ Explicit dependency on target 'React-RCTFBReactNativeSpec' in project 'Pods'
        ➜ Explicit dependency on target 'React-domnativemodule' in project 'Pods'
        ➜ Explicit dependency on target 'React-featureflagsnativemodule' in project 'Pods'
        ➜ Explicit dependency on target 'React-hermes' in project 'Pods'
        ➜ Explicit dependency on target 'React-idlecallbacksnativemodule' in project 'Pods'
        ➜ Explicit dependency on target 'React-jsi' in project 'Pods'
        ➜ Explicit dependency on target 'React-jsiexecutor' in project 'Pods'
        ➜ Explicit dependency on target 'React-microtasksnativemodule' in project 'Pods'
        ➜ Explicit dependency on target 'hermes-engine' in project 'Pods'
    Target 'React-microtasksnativemodule' in project 'Pods'
        ➜ Explicit dependency on target 'RCT-Folly' in project 'Pods'
        ➜ Explicit dependency on target 'React-RCTFBReactNativeSpec' in project 'Pods'
        ➜ Explicit dependency on target 'React-hermes' in project 'Pods'
        ➜ Explicit dependency on target 'React-jsi' in project 'Pods'
        ➜ Explicit dependency on target 'React-jsiexecutor' in project 'Pods'
        ➜ Explicit dependency on target 'ReactCommon' in project 'Pods'
        ➜ Explicit dependency on target 'hermes-engine' in project 'Pods'
    Target 'React-idlecallbacksnativemodule' in project 'Pods'
        ➜ Explicit dependency on target 'RCT-Folly' in project 'Pods'
        ➜ Explicit dependency on target 'React-RCTFBReactNativeSpec' in project 'Pods'
        ➜ Explicit dependency on target 'React-hermes' in project 'Pods'
        ➜ Explicit dependency on target 'React-jsi' in project 'Pods'
        ➜ Explicit dependency on target 'React-jsiexecutor' in project 'Pods'
        ➜ Explicit dependency on target 'React-runtimescheduler' in project 'Pods'
        ➜ Explicit dependency on target 'ReactCommon' in project 'Pods'
        ➜ Explicit dependency on target 'glog' in project 'Pods'
        ➜ Explicit dependency on target 'hermes-engine' in project 'Pods'
    Target 'React-featureflagsnativemodule' in project 'Pods'
        ➜ Explicit dependency on target 'RCT-Folly' in project 'Pods'
        ➜ Explicit dependency on target 'React-RCTFBReactNativeSpec' in project 'Pods'
        ➜ Explicit dependency on target 'React-featureflags' in project 'Pods'
        ➜ Explicit dependency on target 'React-hermes' in project 'Pods'
        ➜ Explicit dependency on target 'React-jsi' in project 'Pods'
        ➜ Explicit dependency on target 'React-jsiexecutor' in project 'Pods'
        ➜ Explicit dependency on target 'ReactCommon' in project 'Pods'
        ➜ Explicit dependency on target 'hermes-engine' in project 'Pods'
    Target 'React-domnativemodule' in project 'Pods'
        ➜ Explicit dependency on target 'RCT-Folly' in project 'Pods'
        ➜ Explicit dependency on target 'React-Fabric' in project 'Pods'
        ➜ Explicit dependency on target 'React-FabricComponents' in project 'Pods'
        ➜ Explicit dependency on target 'React-RCTFBReactNativeSpec' in project 'Pods'
        ➜ Explicit dependency on target 'React-graphics' in project 'Pods'
        ➜ Explicit dependency on target 'React-hermes' in project 'Pods'
        ➜ Explicit dependency on target 'React-jsi' in project 'Pods'
        ➜ Explicit dependency on target 'React-jsiexecutor' in project 'Pods'
        ➜ Explicit dependency on target 'ReactCommon' in project 'Pods'
        ➜ Explicit dependency on target 'Yoga' in project 'Pods'
        ➜ Explicit dependency on target 'hermes-engine' in project 'Pods'
    Target 'React-RCTRuntime' in project 'Pods'
        ➜ Explicit dependency on target 'RCT-Folly' in project 'Pods'
        ➜ Explicit dependency on target 'React-Core' in project 'Pods'
        ➜ Explicit dependency on target 'React-RuntimeApple' in project 'Pods'
        ➜ Explicit dependency on target 'React-RuntimeCore' in project 'Pods'
        ➜ Explicit dependency on target 'React-RuntimeHermes' in project 'Pods'
        ➜ Explicit dependency on target 'React-hermes' in project 'Pods'
        ➜ Explicit dependency on target 'React-jsi' in project 'Pods'
        ➜ Explicit dependency on target 'React-jsinspector' in project 'Pods'
        ➜ Explicit dependency on target 'React-jsinspectortracing' in project 'Pods'
        ➜ Explicit dependency on target 'React-jsitooling' in project 'Pods'
        ➜ Explicit dependency on target 'glog' in project 'Pods'
        ➜ Explicit dependency on target 'hermes-engine' in project 'Pods'
    Target 'React-RuntimeApple' in project 'Pods'
        ➜ Explicit dependency on target 'RCT-Folly' in project 'Pods'
        ➜ Explicit dependency on target 'React-Core' in project 'Pods'
        ➜ Explicit dependency on target 'React-CoreModules' in project 'Pods'
        ➜ Explicit dependency on target 'React-Mapbuffer' in project 'Pods'
        ➜ Explicit dependency on target 'React-NativeModulesApple' in project 'Pods'
        ➜ Explicit dependency on target 'React-RCTFBReactNativeSpec' in project 'Pods'
        ➜ Explicit dependency on target 'React-RCTFabric' in project 'Pods'
        ➜ Explicit dependency on target 'React-RuntimeCore' in project 'Pods'
        ➜ Explicit dependency on target 'React-RuntimeHermes' in project 'Pods'
        ➜ Explicit dependency on target 'React-callinvoker' in project 'Pods'
        ➜ Explicit dependency on target 'React-cxxreact' in project 'Pods'
        ➜ Explicit dependency on target 'React-featureflags' in project 'Pods'
        ➜ Explicit dependency on target 'React-jserrorhandler' in project 'Pods'
        ➜ Explicit dependency on target 'React-jsi' in project 'Pods'
        ➜ Explicit dependency on target 'React-jsiexecutor' in project 'Pods'
        ➜ Explicit dependency on target 'React-jsinspector' in project 'Pods'
        ➜ Explicit dependency on target 'React-jsitooling' in project 'Pods'
        ➜ Explicit dependency on target 'React-runtimeexecutor' in project 'Pods'
        ➜ Explicit dependency on target 'React-runtimescheduler' in project 'Pods'
        ➜ Explicit dependency on target 'React-utils' in project 'Pods'
        ➜ Explicit dependency on target 'hermes-engine' in project 'Pods'
    Target 'React-RuntimeHermes' in project 'Pods'
        ➜ Explicit dependency on target 'RCT-Folly' in project 'Pods'
        ➜ Explicit dependency on target 'React-RuntimeCore' in project 'Pods'
        ➜ Explicit dependency on target 'React-featureflags' in project 'Pods'
        ➜ Explicit dependency on target 'React-hermes' in project 'Pods'
        ➜ Explicit dependency on target 'React-jsi' in project 'Pods'
        ➜ Explicit dependency on target 'React-jsinspector' in project 'Pods'
        ➜ Explicit dependency on target 'React-jsinspectortracing' in project 'Pods'
        ➜ Explicit dependency on target 'React-jsitooling' in project 'Pods'
        ➜ Explicit dependency on target 'React-jsitracing' in project 'Pods'
        ➜ Explicit dependency on target 'React-utils' in project 'Pods'
        ➜ Explicit dependency on target 'hermes-engine' in project 'Pods'
    Target 'React-jsitracing' in project 'Pods'
        ➜ Explicit dependency on target 'React-jsi' in project 'Pods'
    Target 'React-RuntimeCore' in project 'Pods'
        ➜ Explicit dependency on target 'RCT-Folly' in project 'Pods'
        ➜ Explicit dependency on target 'React-Fabric' in project 'Pods'
        ➜ Explicit dependency on target 'React-cxxreact' in project 'Pods'
        ➜ Explicit dependency on target 'React-featureflags' in project 'Pods'
        ➜ Explicit dependency on target 'React-hermes' in project 'Pods'
        ➜ Explicit dependency on target 'React-jserrorhandler' in project 'Pods'
        ➜ Explicit dependency on target 'React-jsi' in project 'Pods'
        ➜ Explicit dependency on target 'React-jsiexecutor' in project 'Pods'
        ➜ Explicit dependency on target 'React-jsinspector' in project 'Pods'
        ➜ Explicit dependency on target 'React-jsitooling' in project 'Pods'
        ➜ Explicit dependency on target 'React-performancetimeline' in project 'Pods'
        ➜ Explicit dependency on target 'React-runtimeexecutor' in project 'Pods'
        ➜ Explicit dependency on target 'React-runtimescheduler' in project 'Pods'
        ➜ Explicit dependency on target 'React-utils' in project 'Pods'
        ➜ Explicit dependency on target 'glog' in project 'Pods'
        ➜ Explicit dependency on target 'hermes-engine' in project 'Pods'
    Target 'React-jserrorhandler' in project 'Pods'
        ➜ Explicit dependency on target 'RCT-Folly' in project 'Pods'
        ➜ Explicit dependency on target 'React-cxxreact' in project 'Pods'
        ➜ Explicit dependency on target 'React-debug' in project 'Pods'
        ➜ Explicit dependency on target 'React-featureflags' in project 'Pods'
        ➜ Explicit dependency on target 'React-jsi' in project 'Pods'
        ➜ Explicit dependency on target 'ReactCommon' in project 'Pods'
        ➜ Explicit dependency on target 'glog' in project 'Pods'
        ➜ Explicit dependency on target 'hermes-engine' in project 'Pods'
    Target 'React-Mapbuffer' in project 'Pods'
        ➜ Explicit dependency on target 'React-debug' in project 'Pods'
        ➜ Explicit dependency on target 'glog' in project 'Pods'
    Target 'React-CoreModules' in project 'Pods'
        ➜ Explicit dependency on target 'DoubleConversion' in project 'Pods'
        ➜ Explicit dependency on target 'RCT-Folly' in project 'Pods'
        ➜ Explicit dependency on target 'RCTTypeSafety' in project 'Pods'
        ➜ Explicit dependency on target 'React-Core' in project 'Pods'
        ➜ Explicit dependency on target 'React-NativeModulesApple' in project 'Pods'
        ➜ Explicit dependency on target 'React-RCTBlob' in project 'Pods'
        ➜ Explicit dependency on target 'React-RCTFBReactNativeSpec' in project 'Pods'
        ➜ Explicit dependency on target 'React-RCTImage' in project 'Pods'
        ➜ Explicit dependency on target 'React-jsi' in project 'Pods'
        ➜ Explicit dependency on target 'React-jsinspector' in project 'Pods'
        ➜ Explicit dependency on target 'React-jsinspectortracing' in project 'Pods'
        ➜ Explicit dependency on target 'ReactCommon' in project 'Pods'
        ➜ Explicit dependency on target 'SocketRocket' in project 'Pods'
        ➜ Explicit dependency on target 'fast_float' in project 'Pods'
        ➜ Explicit dependency on target 'fmt' in project 'Pods'
    Target 'React-RCTBlob' in project 'Pods'
        ➜ Explicit dependency on target 'DoubleConversion' in project 'Pods'
        ➜ Explicit dependency on target 'RCT-Folly' in project 'Pods'
        ➜ Explicit dependency on target 'React-Core' in project 'Pods'
        ➜ Explicit dependency on target 'React-NativeModulesApple' in project 'Pods'
        ➜ Explicit dependency on target 'React-RCTFBReactNativeSpec' in project 'Pods'
        ➜ Explicit dependency on target 'React-RCTNetwork' in project 'Pods'
        ➜ Explicit dependency on target 'React-jsi' in project 'Pods'
        ➜ Explicit dependency on target 'React-jsinspector' in project 'Pods'
        ➜ Explicit dependency on target 'ReactCommon' in project 'Pods'
        ➜ Explicit dependency on target 'fast_float' in project 'Pods'
        ➜ Explicit dependency on target 'fmt' in project 'Pods'
        ➜ Explicit dependency on target 'hermes-engine' in project 'Pods'
    Target 'React-RCTFabric' in project 'Pods'
        ➜ Explicit dependency on target 'RCT-Folly' in project 'Pods'
        ➜ Explicit dependency on target 'React-Core' in project 'Pods'
        ➜ Explicit dependency on target 'React-Fabric' in project 'Pods'
        ➜ Explicit dependency on target 'React-FabricComponents' in project 'Pods'
        ➜ Explicit dependency on target 'React-FabricImage' in project 'Pods'
        ➜ Explicit dependency on target 'React-ImageManager' in project 'Pods'
        ➜ Explicit dependency on target 'React-RCTAnimation' in project 'Pods'
        ➜ Explicit dependency on target 'React-RCTImage' in project 'Pods'
        ➜ Explicit dependency on target 'React-RCTText' in project 'Pods'
        ➜ Explicit dependency on target 'React-debug' in project 'Pods'
        ➜ Explicit dependency on target 'React-featureflags' in project 'Pods'
        ➜ Explicit dependency on target 'React-graphics' in project 'Pods'
        ➜ Explicit dependency on target 'React-hermes' in project 'Pods'
        ➜ Explicit dependency on target 'React-jsi' in project 'Pods'
        ➜ Explicit dependency on target 'React-jsinspector' in project 'Pods'
        ➜ Explicit dependency on target 'React-jsinspectortracing' in project 'Pods'
        ➜ Explicit dependency on target 'React-performancetimeline' in project 'Pods'
        ➜ Explicit dependency on target 'React-rendererconsistency' in project 'Pods'
        ➜ Explicit dependency on target 'React-renderercss' in project 'Pods'
        ➜ Explicit dependency on target 'React-rendererdebug' in project 'Pods'
        ➜ Explicit dependency on target 'React-runtimescheduler' in project 'Pods'
        ➜ Explicit dependency on target 'React-utils' in project 'Pods'
        ➜ Explicit dependency on target 'Yoga' in project 'Pods'
        ➜ Explicit dependency on target 'glog' in project 'Pods'
        ➜ Explicit dependency on target 'hermes-engine' in project 'Pods'
    Target 'React-RCTText' in project 'Pods'
        ➜ Explicit dependency on target 'React-Core' in project 'Pods'
        ➜ Explicit dependency on target 'Yoga' in project 'Pods'
    Target 'React-RCTImage' in project 'Pods'
        ➜ Explicit dependency on target 'RCT-Folly' in project 'Pods'
        ➜ Explicit dependency on target 'RCTTypeSafety' in project 'Pods'
        ➜ Explicit dependency on target 'React-Core' in project 'Pods'
        ➜ Explicit dependency on target 'React-NativeModulesApple' in project 'Pods'
        ➜ Explicit dependency on target 'React-RCTFBReactNativeSpec' in project 'Pods'
        ➜ Explicit dependency on target 'React-RCTNetwork' in project 'Pods'
        ➜ Explicit dependency on target 'React-jsi' in project 'Pods'
        ➜ Explicit dependency on target 'ReactCommon' in project 'Pods'
    Target 'React-RCTNetwork' in project 'Pods'
        ➜ Explicit dependency on target 'RCT-Folly' in project 'Pods'
        ➜ Explicit dependency on target 'RCTTypeSafety' in project 'Pods'
        ➜ Explicit dependency on target 'React-Core' in project 'Pods'
        ➜ Explicit dependency on target 'React-NativeModulesApple' in project 'Pods'
        ➜ Explicit dependency on target 'React-RCTFBReactNativeSpec' in project 'Pods'
        ➜ Explicit dependency on target 'React-jsi' in project 'Pods'
        ➜ Explicit dependency on target 'ReactCommon' in project 'Pods'
    Target 'React-RCTAnimation' in project 'Pods'
        ➜ Explicit dependency on target 'RCT-Folly' in project 'Pods'
        ➜ Explicit dependency on target 'RCTTypeSafety' in project 'Pods'
        ➜ Explicit dependency on target 'React-Core' in project 'Pods'
        ➜ Explicit dependency on target 'React-NativeModulesApple' in project 'Pods'
        ➜ Explicit dependency on target 'React-RCTFBReactNativeSpec' in project 'Pods'
        ➜ Explicit dependency on target 'React-jsi' in project 'Pods'
        ➜ Explicit dependency on target 'ReactCommon' in project 'Pods'
    Target 'React-RCTFBReactNativeSpec' in project 'Pods'
        ➜ Explicit dependency on target 'RCT-Folly' in project 'Pods'
        ➜ Explicit dependency on target 'RCTRequired' in project 'Pods'
        ➜ Explicit dependency on target 'RCTTypeSafety' in project 'Pods'
        ➜ Explicit dependency on target 'React-Core' in project 'Pods'
        ➜ Explicit dependency on target 'React-NativeModulesApple' in project 'Pods'
        ➜ Explicit dependency on target 'React-hermes' in project 'Pods'
        ➜ Explicit dependency on target 'React-jsi' in project 'Pods'
        ➜ Explicit dependency on target 'React-jsiexecutor' in project 'Pods'
        ➜ Explicit dependency on target 'ReactCommon' in project 'Pods'
        ➜ Explicit dependency on target 'hermes-engine' in project 'Pods'
    Target 'React-FabricImage' in project 'Pods'
        ➜ Explicit dependency on target 'DoubleConversion' in project 'Pods'
        ➜ Explicit dependency on target 'RCT-Folly' in project 'Pods'
        ➜ Explicit dependency on target 'RCTRequired' in project 'Pods'
        ➜ Explicit dependency on target 'RCTTypeSafety' in project 'Pods'
        ➜ Explicit dependency on target 'React-Fabric' in project 'Pods'
        ➜ Explicit dependency on target 'React-ImageManager' in project 'Pods'
        ➜ Explicit dependency on target 'React-featureflags' in project 'Pods'
        ➜ Explicit dependency on target 'React-graphics' in project 'Pods'
        ➜ Explicit dependency on target 'React-hermes' in project 'Pods'
        ➜ Explicit dependency on target 'React-jsi' in project 'Pods'
        ➜ Explicit dependency on target 'React-jsiexecutor' in project 'Pods'
        ➜ Explicit dependency on target 'React-logger' in project 'Pods'
        ➜ Explicit dependency on target 'React-rendererdebug' in project 'Pods'
        ➜ Explicit dependency on target 'React-utils' in project 'Pods'
        ➜ Explicit dependency on target 'ReactCommon' in project 'Pods'
        ➜ Explicit dependency on target 'Yoga' in project 'Pods'
        ➜ Explicit dependency on target 'fast_float' in project 'Pods'
        ➜ Explicit dependency on target 'fmt' in project 'Pods'
        ➜ Explicit dependency on target 'glog' in project 'Pods'
        ➜ Explicit dependency on target 'hermes-engine' in project 'Pods'
    Target 'React-FabricComponents' in project 'Pods'
        ➜ Explicit dependency on target 'DoubleConversion' in project 'Pods'
        ➜ Explicit dependency on target 'RCT-Folly' in project 'Pods'
        ➜ Explicit dependency on target 'RCTRequired' in project 'Pods'
        ➜ Explicit dependency on target 'RCTTypeSafety' in project 'Pods'
        ➜ Explicit dependency on target 'React-Core' in project 'Pods'
        ➜ Explicit dependency on target 'React-Fabric' in project 'Pods'
        ➜ Explicit dependency on target 'React-cxxreact' in project 'Pods'
        ➜ Explicit dependency on target 'React-debug' in project 'Pods'
        ➜ Explicit dependency on target 'React-featureflags' in project 'Pods'
        ➜ Explicit dependency on target 'React-graphics' in project 'Pods'
        ➜ Explicit dependency on target 'React-hermes' in project 'Pods'
        ➜ Explicit dependency on target 'React-jsi' in project 'Pods'
        ➜ Explicit dependency on target 'React-jsiexecutor' in project 'Pods'
        ➜ Explicit dependency on target 'React-logger' in project 'Pods'
        ➜ Explicit dependency on target 'React-rendererdebug' in project 'Pods'
        ➜ Explicit dependency on target 'React-runtimescheduler' in project 'Pods'
        ➜ Explicit dependency on target 'React-utils' in project 'Pods'
        ➜ Explicit dependency on target 'ReactCommon' in project 'Pods'
        ➜ Explicit dependency on target 'Yoga' in project 'Pods'
        ➜ Explicit dependency on target 'fast_float' in project 'Pods'
        ➜ Explicit dependency on target 'fmt' in project 'Pods'
        ➜ Explicit dependency on target 'glog' in project 'Pods'
        ➜ Explicit dependency on target 'hermes-engine' in project 'Pods'
    Target 'React-NativeModulesApple' in project 'Pods'
        ➜ Explicit dependency on target 'React-Core' in project 'Pods'
        ➜ Explicit dependency on target 'React-callinvoker' in project 'Pods'
        ➜ Explicit dependency on target 'React-cxxreact' in project 'Pods'
        ➜ Explicit dependency on target 'React-featureflags' in project 'Pods'
        ➜ Explicit dependency on target 'React-hermes' in project 'Pods'
        ➜ Explicit dependency on target 'React-jsi' in project 'Pods'
        ➜ Explicit dependency on target 'React-jsinspector' in project 'Pods'
        ➜ Explicit dependency on target 'React-runtimeexecutor' in project 'Pods'
        ➜ Explicit dependency on target 'ReactCommon' in project 'Pods'
        ➜ Explicit dependency on target 'glog' in project 'Pods'
        ➜ Explicit dependency on target 'hermes-engine' in project 'Pods'
    Target 'React-ImageManager' in project 'Pods'
        ➜ Explicit dependency on target 'RCT-Folly' in project 'Pods'
        ➜ Explicit dependency on target 'React-Core' in project 'Pods'
        ➜ Explicit dependency on target 'React-Fabric' in project 'Pods'
        ➜ Explicit dependency on target 'React-debug' in project 'Pods'
        ➜ Explicit dependency on target 'React-graphics' in project 'Pods'
        ➜ Explicit dependency on target 'React-rendererdebug' in project 'Pods'
        ➜ Explicit dependency on target 'React-utils' in project 'Pods'
        ➜ Explicit dependency on target 'glog' in project 'Pods'
    Target 'React-Fabric' in project 'Pods'
        ➜ Explicit dependency on target 'DoubleConversion' in project 'Pods'
        ➜ Explicit dependency on target 'RCT-Folly' in project 'Pods'
        ➜ Explicit dependency on target 'RCTRequired' in project 'Pods'
        ➜ Explicit dependency on target 'RCTTypeSafety' in project 'Pods'
        ➜ Explicit dependency on target 'React-Core' in project 'Pods'
        ➜ Explicit dependency on target 'React-cxxreact' in project 'Pods'
        ➜ Explicit dependency on target 'React-debug' in project 'Pods'
        ➜ Explicit dependency on target 'React-featureflags' in project 'Pods'
        ➜ Explicit dependency on target 'React-graphics' in project 'Pods'
        ➜ Explicit dependency on target 'React-hermes' in project 'Pods'
        ➜ Explicit dependency on target 'React-jsi' in project 'Pods'
        ➜ Explicit dependency on target 'React-jsiexecutor' in project 'Pods'
        ➜ Explicit dependency on target 'React-logger' in project 'Pods'
        ➜ Explicit dependency on target 'React-performancetimeline' in project 'Pods'
        ➜ Explicit dependency on target 'React-rendererconsistency' in project 'Pods'
        ➜ Explicit dependency on target 'React-renderercss' in project 'Pods'
        ➜ Explicit dependency on target 'React-rendererdebug' in project 'Pods'
        ➜ Explicit dependency on target 'React-runtimescheduler' in project 'Pods'
        ➜ Explicit dependency on target 'React-utils' in project 'Pods'
        ➜ Explicit dependency on target 'ReactCommon' in project 'Pods'
        ➜ Explicit dependency on target 'Yoga' in project 'Pods'
        ➜ Explicit dependency on target 'fast_float' in project 'Pods'
        ➜ Explicit dependency on target 'fmt' in project 'Pods'
        ➜ Explicit dependency on target 'glog' in project 'Pods'
        ➜ Explicit dependency on target 'hermes-engine' in project 'Pods'
    Target 'ReactCommon' in project 'Pods'
        ➜ Explicit dependency on target 'DoubleConversion' in project 'Pods'
        ➜ Explicit dependency on target 'RCT-Folly' in project 'Pods'
        ➜ Explicit dependency on target 'React-callinvoker' in project 'Pods'
        ➜ Explicit dependency on target 'React-cxxreact' in project 'Pods'
        ➜ Explicit dependency on target 'React-debug' in project 'Pods'
        ➜ Explicit dependency on target 'React-featureflags' in project 'Pods'
        ➜ Explicit dependency on target 'React-jsi' in project 'Pods'
        ➜ Explicit dependency on target 'React-logger' in project 'Pods'
        ➜ Explicit dependency on target 'React-perflogger' in project 'Pods'
        ➜ Explicit dependency on target 'React-utils' in project 'Pods'
        ➜ Explicit dependency on target 'fast_float' in project 'Pods'
        ➜ Explicit dependency on target 'fmt' in project 'Pods'
        ➜ Explicit dependency on target 'glog' in project 'Pods'
        ➜ Explicit dependency on target 'hermes-engine' in project 'Pods'
    Target 'React-renderercss' in project 'Pods'
        ➜ Explicit dependency on target 'React-debug' in project 'Pods'
        ➜ Explicit dependency on target 'React-utils' in project 'Pods'
    Target 'React-graphics' in project 'Pods'
        ➜ Explicit dependency on target 'DoubleConversion' in project 'Pods'
        ➜ Explicit dependency on target 'RCT-Folly' in project 'Pods'
        ➜ Explicit dependency on target 'React-hermes' in project 'Pods'
        ➜ Explicit dependency on target 'React-jsi' in project 'Pods'
        ➜ Explicit dependency on target 'React-jsiexecutor' in project 'Pods'
        ➜ Explicit dependency on target 'React-utils' in project 'Pods'
        ➜ Explicit dependency on target 'fast_float' in project 'Pods'
        ➜ Explicit dependency on target 'fmt' in project 'Pods'
        ➜ Explicit dependency on target 'glog' in project 'Pods'
        ➜ Explicit dependency on target 'hermes-engine' in project 'Pods'
    Target 'RCTTypeSafety' in project 'Pods'
        ➜ Explicit dependency on target 'FBLazyVector' in project 'Pods'
        ➜ Explicit dependency on target 'RCTRequired' in project 'Pods'
        ➜ Explicit dependency on target 'React-Core' in project 'Pods'
    Target 'React-Core' in project 'Pods'
        ➜ Explicit dependency on target 'RCT-Folly' in project 'Pods'
        ➜ Explicit dependency on target 'RCTDeprecation' in project 'Pods'
        ➜ Explicit dependency on target 'React-Core-React-Core_privacy' in project 'Pods'
        ➜ Explicit dependency on target 'React-cxxreact' in project 'Pods'
        ➜ Explicit dependency on target 'React-featureflags' in project 'Pods'
        ➜ Explicit dependency on target 'React-hermes' in project 'Pods'
        ➜ Explicit dependency on target 'React-jsi' in project 'Pods'
        ➜ Explicit dependency on target 'React-jsiexecutor' in project 'Pods'
        ➜ Explicit dependency on target 'React-jsinspector' in project 'Pods'
        ➜ Explicit dependency on target 'React-jsitooling' in project 'Pods'
        ➜ Explicit dependency on target 'React-perflogger' in project 'Pods'
        ➜ Explicit dependency on target 'React-runtimescheduler' in project 'Pods'
        ➜ Explicit dependency on target 'React-utils' in project 'Pods'
        ➜ Explicit dependency on target 'SocketRocket' in project 'Pods'
        ➜ Explicit dependency on target 'Yoga' in project 'Pods'
        ➜ Explicit dependency on target 'glog' in project 'Pods'
        ➜ Explicit dependency on target 'hermes-engine' in project 'Pods'
    Target 'Yoga' in project 'Pods' (no dependencies)
    Target 'SocketRocket' in project 'Pods' (no dependencies)
    Target 'React-runtimescheduler' in project 'Pods'
        ➜ Explicit dependency on target 'RCT-Folly' in project 'Pods'
        ➜ Explicit dependency on target 'React-callinvoker' in project 'Pods'
        ➜ Explicit dependency on target 'React-cxxreact' in project 'Pods'
        ➜ Explicit dependency on target 'React-debug' in project 'Pods'
        ➜ Explicit dependency on target 'React-featureflags' in project 'Pods'
        ➜ Explicit dependency on target 'React-hermes' in project 'Pods'
        ➜ Explicit dependency on target 'React-jsi' in project 'Pods'
        ➜ Explicit dependency on target 'React-jsinspectortracing' in project 'Pods'
        ➜ Explicit dependency on target 'React-performancetimeline' in project 'Pods'
        ➜ Explicit dependency on target 'React-rendererconsistency' in project 'Pods'
        ➜ Explicit dependency on target 'React-rendererdebug' in project 'Pods'
        ➜ Explicit dependency on target 'React-runtimeexecutor' in project 'Pods'
        ➜ Explicit dependency on target 'React-timing' in project 'Pods'
        ➜ Explicit dependency on target 'React-utils' in project 'Pods'
        ➜ Explicit dependency on target 'glog' in project 'Pods'
        ➜ Explicit dependency on target 'hermes-engine' in project 'Pods'
    Target 'React-utils' in project 'Pods'
        ➜ Explicit dependency on target 'RCT-Folly' in project 'Pods'
        ➜ Explicit dependency on target 'React-debug' in project 'Pods'
        ➜ Explicit dependency on target 'React-hermes' in project 'Pods'
        ➜ Explicit dependency on target 'React-jsi' in project 'Pods'
        ➜ Explicit dependency on target 'glog' in project 'Pods'
        ➜ Explicit dependency on target 'hermes-engine' in project 'Pods'
    Target 'React-rendererdebug' in project 'Pods'
        ➜ Explicit dependency on target 'DoubleConversion' in project 'Pods'
        ➜ Explicit dependency on target 'RCT-Folly' in project 'Pods'
        ➜ Explicit dependency on target 'React-debug' in project 'Pods'
        ➜ Explicit dependency on target 'fast_float' in project 'Pods'
        ➜ Explicit dependency on target 'fmt' in project 'Pods'
    Target 'React-rendererconsistency' in project 'Pods' (no dependencies)
    Target 'React-performancetimeline' in project 'Pods'
        ➜ Explicit dependency on target 'RCT-Folly' in project 'Pods'
        ➜ Explicit dependency on target 'React-cxxreact' in project 'Pods'
        ➜ Explicit dependency on target 'React-featureflags' in project 'Pods'
        ➜ Explicit dependency on target 'React-jsinspectortracing' in project 'Pods'
        ➜ Explicit dependency on target 'React-perflogger' in project 'Pods'
        ➜ Explicit dependency on target 'React-timing' in project 'Pods'
    Target 'React-jsitooling' in project 'Pods'
        ➜ Explicit dependency on target 'DoubleConversion' in project 'Pods'
        ➜ Explicit dependency on target 'RCT-Folly' in project 'Pods'
        ➜ Explicit dependency on target 'React-cxxreact' in project 'Pods'
        ➜ Explicit dependency on target 'React-jsi' in project 'Pods'
        ➜ Explicit dependency on target 'React-jsinspector' in project 'Pods'
        ➜ Explicit dependency on target 'React-jsinspectortracing' in project 'Pods'
        ➜ Explicit dependency on target 'fast_float' in project 'Pods'
        ➜ Explicit dependency on target 'fmt' in project 'Pods'
        ➜ Explicit dependency on target 'glog' in project 'Pods'
    Target 'React-hermes' in project 'Pods'
        ➜ Explicit dependency on target 'DoubleConversion' in project 'Pods'
        ➜ Explicit dependency on target 'RCT-Folly' in project 'Pods'
        ➜ Explicit dependency on target 'React-cxxreact' in project 'Pods'
        ➜ Explicit dependency on target 'React-jsi' in project 'Pods'
        ➜ Explicit dependency on target 'React-jsiexecutor' in project 'Pods'
        ➜ Explicit dependency on target 'React-jsinspector' in project 'Pods'
        ➜ Explicit dependency on target 'React-jsinspectortracing' in project 'Pods'
        ➜ Explicit dependency on target 'React-perflogger' in project 'Pods'
        ➜ Explicit dependency on target 'React-runtimeexecutor' in project 'Pods'
        ➜ Explicit dependency on target 'fast_float' in project 'Pods'
        ➜ Explicit dependency on target 'fmt' in project 'Pods'
        ➜ Explicit dependency on target 'glog' in project 'Pods'
        ➜ Explicit dependency on target 'hermes-engine' in project 'Pods'
    Target 'React-jsiexecutor' in project 'Pods'
        ➜ Explicit dependency on target 'DoubleConversion' in project 'Pods'
        ➜ Explicit dependency on target 'RCT-Folly' in project 'Pods'
        ➜ Explicit dependency on target 'React-cxxreact' in project 'Pods'
        ➜ Explicit dependency on target 'React-jsi' in project 'Pods'
        ➜ Explicit dependency on target 'React-jsinspector' in project 'Pods'
        ➜ Explicit dependency on target 'React-jsinspectortracing' in project 'Pods'
        ➜ Explicit dependency on target 'React-perflogger' in project 'Pods'
        ➜ Explicit dependency on target 'fast_float' in project 'Pods'
        ➜ Explicit dependency on target 'fmt' in project 'Pods'
        ➜ Explicit dependency on target 'glog' in project 'Pods'
        ➜ Explicit dependency on target 'hermes-engine' in project 'Pods'
    Target 'React-cxxreact' in project 'Pods'
        ➜ Explicit dependency on target 'DoubleConversion' in project 'Pods'
        ➜ Explicit dependency on target 'RCT-Folly' in project 'Pods'
        ➜ Explicit dependency on target 'React-callinvoker' in project 'Pods'
        ➜ Explicit dependency on target 'React-cxxreact-React-cxxreact_privacy' in project 'Pods'
        ➜ Explicit dependency on target 'React-debug' in project 'Pods'
        ➜ Explicit dependency on target 'React-jsi' in project 'Pods'
        ➜ Explicit dependency on target 'React-jsinspector' in project 'Pods'
        ➜ Explicit dependency on target 'React-jsinspectortracing' in project 'Pods'
        ➜ Explicit dependency on target 'React-logger' in project 'Pods'
        ➜ Explicit dependency on target 'React-perflogger' in project 'Pods'
        ➜ Explicit dependency on target 'React-runtimeexecutor' in project 'Pods'
        ➜ Explicit dependency on target 'React-timing' in project 'Pods'
        ➜ Explicit dependency on target 'boost' in project 'Pods'
        ➜ Explicit dependency on target 'fast_float' in project 'Pods'
        ➜ Explicit dependency on target 'fmt' in project 'Pods'
        ➜ Explicit dependency on target 'glog' in project 'Pods'
        ➜ Explicit dependency on target 'hermes-engine' in project 'Pods'
    Target 'React-timing' in project 'Pods' (no dependencies)
    Target 'React-logger' in project 'Pods'
        ➜ Explicit dependency on target 'glog' in project 'Pods'
    Target 'React-jsinspector' in project 'Pods'
        ➜ Explicit dependency on target 'DoubleConversion' in project 'Pods'
        ➜ Explicit dependency on target 'RCT-Folly' in project 'Pods'
        ➜ Explicit dependency on target 'React-featureflags' in project 'Pods'
        ➜ Explicit dependency on target 'React-jsi' in project 'Pods'
        ➜ Explicit dependency on target 'React-jsinspectortracing' in project 'Pods'
        ➜ Explicit dependency on target 'React-perflogger' in project 'Pods'
        ➜ Explicit dependency on target 'React-runtimeexecutor' in project 'Pods'
        ➜ Explicit dependency on target 'glog' in project 'Pods'
        ➜ Explicit dependency on target 'hermes-engine' in project 'Pods'
    Target 'React-runtimeexecutor' in project 'Pods'
        ➜ Explicit dependency on target 'React-jsi' in project 'Pods'
    Target 'React-perflogger' in project 'Pods'
        ➜ Explicit dependency on target 'DoubleConversion' in project 'Pods'
        ➜ Explicit dependency on target 'RCT-Folly' in project 'Pods'
    Target 'React-jsinspectortracing' in project 'Pods'
        ➜ Explicit dependency on target 'RCT-Folly' in project 'Pods'
        ➜ Explicit dependency on target 'React-oscompat' in project 'Pods'
    Target 'React-oscompat' in project 'Pods' (no dependencies)
    Target 'React-featureflags' in project 'Pods'
        ➜ Explicit dependency on target 'RCT-Folly' in project 'Pods'
    Target 'React-jsi' in project 'Pods'
        ➜ Explicit dependency on target 'DoubleConversion' in project 'Pods'
        ➜ Explicit dependency on target 'RCT-Folly' in project 'Pods'
        ➜ Explicit dependency on target 'boost' in project 'Pods'
        ➜ Explicit dependency on target 'fast_float' in project 'Pods'
        ➜ Explicit dependency on target 'fmt' in project 'Pods'
        ➜ Explicit dependency on target 'glog' in project 'Pods'
        ➜ Explicit dependency on target 'hermes-engine' in project 'Pods'
    Target 'hermes-engine' in project 'Pods' (no dependencies)
    Target 'React-debug' in project 'Pods' (no dependencies)
    Target 'React-cxxreact-React-cxxreact_privacy' in project 'Pods' (no dependencies)
    Target 'React-callinvoker' in project 'Pods' (no dependencies)
    Target 'React-Core-React-Core_privacy' in project 'Pods' (no dependencies)
    Target 'RCTDeprecation' in project 'Pods' (no dependencies)
    Target 'FBLazyVector' in project 'Pods' (no dependencies)
    Target 'RCTRequired' in project 'Pods' (no dependencies)
    Target 'RCT-Folly' in project 'Pods'
        ➜ Explicit dependency on target 'DoubleConversion' in project 'Pods'
        ➜ Explicit dependency on target 'RCT-Folly-RCT-Folly_privacy' in project 'Pods'
        ➜ Explicit dependency on target 'boost' in project 'Pods'
        ➜ Explicit dependency on target 'fast_float' in project 'Pods'
        ➜ Explicit dependency on target 'fmt' in project 'Pods'
        ➜ Explicit dependency on target 'glog' in project 'Pods'
    Target 'glog' in project 'Pods'
        ➜ Explicit dependency on target 'glog-glog_privacy' in project 'Pods'
    Target 'glog-glog_privacy' in project 'Pods' (no dependencies)
    Target 'fmt' in project 'Pods' (no dependencies)
    Target 'fast_float' in project 'Pods' (no dependencies)
    Target 'boost' in project 'Pods'
        ➜ Explicit dependency on target 'boost-boost_privacy' in project 'Pods'
    Target 'boost-boost_privacy' in project 'Pods' (no dependencies)
    Target 'RCT-Folly-RCT-Folly_privacy' in project 'Pods' (no dependencies)
    Target 'DoubleConversion' in project 'Pods' (no dependencies)

GatherProvisioningInputs

CreateBuildDescription

ExecuteExternalTool /Applications/Xcode.app/Contents/Developer/Toolchains/XcodeDefault.xctoolchain/usr/bin/clang -v -E -dM -arch x86_64 -isysroot /Applications/Xcode.app/Contents/Developer/Platforms/iPhoneSimulator.platform/Developer/SDKs/iPhoneSimulator26.0.sdk -x c++ -c /dev/null

ExecuteExternalTool /Applications/Xcode.app/Contents/Developer/Toolchains/XcodeDefault.xctoolchain/usr/bin/clang -v -E -dM -arch x86_64 -isysroot /Applications/Xcode.app/Contents/Developer/Platforms/iPhoneSimulator.platform/Developer/SDKs/iPhoneSimulator26.0.sdk -x objective-c -c /dev/null

ExecuteExternalTool /Applications/Xcode.app/Contents/Developer/Toolchains/XcodeDefault.xctoolchain/usr/bin/clang -v -E -dM -isysroot /Applications/Xcode.app/Contents/Developer/Platforms/iPhoneSimulator.platform/Developer/SDKs/iPhoneSimulator26.0.sdk -x c -c /dev/null

ExecuteExternalTool /Applications/Xcode.app/Contents/Developer/Toolchains/XcodeDefault.xctoolchain/usr/bin/clang -v -E -dM -arch x86_64 -isysroot /Applications/Xcode.app/Contents/Developer/Platforms/iPhoneSimulator.platform/Developer/SDKs/iPhoneSimulator26.0.sdk -x c -c /dev/null

ExecuteExternalTool /Applications/Xcode.app/Contents/Developer/Toolchains/XcodeDefault.xctoolchain/usr/bin/clang -v -E -dM -arch x86_64 -isysroot /Applications/Xcode.app/Contents/Developer/Platforms/iPhoneSimulator.platform/Developer/SDKs/iPhoneSimulator26.0.sdk -x objective-c++ -c /dev/null

ExecuteExternalTool /Applications/Xcode.app/Contents/Developer/Toolchains/XcodeDefault.xctoolchain/usr/bin/libtool -V

ExecuteExternalTool /Applications/Xcode.app/Contents/Developer/Toolchains/XcodeDefault.xctoolchain/usr/bin/swiftc --version

ExecuteExternalTool /Applications/Xcode.app/Contents/Developer/usr/bin/actool --version --output-format xml1

ExecuteExternalTool /Applications/Xcode.app/Contents/Developer/Toolchains/XcodeDefault.xctoolchain/usr/bin/clang -v -E -dM -arch x86_64 -isysroot /Applications/Xcode.app/Contents/Developer/Platforms/iPhoneSimulator.platform/Developer/SDKs/iPhoneSimulator26.0.sdk -x assembler-with-cpp -c /dev/null

ExecuteExternalTool /Applications/Xcode.app/Contents/Developer/usr/bin/ibtool --version --output-format xml1

ExecuteExternalTool /Applications/Xcode.app/Contents/Developer/usr/bin/actool --print-asset-tag-combinations --output-format xml1 /Users/nathannovak/Development/Apps/StraboSpot2/ios/StraboSpot2/Images.xcassets

ExecuteExternalTool /Applications/Xcode.app/Contents/Developer/Toolchains/XcodeDefault.xctoolchain/usr/bin/ld -version_details

Build description signature: b7d26fd997702c80d61c6f7e9154b514
Build description path: /Users/nathannovak/Library/Developer/Xcode/DerivedData/StraboSpot2-gztieqkdzpsbarfnoxqpkwxgfcqj/Build/Intermediates.noindex/XCBuildData/b7d26fd997702c80d61c6f7e9154b514.xcbuilddata
ClangStatCache /Applications/Xcode.app/Contents/Developer/Toolchains/XcodeDefault.xctoolchain/usr/bin/clang-stat-cache /Applications/Xcode.app/Contents/Developer/Platforms/iPhoneSimulator.platform/Developer/SDKs/iPhoneSimulator26.0.sdk /Users/nathannovak/Library/Developer/Xcode/DerivedData/SDKStatCaches.noindex/iphonesimulator26.0-23A339-26257891a6c027eb51374368541b8346.sdkstatcache
    cd /Users/nathannovak/Development/Apps/StraboSpot2/ios
    /Applications/Xcode.app/Contents/Developer/Toolchains/XcodeDefault.xctoolchain/usr/bin/clang-stat-cache /Applications/Xcode.app/Contents/Developer/Platforms/iPhoneSimulator.platform/Developer/SDKs/iPhoneSimulator26.0.sdk -o /Users/nathannovak/Library/Developer/Xcode/DerivedData/SDKStatCaches.noindex/iphonesimulator26.0-23A339-26257891a6c027eb51374368541b8346.sdkstatcache

warning: Run script build phase '[CP-User] [Hermes] Replace Hermes for the right configuration, if needed' will be run during every build because it does not specify any outputs. To address this issue, either add output dependencies to the script phase, or configure it to run in every build by unchecking "Based on dependency analysis" in the script phase. (in target 'hermes-engine' from project 'Pods')
PhaseScriptExecution [CP-User]\ [Hermes]\ Replace\ Hermes\ for\ the\ right\ configuration,\ if\ needed /Users/nathannovak/Library/Developer/Xcode/DerivedData/StraboSpot2-gztieqkdzpsbarfnoxqpkwxgfcqj/Build/Intermediates.noindex/Pods.build/Debug-iphonesimulator/hermes-engine.build/Script-46EB2E000361E0.sh (in target 'hermes-engine' from project 'Pods')
    cd /Users/nathannovak/Development/Apps/StraboSpot2/ios/Pods
    export ACTION\=build
    export AD_HOC_CODE_SIGNING_ALLOWED\=YES
    export ALLOW_BUILD_REQUEST_OVERRIDES\=NO
    export ALLOW_TARGET_PLATFORM_SPECIALIZATION\=NO
    export ALTERNATE_GROUP\=staff
    export ALTERNATE_MODE\=u+w,go-w,a+rX
    export ALTERNATE_OWNER\=nathannovak
    export ALTERNATIVE_DISTRIBUTION_WEB\=NO
    export ALWAYS_EMBED_SWIFT_STANDARD_LIBRARIES\=NO
    export ALWAYS_SEARCH_USER_PATHS\=NO
    export ALWAYS_USE_SEPARATE_HEADERMAPS\=NO
    export ANDROID_DEPLOYMENT_TARGET\=21.0
    export APPLICATION_EXTENSION_API_ONLY\=NO
    export APPLY_RULES_IN_COPY_FILES\=NO
    export APPLY_RULES_IN_COPY_HEADERS\=NO
    export APP_SHORTCUTS_ENABLE_FLEXIBLE_MATCHING\=YES
    export ARCHS\=x86_64
    export ARCHS_STANDARD\=arm64\ x86_64
    export ARCHS_STANDARD_32_64_BIT\=arm64\ x86_64
    export ARCHS_STANDARD_64_BIT\=arm64\ x86_64
    export ARCHS_STANDARD_INCLUDING_64_BIT\=arm64\ x86_64
    export ARCHS_UNIVERSAL_IPHONE_OS\=arm64\ x86_64
    export ASSETCATALOG_COMPILER_APPICON_NAME\=AppIcon
    export ASSETCATALOG_COMPILER_GLOBAL_ACCENT_COLOR_NAME\=AccentColor
    export ASSETCATALOG_FILTER_FOR_DEVICE_MODEL\=iPad14,3-A
    export ASSETCATALOG_FILTER_FOR_DEVICE_OS_VERSION\=18.0
    export ASSETCATALOG_FILTER_FOR_THINNING_DEVICE_CONFIGURATION\=iPad14,3-A
    export AUTOMATICALLY_MERGE_DEPENDENCIES\=NO
    export AUTOMATION_APPLE_EVENTS\=NO
    export AVAILABLE_PLATFORMS\=android\ appletvos\ appletvsimulator\ driverkit\ iphoneos\ iphonesimulator\ macosx\ qnx\ watchos\ watchsimulator\ webassembly\ xros\ xrsimulator
    export BUILD_ACTIVE_RESOURCES_ONLY\=YES
    export BUILD_COMPONENTS\=headers\ build
    export BUILD_DIR\=/Users/nathannovak/Library/Developer/Xcode/DerivedData/StraboSpot2-gztieqkdzpsbarfnoxqpkwxgfcqj/Build/Products
    export BUILD_LIBRARY_FOR_DISTRIBUTION\=NO
    export BUILD_ROOT\=/Users/nathannovak/Library/Developer/Xcode/DerivedData/StraboSpot2-gztieqkdzpsbarfnoxqpkwxgfcqj/Build/Products
    export BUILD_STYLE\=
    export BUILD_VARIANTS\=normal
    export BUILT_PRODUCTS_DIR\=/Users/nathannovak/Library/Developer/Xcode/DerivedData/StraboSpot2-gztieqkdzpsbarfnoxqpkwxgfcqj/Build/Products/Debug-iphonesimulator/hermes-engine
    export BUNDLE_CONTENTS_FOLDER_PATH_deep\=Contents/
    export BUNDLE_EXECUTABLE_FOLDER_NAME_deep\=MacOS
    export BUNDLE_EXTENSIONS_FOLDER_PATH\=Extensions
    export BUNDLE_FORMAT\=shallow
    export BUNDLE_FRAMEWORKS_FOLDER_PATH\=Frameworks
    export BUNDLE_PLUGINS_FOLDER_PATH\=PlugIns
    export BUNDLE_PRIVATE_HEADERS_FOLDER_PATH\=PrivateHeaders
    export BUNDLE_PUBLIC_HEADERS_FOLDER_PATH\=Headers
    export CACHE_ROOT\=/var/folders/pj/76qzdyzd0077fjwvf34jpht00000gn/C/com.apple.DeveloperTools/26.0.1-17A400/Xcode
    export CCHROOT\=/var/folders/pj/76qzdyzd0077fjwvf34jpht00000gn/C/com.apple.DeveloperTools/26.0.1-17A400/Xcode
    export CHMOD\=/bin/chmod
    export CHOWN\=/usr/sbin/chown
    export CLANG_ANALYZER_LOCALIZABILITY_NONLOCALIZED\=YES
    export CLANG_ANALYZER_NONNULL\=YES
    export CLANG_ANALYZER_NUMBER_OBJECT_CONVERSION\=YES_AGGRESSIVE
    export CLANG_CACHE_FINE_GRAINED_OUTPUTS\=YES
    export CLANG_CXX_LANGUAGE_STANDARD\=c++20
    export CLANG_CXX_LIBRARY\=compiler-default
    export CLANG_ENABLE_EXPLICIT_MODULES\=YES
    export CLANG_ENABLE_MODULES\=YES
    export CLANG_ENABLE_OBJC_ARC\=YES
    export CLANG_ENABLE_OBJC_WEAK\=NO
    export CLANG_MODULES_BUILD_SESSION_FILE\=/Users/nathannovak/Library/Developer/Xcode/DerivedData/ModuleCache.noindex/Session.modulevalidation
    export CLANG_WARN_BLOCK_CAPTURE_AUTORELEASING\=YES
    export CLANG_WARN_BOOL_CONVERSION\=YES
    export CLANG_WARN_COMMA\=YES
    export CLANG_WARN_CONSTANT_CONVERSION\=YES
    export CLANG_WARN_DEPRECATED_OBJC_IMPLEMENTATIONS\=YES
    export CLANG_WARN_DIRECT_OBJC_ISA_USAGE\=YES_ERROR
    export CLANG_WARN_DOCUMENTATION_COMMENTS\=YES
    export CLANG_WARN_EMPTY_BODY\=YES
    export CLANG_WARN_ENUM_CONVERSION\=YES
    export CLANG_WARN_INFINITE_RECURSION\=YES
    export CLANG_WARN_INT_CONVERSION\=YES
    export CLANG_WARN_NON_LITERAL_NULL_CONVERSION\=YES
    export CLANG_WARN_OBJC_IMPLICIT_RETAIN_SELF\=YES
    export CLANG_WARN_OBJC_LITERAL_CONVERSION\=YES
    export CLANG_WARN_OBJC_ROOT_CLASS\=YES_ERROR
    export CLANG_WARN_QUOTED_INCLUDE_IN_FRAMEWORK_HEADER\=NO
    export CLANG_WARN_RANGE_LOOP_ANALYSIS\=YES
    export CLANG_WARN_STRICT_PROTOTYPES\=YES
    export CLANG_WARN_SUSPICIOUS_MOVE\=YES
    export CLANG_WARN_UNGUARDED_AVAILABILITY\=YES_AGGRESSIVE
    export CLANG_WARN_UNREACHABLE_CODE\=YES
    export CLANG_WARN__DUPLICATE_METHOD_MATCH\=YES
    export CLASS_FILE_DIR\=/Users/nathannovak/Library/Developer/Xcode/DerivedData/StraboSpot2-gztieqkdzpsbarfnoxqpkwxgfcqj/Build/Intermediates.noindex/Pods.build/Debug-iphonesimulator/hermes-engine.build/JavaClasses
    export CLEAN_PRECOMPS\=YES
    export CLONE_HEADERS\=NO
    export CODESIGNING_FOLDER_PATH\=/Users/nathannovak/Library/Developer/Xcode/DerivedData/StraboSpot2-gztieqkdzpsbarfnoxqpkwxgfcqj/Build/Products/Debug-iphonesimulator/hermes-engine/
    export CODE_SIGNING_ALLOWED\=NO
    export CODE_SIGNING_REQUIRED\=YES
    export CODE_SIGN_CONTEXT_CLASS\=XCiPhoneSimulatorCodeSignContext
    export CODE_SIGN_IDENTITY\=-
    export CODE_SIGN_INJECT_BASE_ENTITLEMENTS\=YES
    export COLOR_DIAGNOSTICS\=NO
    export COMBINE_HIDPI_IMAGES\=NO
    export COMPILATION_CACHE_CAS_PATH\=/Users/nathannovak/Library/Developer/Xcode/DerivedData/CompilationCache.noindex
    export COMPILATION_CACHE_KEEP_CAS_DIRECTORY\=YES
    export COMPILER_INDEX_STORE_ENABLE\=Default
    export COMPOSITE_SDK_DIRS\=/Users/nathannovak/Library/Developer/Xcode/DerivedData/StraboSpot2-gztieqkdzpsbarfnoxqpkwxgfcqj/Build/Intermediates.noindex/CompositeSDKs
    export COMPRESS_PNG_FILES\=YES
    export CONFIGURATION\=Debug
    export CONFIGURATION_BUILD_DIR\=/Users/nathannovak/Library/Developer/Xcode/DerivedData/StraboSpot2-gztieqkdzpsbarfnoxqpkwxgfcqj/Build/Products/Debug-iphonesimulator/hermes-engine
    export CONFIGURATION_TEMP_DIR\=/Users/nathannovak/Library/Developer/Xcode/DerivedData/StraboSpot2-gztieqkdzpsbarfnoxqpkwxgfcqj/Build/Intermediates.noindex/Pods.build/Debug-iphonesimulator
    export COPYING_PRESERVES_HFS_DATA\=NO
    export COPY_HEADERS_RUN_UNIFDEF\=NO
    export COPY_PHASE_STRIP\=NO
    export CORRESPONDING_DEVICE_PLATFORM_DIR\=/Applications/Xcode.app/Contents/Developer/Platforms/iPhoneOS.platform
    export CORRESPONDING_DEVICE_PLATFORM_NAME\=iphoneos
    export CORRESPONDING_DEVICE_SDK_DIR\=/Applications/Xcode.app/Contents/Developer/Platforms/iPhoneOS.platform/Developer/SDKs/iPhoneOS26.0.sdk
    export CORRESPONDING_DEVICE_SDK_NAME\=iphoneos26.0
    export CP\=/bin/cp
    export CREATE_INFOPLIST_SECTION_IN_BINARY\=NO
    export CURRENT_ARCH\=undefined_arch
    export CURRENT_VARIANT\=normal
    export DEAD_CODE_STRIPPING\=YES
    export DEBUGGING_SYMBOLS\=YES
    export DEBUG_INFORMATION_FORMAT\=dwarf
    export DEBUG_INFORMATION_VERSION\=compiler-default
    export DEFAULT_COMPILER\=com.apple.compilers.llvm.clang.1_0
    export DEFAULT_DEXT_INSTALL_PATH\=/System/Library/DriverExtensions
    export DEFAULT_KEXT_INSTALL_PATH\=/System/Library/Extensions
    export DEFINES_MODULE\=NO
    export DEPLOYMENT_LOCATION\=NO
    export DEPLOYMENT_POSTPROCESSING\=NO
    export DEPLOYMENT_TARGET_SETTING_NAME\=IPHONEOS_DEPLOYMENT_TARGET
    export DEPLOYMENT_TARGET_SUGGESTED_VALUES\=12.0\ 12.1\ 12.2\ 12.3\ 12.4\ 13.0\ 13.1\ 13.2\ 13.3\ 13.4\ 13.5\ 13.6\ 14.0\ 14.1\ 14.2\ 14.3\ 14.4\ 14.5\ 14.6\ 14.7\ 15.0\ 15.1\ 15.2\ 15.3\ 15.4\ 15.5\ 15.6\ 16.0\ 16.1\ 16.2\ 16.3\ 16.4\ 16.5\ 16.6\ 17.0\ 17.1\ 17.2\ 17.3\ 17.4\ 17.5\ 17.6\ 18.0\ 18.1\ 18.2\ 18.3\ 18.4\ 18.5\ 18.6\ 26.0
    export DERIVED_FILES_DIR\=/Users/nathannovak/Library/Developer/Xcode/DerivedData/StraboSpot2-gztieqkdzpsbarfnoxqpkwxgfcqj/Build/Intermediates.noindex/Pods.build/Debug-iphonesimulator/hermes-engine.build/DerivedSources
    export DERIVED_FILE_DIR\=/Users/nathannovak/Library/Developer/Xcode/DerivedData/StraboSpot2-gztieqkdzpsbarfnoxqpkwxgfcqj/Build/Intermediates.noindex/Pods.build/Debug-iphonesimulator/hermes-engine.build/DerivedSources
    export DERIVED_SOURCES_DIR\=/Users/nathannovak/Library/Developer/Xcode/DerivedData/StraboSpot2-gztieqkdzpsbarfnoxqpkwxgfcqj/Build/Intermediates.noindex/Pods.build/Debug-iphonesimulator/hermes-engine.build/DerivedSources
    export DEVELOPER_APPLICATIONS_DIR\=/Applications/Xcode.app/Contents/Developer/Applications
    export DEVELOPER_BIN_DIR\=/Applications/Xcode.app/Contents/Developer/usr/bin
    export DEVELOPER_DIR\=/Applications/Xcode.app/Contents/Developer
    export DEVELOPER_FRAMEWORKS_DIR\=/Applications/Xcode.app/Contents/Developer/Library/Frameworks
    export DEVELOPER_FRAMEWORKS_DIR_QUOTED\=/Applications/Xcode.app/Contents/Developer/Library/Frameworks
    export DEVELOPER_LIBRARY_DIR\=/Applications/Xcode.app/Contents/Developer/Library
    export DEVELOPER_SDK_DIR\=/Applications/Xcode.app/Contents/Developer/Platforms/MacOSX.platform/Developer/SDKs
    export DEVELOPER_TOOLS_DIR\=/Applications/Xcode.app/Contents/Developer/Tools
    export DEVELOPER_USR_DIR\=/Applications/Xcode.app/Contents/Developer/usr
    export DEVELOPMENT_LANGUAGE\=en
    export DIAGNOSE_MISSING_TARGET_DEPENDENCIES\=YES
    export DIFF\=/usr/bin/diff
    export DONT_GENERATE_INFOPLIST_FILE\=NO
    export DSTROOT\=/tmp/Pods.dst
    export DT_TOOLCHAIN_DIR\=/Applications/Xcode.app/Contents/Developer/Toolchains/XcodeDefault.xctoolchain
    export DWARF_DSYM_FILE_NAME\=.dSYM
    export DWARF_DSYM_FILE_SHOULD_ACCOMPANY_PRODUCT\=NO
    export DWARF_DSYM_FOLDER_PATH\=/Users/nathannovak/Library/Developer/Xcode/DerivedData/StraboSpot2-gztieqkdzpsbarfnoxqpkwxgfcqj/Build/Products/Debug-iphonesimulator/hermes-engine
    export DYNAMIC_LIBRARY_EXTENSION\=dylib
    export EAGER_COMPILATION_ALLOW_SCRIPTS\=NO
    export EAGER_LINKING\=NO
    export EFFECTIVE_PLATFORM_NAME\=-iphonesimulator
    export EMBEDDED_CONTENT_CONTAINS_SWIFT\=NO
    export EMBED_ASSET_PACKS_IN_PRODUCT_BUNDLE\=NO
    export ENABLE_APP_SANDBOX\=NO
    export ENABLE_CODE_COVERAGE\=YES
    export ENABLE_CPLUSPLUS_BOUNDS_SAFE_BUFFERS\=NO
    export ENABLE_C_BOUNDS_SAFETY\=NO
    export ENABLE_DEFAULT_HEADER_SEARCH_PATHS\=YES
    export ENABLE_DEFAULT_SEARCH_PATHS\=YES
    export ENABLE_ENHANCED_SECURITY\=NO
    export ENABLE_HARDENED_RUNTIME\=NO
    export ENABLE_HEADER_DEPENDENCIES\=YES
    export ENABLE_INCOMING_NETWORK_CONNECTIONS\=NO
    export ENABLE_ON_DEMAND_RESOURCES\=NO
    export ENABLE_OUTGOING_NETWORK_CONNECTIONS\=NO
    export ENABLE_POINTER_AUTHENTICATION\=NO
    export ENABLE_PREVIEWS\=NO
    export ENABLE_RESOURCE_ACCESS_AUDIO_INPUT\=NO
    export ENABLE_RESOURCE_ACCESS_BLUETOOTH\=NO
    export ENABLE_RESOURCE_ACCESS_CALENDARS\=NO
    export ENABLE_RESOURCE_ACCESS_CAMERA\=NO
    export ENABLE_RESOURCE_ACCESS_CONTACTS\=NO
    export ENABLE_RESOURCE_ACCESS_LOCATION\=NO
    export ENABLE_RESOURCE_ACCESS_PHOTO_LIBRARY\=NO
    export ENABLE_RESOURCE_ACCESS_PRINTING\=NO
    export ENABLE_RESOURCE_ACCESS_USB\=NO
    export ENABLE_SDK_IMPORTS\=NO
    export ENABLE_SECURITY_COMPILER_WARNINGS\=NO
    export ENABLE_STRICT_OBJC_MSGSEND\=YES
    export ENABLE_TESTABILITY\=YES
    export ENABLE_TESTING_SEARCH_PATHS\=NO
    export ENABLE_USER_SCRIPT_SANDBOXING\=NO
    export ENABLE_XOJIT_PREVIEWS\=YES
    export ENFORCE_VALID_ARCHS\=YES
    export ENTITLEMENTS_DESTINATION\=__entitlements
    export ENTITLEMENTS_REQUIRED\=YES
    export EXCLUDED_INSTALLSRC_SUBDIRECTORY_PATTERNS\=.DS_Store\ .svn\ .git\ .hg\ CVS
    export EXCLUDED_RECURSIVE_SEARCH_PATH_SUBDIRECTORIES\=\*.nib\ \*.lproj\ \*.framework\ \*.gch\ \*.xcode\*\ \*.xcassets\ \*.icon\ \(\*\)\ .DS_Store\ CVS\ .svn\ .git\ .hg\ \*.pbproj\ \*.pbxproj
    export FILE_LIST\=/Users/nathannovak/Library/Developer/Xcode/DerivedData/StraboSpot2-gztieqkdzpsbarfnoxqpkwxgfcqj/Build/Intermediates.noindex/Pods.build/Debug-iphonesimulator/hermes-engine.build/Objects/LinkFileList
    export FIXED_FILES_DIR\=/Users/nathannovak/Library/Developer/Xcode/DerivedData/StraboSpot2-gztieqkdzpsbarfnoxqpkwxgfcqj/Build/Intermediates.noindex/Pods.build/Debug-iphonesimulator/hermes-engine.build/FixedFiles
    export FRAMEWORK_SEARCH_PATHS\=\ \"/Users/nathannovak/Development/Apps/StraboSpot2/ios/Pods/hermes-engine/destroot/Library/Frameworks/universal\"\ \"/Users/nathannovak/Library/Developer/Xcode/DerivedData/StraboSpot2-gztieqkdzpsbarfnoxqpkwxgfcqj/Build/Products/Debug-iphonesimulator/XCFrameworkIntermediates/hermes-engine/Pre-built\"
    export FRAMEWORK_VERSION\=A
    export FUSE_BUILD_PHASES\=YES
    export FUSE_BUILD_SCRIPT_PHASES\=NO
    export GCC3_VERSION\=3.3
    export GCC_C_LANGUAGE_STANDARD\=gnu11
    export GCC_DYNAMIC_NO_PIC\=NO
    export GCC_NO_COMMON_BLOCKS\=YES
    export GCC_OBJC_LEGACY_DISPATCH\=YES
    export GCC_OPTIMIZATION_LEVEL\=0
    export GCC_PFE_FILE_C_DIALECTS\=c\ objective-c\ c++\ objective-c++
    export GCC_PREPROCESSOR_DEFINITIONS\=POD_CONFIGURATION_DEBUG\=1\ DEBUG\=1\ \ COCOAPODS\=1\ HERMES_ENABLE_DEBUGGER\=1
    export GCC_TREAT_WARNINGS_AS_ERRORS\=NO
    export GCC_VERSION\=com.apple.compilers.llvm.clang.1_0
    export GCC_VERSION_IDENTIFIER\=com_apple_compilers_llvm_clang_1_0
    export GCC_WARN_64_TO_32_BIT_CONVERSION\=YES
    export GCC_WARN_ABOUT_RETURN_TYPE\=YES_ERROR
    export GCC_WARN_INHIBIT_ALL_WARNINGS\=YES
    export GCC_WARN_UNDECLARED_SELECTOR\=YES
    export GCC_WARN_UNINITIALIZED_AUTOS\=YES_AGGRESSIVE
    export GCC_WARN_UNUSED_FUNCTION\=YES
    export GCC_WARN_UNUSED_VARIABLE\=YES
    export GENERATED_MODULEMAP_DIR\=/Users/nathannovak/Library/Developer/Xcode/DerivedData/StraboSpot2-gztieqkdzpsbarfnoxqpkwxgfcqj/Build/Intermediates.noindex/GeneratedModuleMaps-iphonesimulator
    export GENERATE_INFOPLIST_FILE\=NO
    export GENERATE_INTERMEDIATE_TEXT_BASED_STUBS\=YES
    export GENERATE_PKGINFO_FILE\=NO
    export GENERATE_PRELINK_OBJECT_FILE\=NO
    export GENERATE_PROFILING_CODE\=NO
    export GENERATE_TEXT_BASED_STUBS\=NO
    export GID\=20
    export GROUP\=staff
    export HEADERMAP_INCLUDES_FLAT_ENTRIES_FOR_TARGET_BEING_BUILT\=YES
    export HEADERMAP_INCLUDES_FRAMEWORK_ENTRIES_FOR_ALL_PRODUCT_TYPES\=YES
    export HEADERMAP_INCLUDES_FRAMEWORK_ENTRIES_FOR_TARGETS_NOT_BEING_BUILT\=YES
    export HEADERMAP_INCLUDES_NONPUBLIC_NONPRIVATE_HEADERS\=YES
    export HEADERMAP_INCLUDES_PROJECT_HEADERS\=YES
    export HEADERMAP_USES_FRAMEWORK_PREFIX_ENTRIES\=YES
    export HEADERMAP_USES_VFS\=NO
    export HEADER_SEARCH_PATHS\=\ \"/Users/nathannovak/Development/Apps/StraboSpot2/ios/Pods/Headers/Private\"\ \"/Users/nathannovak/Development/Apps/StraboSpot2/ios/Pods/Headers/Private/hermes-engine\"\ \"/Users/nathannovak/Development/Apps/StraboSpot2/ios/Pods/Headers/Public\"\ \"/Users/nathannovak/Development/Apps/StraboSpot2/ios/Pods/Headers/Public/hermes-engine\"
    export HOME\=/Users/nathannovak
    export HOST_ARCH\=x86_64
    export HOST_PLATFORM\=macosx
    export ICONV\=/usr/bin/iconv
    export IMPLICIT_DEPENDENCY_DOMAIN\=default
    export INFOPLIST_ENABLE_CFBUNDLEICONS_MERGE\=YES
    export INFOPLIST_EXPAND_BUILD_SETTINGS\=YES
    export INFOPLIST_OUTPUT_FORMAT\=binary
    export INFOPLIST_PREPROCESS\=NO
    export INLINE_PRIVATE_FRAMEWORKS\=NO
    export INSTALLAPI_IGNORE_SKIP_INSTALL\=YES
    export INSTALLHDRS_COPY_PHASE\=NO
    export INSTALLHDRS_SCRIPT_PHASE\=NO
    export INSTALL_DIR\=/tmp/Pods.dst
    export INSTALL_GROUP\=staff
    export INSTALL_MODE_FLAG\=u+w,go-w,a+rX
    export INSTALL_OWNER\=nathannovak
    export INSTALL_ROOT\=/tmp/Pods.dst
    export IPHONEOS_DEPLOYMENT_TARGET\=15.1
    export IS_UNOPTIMIZED_BUILD\=YES
    export JAVAC_DEFAULT_FLAGS\=-J-Xms64m\ -J-XX:NewSize\=4M\ -J-Dfile.encoding\=UTF8
    export JAVA_APP_STUB\=/System/Library/Frameworks/JavaVM.framework/Resources/MacOS/JavaApplicationStub
    export JAVA_ARCHIVE_CLASSES\=YES
    export JAVA_ARCHIVE_TYPE\=JAR
    export JAVA_COMPILER\=/usr/bin/javac
    export JAVA_FRAMEWORK_RESOURCES_DIRS\=Resources
    export JAVA_JAR_FLAGS\=cv
    export JAVA_SOURCE_SUBDIR\=.
    export JAVA_USE_DEPENDENCIES\=YES
    export JAVA_ZIP_FLAGS\=-urg
    export JIKES_DEFAULT_FLAGS\=+E\ +OLDCSO
    export KEEP_PRIVATE_EXTERNS\=NO
    export LD_DEPENDENCY_INFO_FILE\=/Users/nathannovak/Library/Developer/Xcode/DerivedData/StraboSpot2-gztieqkdzpsbarfnoxqpkwxgfcqj/Build/Intermediates.noindex/Pods.build/Debug-iphonesimulator/hermes-engine.build/Objects-normal/undefined_arch/hermes-engine_dependency_info.dat
    export LD_EXPORT_SYMBOLS\=YES
    export LD_GENERATE_MAP_FILE\=NO
    export LD_MAP_FILE_PATH\=/Users/nathannovak/Library/Developer/Xcode/DerivedData/StraboSpot2-gztieqkdzpsbarfnoxqpkwxgfcqj/Build/Intermediates.noindex/Pods.build/Debug-iphonesimulator/hermes-engine.build/hermes-engine-LinkMap-normal-undefined_arch.txt
    export LD_NO_PIE\=NO
    export LD_QUOTE_LINKER_ARGUMENTS_FOR_COMPILER_DRIVER\=YES
    export LD_RUNPATH_SEARCH_PATHS\=\ @executable_path/Frameworks
    export LD_SHARED_CACHE_ELIGIBLE\=Automatic
    export LD_WARN_DUPLICATE_LIBRARIES\=NO
    export LD_WARN_UNUSED_DYLIBS\=NO
    export LEGACY_DEVELOPER_DIR\=/Applications/Xcode.app/Contents/PlugIns/Xcode3Core.ideplugin/Contents/SharedSupport/Developer
    export LEX\=lex
    export LIBRARY_DEXT_INSTALL_PATH\=/Library/DriverExtensions
    export LIBRARY_FLAG_NOSPACE\=YES
    export LIBRARY_KEXT_INSTALL_PATH\=/Library/Extensions
    export LINKER_DISPLAYS_MANGLED_NAMES\=NO
    export LINK_FILE_LIST_normal_x86_64\=/Users/nathannovak/Library/Developer/Xcode/DerivedData/StraboSpot2-gztieqkdzpsbarfnoxqpkwxgfcqj/Build/Intermediates.noindex/Pods.build/Debug-iphonesimulator/hermes-engine.build/Objects-normal/x86_64/hermes-engine.LinkFileList
    export LINK_OBJC_RUNTIME\=YES
    export LINK_WITH_STANDARD_LIBRARIES\=YES
    export LLVM_TARGET_TRIPLE_OS_VERSION\=ios15.1
    export LLVM_TARGET_TRIPLE_SUFFIX\=-simulator
    export LLVM_TARGET_TRIPLE_VENDOR\=apple
    export LM_AUX_CONST_METADATA_LIST_PATH_normal_x86_64\=/Users/nathannovak/Library/Developer/Xcode/DerivedData/StraboSpot2-gztieqkdzpsbarfnoxqpkwxgfcqj/Build/Intermediates.noindex/Pods.build/Debug-iphonesimulator/hermes-engine.build/Objects-normal/x86_64/hermes-engine.SwiftConstValuesFileList
    export LOCALIZATION_EXPORT_SUPPORTED\=YES
    export LOCALIZATION_PREFERS_STRING_CATALOGS\=NO
    export LOCALIZED_STRING_MACRO_NAMES\=NSLocalizedString\ CFCopyLocalizedString
    export LOCALIZED_STRING_SWIFTUI_SUPPORT\=YES
    export LOCAL_ADMIN_APPS_DIR\=/Applications/Utilities
    export LOCAL_APPS_DIR\=/Applications
    export LOCAL_DEVELOPER_DIR\=/Library/Developer
    export LOCAL_LIBRARY_DIR\=/Library
    export LOCROOT\=/Users/nathannovak/Development/Apps/StraboSpot2/ios/Pods
    export LOCSYMROOT\=/Users/nathannovak/Development/Apps/StraboSpot2/ios/Pods
    export MAC_OS_X_PRODUCT_BUILD_VERSION\=24G231
    export MAC_OS_X_VERSION_ACTUAL\=150701
    export MAC_OS_X_VERSION_MAJOR\=150000
    export MAC_OS_X_VERSION_MINOR\=150700
    export MAKE_MERGEABLE\=NO
    export MERGEABLE_LIBRARY\=NO
    export MERGED_BINARY_TYPE\=none
    export MERGE_LINKED_LIBRARIES\=NO
    export METAL_LIBRARY_FILE_BASE\=default
    export METAL_LIBRARY_OUTPUT_DIR\=/Users/nathannovak/Library/Developer/Xcode/DerivedData/StraboSpot2-gztieqkdzpsbarfnoxqpkwxgfcqj/Build/Products/Debug-iphonesimulator/hermes-engine/
    export MODULE_CACHE_DIR\=/Users/nathannovak/Library/Developer/Xcode/DerivedData/ModuleCache.noindex
    export MTL_ENABLE_DEBUG_INFO\=INCLUDE_SOURCE
    export MTL_FAST_MATH\=YES
    export NATIVE_ARCH\=x86_64
    export NATIVE_ARCH_32_BIT\=i386
    export NATIVE_ARCH_64_BIT\=x86_64
    export NATIVE_ARCH_ACTUAL\=x86_64
    export NO_COMMON\=YES
    export OBJC_ABI_VERSION\=2
    export OBJECT_FILE_DIR\=/Users/nathannovak/Library/Developer/Xcode/DerivedData/StraboSpot2-gztieqkdzpsbarfnoxqpkwxgfcqj/Build/Intermediates.noindex/Pods.build/Debug-iphonesimulator/hermes-engine.build/Objects
    export OBJECT_FILE_DIR_normal\=/Users/nathannovak/Library/Developer/Xcode/DerivedData/StraboSpot2-gztieqkdzpsbarfnoxqpkwxgfcqj/Build/Intermediates.noindex/Pods.build/Debug-iphonesimulator/hermes-engine.build/Objects-normal
    export OBJROOT\=/Users/nathannovak/Library/Developer/Xcode/DerivedData/StraboSpot2-gztieqkdzpsbarfnoxqpkwxgfcqj/Build/Intermediates.noindex
    export ONLY_ACTIVE_ARCH\=YES
    export OS\=MACOS
    export OSAC\=/usr/bin/osacompile
    export OTHER_LDFLAGS\=\ \ 
    export PASCAL_STRINGS\=YES
    export PATH\=/Applications/Xcode.app/Contents/SharedFrameworks/SwiftBuild.framework/Versions/A/PlugIns/SWBBuildService.bundle/Contents/PlugIns/SWBUniversalPlatformPlugin.bundle/Contents/Frameworks/SWBUniversalPlatform.framework/Resources:/Applications/Xcode.app/Contents/Developer/Toolchains/XcodeDefault.xctoolchain/usr/bin:/Applications/Xcode.app/Contents/Developer/Toolchains/XcodeDefault.xctoolchain/usr/local/bin:/Applications/Xcode.app/Contents/Developer/Toolchains/XcodeDefault.xctoolchain/usr/libexec:/Applications/Xcode.app/Contents/Developer/Platforms/iPhoneSimulator.platform/usr/bin:/Applications/Xcode.app/Contents/Developer/Platforms/iPhoneSimulator.platform/usr/local/bin:/Applications/Xcode.app/Contents/Developer/Platforms/iPhoneSimulator.platform/Developer/usr/bin:/Applications/Xcode.app/Contents/Developer/Platforms/iPhoneSimulator.platform/Developer/usr/local/bin:/Applications/Xcode.app/Contents/Developer/usr/bin:/Applications/Xcode.app/Contents/Developer/usr/local/bin:/Users/nathannovak/Development/Apps/StraboSpot2/node_modules/.bin:/Users/nathannovak/Development/Apps/node_modules/.bin:/Users/nathannovak/Development/node_modules/.bin:/Users/nathannovak/node_modules/.bin:/Users/node_modules/.bin:/node_modules/.bin:/Users/nathannovak/.nvm/versions/node/v22.16.0/lib/node_modules/npm/node_modules/@npmcli/run-script/lib/node-gyp-bin:/Users/nathannovak/.flashlight/bin:/Users/nathannovak/.nvm/versions/node/v22.16.0/bin:/Users/nathannovak/google-cloud-sdk/bin:/Users/nathannovak/.rbenv/shims:/Library/Frameworks/Python.framework/Versions/3.10/bin:/Library/Frameworks/Python.framework/Versions/3.6/bin:/usr/local/bin:/System/Cryptexes/App/usr/bin:/usr/bin:/bin:/usr/sbin:/sbin:/var/run/com.apple.security.cryptexd/codex.system/bootstrap/usr/local/bin:/var/run/com.apple.security.cryptexd/codex.system/bootstrap/usr/bin:/var/run/com.apple.security.cryptexd/codex.system/bootstrap/usr/appleinternal/bin:/Library/Apple/usr/bin:/Library/TeX/texbin:/Users/nathannovak/Library/Android/sdk/emulator:/Users/nathannovak/Library/Android/sdk/platform-tools
    export PATH_PREFIXES_EXCLUDED_FROM_HEADER_DEPENDENCIES\=/usr/include\ /usr/local/include\ /System/Library/Frameworks\ /System/Library/PrivateFrameworks\ /Applications/Xcode.app/Contents/Developer/Headers\ /Applications/Xcode.app/Contents/Developer/SDKs\ /Applications/Xcode.app/Contents/Developer/Platforms
    export PER_ARCH_MODULE_FILE_DIR\=/Users/nathannovak/Library/Developer/Xcode/DerivedData/StraboSpot2-gztieqkdzpsbarfnoxqpkwxgfcqj/Build/Intermediates.noindex/Pods.build/Debug-iphonesimulator/hermes-engine.build/Objects-normal/undefined_arch
    export PER_ARCH_OBJECT_FILE_DIR\=/Users/nathannovak/Library/Developer/Xcode/DerivedData/StraboSpot2-gztieqkdzpsbarfnoxqpkwxgfcqj/Build/Intermediates.noindex/Pods.build/Debug-iphonesimulator/hermes-engine.build/Objects-normal/undefined_arch
    export PER_VARIANT_OBJECT_FILE_DIR\=/Users/nathannovak/Library/Developer/Xcode/DerivedData/StraboSpot2-gztieqkdzpsbarfnoxqpkwxgfcqj/Build/Intermediates.noindex/Pods.build/Debug-iphonesimulator/hermes-engine.build/Objects-normal
    export PKGINFO_FILE_PATH\=/Users/nathannovak/Library/Developer/Xcode/DerivedData/StraboSpot2-gztieqkdzpsbarfnoxqpkwxgfcqj/Build/Intermediates.noindex/Pods.build/Debug-iphonesimulator/hermes-engine.build/PkgInfo
    export PLATFORM_DEVELOPER_APPLICATIONS_DIR\=/Applications/Xcode.app/Contents/Developer/Platforms/iPhoneSimulator.platform/Developer/Applications
    export PLATFORM_DEVELOPER_BIN_DIR\=/Applications/Xcode.app/Contents/Developer/Platforms/iPhoneSimulator.platform/Developer/usr/bin
    export PLATFORM_DEVELOPER_LIBRARY_DIR\=/Applications/Xcode.app/Contents/Developer/Platforms/iPhoneSimulator.platform/Developer/Library
    export PLATFORM_DEVELOPER_SDK_DIR\=/Applications/Xcode.app/Contents/Developer/Platforms/iPhoneSimulator.platform/Developer/SDKs
    export PLATFORM_DEVELOPER_TOOLS_DIR\=/Applications/Xcode.app/Contents/Developer/Platforms/iPhoneSimulator.platform/Developer/Tools
    export PLATFORM_DEVELOPER_USR_DIR\=/Applications/Xcode.app/Contents/Developer/Platforms/iPhoneSimulator.platform/Developer/usr
    export PLATFORM_DIR\=/Applications/Xcode.app/Contents/Developer/Platforms/iPhoneSimulator.platform
    export PLATFORM_DISPLAY_NAME\=iOS\ Simulator
    export PLATFORM_FAMILY_NAME\=iOS
    export PLATFORM_NAME\=iphonesimulator
    export PLATFORM_PREFERRED_ARCH\=x86_64
    export PLATFORM_PRODUCT_BUILD_VERSION\=23A339
    export PLATFORM_REQUIRES_SWIFT_AUTOLINK_EXTRACT\=NO
    export PLATFORM_REQUIRES_SWIFT_MODULEWRAP\=NO
    export PLIST_FILE_OUTPUT_FORMAT\=binary
    export PODS_BUILD_DIR\=/Users/nathannovak/Library/Developer/Xcode/DerivedData/StraboSpot2-gztieqkdzpsbarfnoxqpkwxgfcqj/Build/Products
    export PODS_CONFIGURATION_BUILD_DIR\=/Users/nathannovak/Library/Developer/Xcode/DerivedData/StraboSpot2-gztieqkdzpsbarfnoxqpkwxgfcqj/Build/Products/Debug-iphonesimulator
    export PODS_DEVELOPMENT_LANGUAGE\=en
    export PODS_ROOT\=/Users/nathannovak/Development/Apps/StraboSpot2/ios/Pods
    export PODS_TARGET_SRCROOT\=/Users/nathannovak/Development/Apps/StraboSpot2/ios/Pods/hermes-engine
    export PODS_XCFRAMEWORKS_BUILD_DIR\=/Users/nathannovak/Library/Developer/Xcode/DerivedData/StraboSpot2-gztieqkdzpsbarfnoxqpkwxgfcqj/Build/Products/Debug-iphonesimulator/XCFrameworkIntermediates
    export PRECOMPS_INCLUDE_HEADERS_FROM_BUILT_PRODUCTS_DIR\=YES
    export PRECOMP_DESTINATION_DIR\=/Users/nathannovak/Library/Developer/Xcode/DerivedData/StraboSpot2-gztieqkdzpsbarfnoxqpkwxgfcqj/Build/Intermediates.noindex/Pods.build/Debug-iphonesimulator/hermes-engine.build/PrefixHeaders
    export PROCESSED_INFOPLIST_PATH\=/Users/nathannovak/Library/Developer/Xcode/DerivedData/StraboSpot2-gztieqkdzpsbarfnoxqpkwxgfcqj/Build/Intermediates.noindex/Pods.build/Debug-iphonesimulator/hermes-engine.build/Objects-normal/undefined_arch/Processed-Info.plist
    export PRODUCT_BUNDLE_IDENTIFIER\=org.cocoapods.hermes-engine
    export PRODUCT_MODULE_NAME\=hermes_engine
    export PRODUCT_NAME\=hermes-engine
    export PRODUCT_SETTINGS_PATH\=
    export PROFILING_CODE\=NO
    export PROJECT\=Pods
    export PROJECT_DERIVED_FILE_DIR\=/Users/nathannovak/Library/Developer/Xcode/DerivedData/StraboSpot2-gztieqkdzpsbarfnoxqpkwxgfcqj/Build/Intermediates.noindex/Pods.build/DerivedSources
    export PROJECT_DIR\=/Users/nathannovak/Development/Apps/StraboSpot2/ios/Pods
    export PROJECT_FILE_PATH\=/Users/nathannovak/Development/Apps/StraboSpot2/ios/Pods/Pods.xcodeproj
    export PROJECT_GUID\=8699adb1dd336b26511df848a716bd42
    export PROJECT_NAME\=Pods
    export PROJECT_TEMP_DIR\=/Users/nathannovak/Library/Developer/Xcode/DerivedData/StraboSpot2-gztieqkdzpsbarfnoxqpkwxgfcqj/Build/Intermediates.noindex/Pods.build
    export PROJECT_TEMP_ROOT\=/Users/nathannovak/Library/Developer/Xcode/DerivedData/StraboSpot2-gztieqkdzpsbarfnoxqpkwxgfcqj/Build/Intermediates.noindex
    export REACT_NATIVE_PATH\=/Users/nathannovak/Development/Apps/StraboSpot2/ios/Pods/../../node_modules/react-native
    export RECOMMENDED_IPHONEOS_DEPLOYMENT_TARGET\=15.0
    export RECURSIVE_SEARCH_PATHS_FOLLOW_SYMLINKS\=YES
    export REMOVE_CVS_FROM_RESOURCES\=YES
    export REMOVE_GIT_FROM_RESOURCES\=YES
    export REMOVE_HEADERS_FROM_EMBEDDED_BUNDLES\=YES
    export REMOVE_HG_FROM_RESOURCES\=YES
    export REMOVE_STATIC_EXECUTABLES_FROM_EMBEDDED_BUNDLES\=YES
    export REMOVE_SVN_FROM_RESOURCES\=YES
    export RESCHEDULE_INDEPENDENT_HEADERS_PHASES\=YES
    export REZ_COLLECTOR_DIR\=/Users/nathannovak/Library/Developer/Xcode/DerivedData/StraboSpot2-gztieqkdzpsbarfnoxqpkwxgfcqj/Build/Intermediates.noindex/Pods.build/Debug-iphonesimulator/hermes-engine.build/ResourceManagerResources
    export REZ_OBJECTS_DIR\=/Users/nathannovak/Library/Developer/Xcode/DerivedData/StraboSpot2-gztieqkdzpsbarfnoxqpkwxgfcqj/Build/Intermediates.noindex/Pods.build/Debug-iphonesimulator/hermes-engine.build/ResourceManagerResources/Objects
    export RUNTIME_EXCEPTION_ALLOW_DYLD_ENVIRONMENT_VARIABLES\=NO
    export RUNTIME_EXCEPTION_ALLOW_JIT\=NO
    export RUNTIME_EXCEPTION_ALLOW_UNSIGNED_EXECUTABLE_MEMORY\=NO
    export RUNTIME_EXCEPTION_DEBUGGING_TOOL\=NO
    export RUNTIME_EXCEPTION_DISABLE_EXECUTABLE_PAGE_PROTECTION\=NO
    export RUNTIME_EXCEPTION_DISABLE_LIBRARY_VALIDATION\=NO
    export SCAN_ALL_SOURCE_FILES_FOR_INCLUDES\=NO
    export SCRIPT_INPUT_FILE_COUNT\=0
    export SCRIPT_INPUT_FILE_LIST_COUNT\=0
    export SCRIPT_OUTPUT_FILE_COUNT\=0
    export SCRIPT_OUTPUT_FILE_LIST_COUNT\=0
    export SDKROOT\=/Applications/Xcode.app/Contents/Developer/Platforms/iPhoneSimulator.platform/Developer/SDKs/iPhoneSimulator26.0.sdk
    export SDK_DIR\=/Applications/Xcode.app/Contents/Developer/Platforms/iPhoneSimulator.platform/Developer/SDKs/iPhoneSimulator26.0.sdk
    export SDK_DIR_iphonesimulator\=/Applications/Xcode.app/Contents/Developer/Platforms/iPhoneSimulator.platform/Developer/SDKs/iPhoneSimulator26.0.sdk
    export SDK_DIR_iphonesimulator26_0\=/Applications/Xcode.app/Contents/Developer/Platforms/iPhoneSimulator.platform/Developer/SDKs/iPhoneSimulator26.0.sdk
    export SDK_NAME\=iphonesimulator26.0
    export SDK_NAMES\=iphonesimulator26.0
    export SDK_PRODUCT_BUILD_VERSION\=23A339
    export SDK_STAT_CACHE_DIR\=/Users/nathannovak/Library/Developer/Xcode/DerivedData
    export SDK_STAT_CACHE_ENABLE\=YES
    export SDK_STAT_CACHE_PATH\=/Users/nathannovak/Library/Developer/Xcode/DerivedData/SDKStatCaches.noindex/iphonesimulator26.0-23A339-26257891a6c027eb51374368541b8346.sdkstatcache
    export SDK_VERSION\=26.0
    export SDK_VERSION_ACTUAL\=260000
    export SDK_VERSION_MAJOR\=260000
    export SDK_VERSION_MINOR\=260000
    export SED\=/usr/bin/sed
    export SEPARATE_STRIP\=NO
    export SEPARATE_SYMBOL_EDIT\=NO
    export SET_DIR_MODE_OWNER_GROUP\=YES
    export SET_FILE_MODE_OWNER_GROUP\=NO
    export SHALLOW_BUNDLE\=NO
    export SHARED_DERIVED_FILE_DIR\=/Users/nathannovak/Library/Developer/Xcode/DerivedData/StraboSpot2-gztieqkdzpsbarfnoxqpkwxgfcqj/Build/Products/Debug-iphonesimulator/hermes-engine/DerivedSources
    export SHARED_PRECOMPS_DIR\=/Users/nathannovak/Library/Developer/Xcode/DerivedData/StraboSpot2-gztieqkdzpsbarfnoxqpkwxgfcqj/Build/Intermediates.noindex/PrecompiledHeaders
    export SKIP_INSTALL\=YES
    export SOURCE_ROOT\=/Users/nathannovak/Development/Apps/StraboSpot2/ios/Pods
    export SRCROOT\=/Users/nathannovak/Development/Apps/StraboSpot2/ios/Pods
    export STRINGSDATA_DIR\=/Users/nathannovak/Library/Developer/Xcode/DerivedData/StraboSpot2-gztieqkdzpsbarfnoxqpkwxgfcqj/Build/Intermediates.noindex/Pods.build/Debug-iphonesimulator/hermes-engine.build/Objects-normal/undefined_arch
    export STRINGSDATA_ROOT\=/Users/nathannovak/Library/Developer/Xcode/DerivedData/StraboSpot2-gztieqkdzpsbarfnoxqpkwxgfcqj/Build/Intermediates.noindex/Pods.build/Debug-iphonesimulator/hermes-engine.build
    export STRINGS_FILE_INFOPLIST_RENAME\=YES
    export STRINGS_FILE_OUTPUT_ENCODING\=binary
    export STRING_CATALOG_GENERATE_SYMBOLS\=NO
    export STRIP_BITCODE_FROM_COPIED_FILES\=NO
    export STRIP_INSTALLED_PRODUCT\=NO
    export STRIP_STYLE\=all
    export STRIP_SWIFT_SYMBOLS\=YES
    export SUPPORTED_DEVICE_FAMILIES\=1,2
    export SUPPORTED_PLATFORMS\=iphoneos\ iphonesimulator
    export SUPPORTS_TEXT_BASED_API\=NO
    export SUPPRESS_WARNINGS\=NO
    export SWIFT_ACTIVE_COMPILATION_CONDITIONS\=\ DEBUG
    export SWIFT_EMIT_CONST_VALUE_PROTOCOLS\=AppIntent\ EntityQuery\ AppEntity\ TransientEntity\ AppEnum\ AppShortcutProviding\ AppShortcutsProvider\ AnyResolverProviding\ AppIntentsPackage\ DynamicOptionsProvider\ _IntentValueRepresentable\ _AssistantIntentsProvider\ _GenerativeFunctionExtractable\ IntentValueQuery\ Resolver\ AppExtension\ ExtensionPointDefining
    export SWIFT_EMIT_LOC_STRINGS\=NO
    export SWIFT_ENABLE_EXPLICIT_MODULES\=YES
    export SWIFT_OPTIMIZATION_LEVEL\=-Onone
    export SWIFT_PLATFORM_TARGET_PREFIX\=ios
    export SWIFT_RESPONSE_FILE_PATH_normal_x86_64\=/Users/nathannovak/Library/Developer/Xcode/DerivedData/StraboSpot2-gztieqkdzpsbarfnoxqpkwxgfcqj/Build/Intermediates.noindex/Pods.build/Debug-iphonesimulator/hermes-engine.build/Objects-normal/x86_64/hermes-engine.SwiftFileList
    export SWIFT_VERSION\=5.0
    export SYMROOT\=/Users/nathannovak/Library/Developer/Xcode/DerivedData/StraboSpot2-gztieqkdzpsbarfnoxqpkwxgfcqj/Build/Products
    export SYSTEM_ADMIN_APPS_DIR\=/Applications/Utilities
    export SYSTEM_APPS_DIR\=/Applications
    export SYSTEM_CORE_SERVICES_DIR\=/System/Library/CoreServices
    export SYSTEM_DEMOS_DIR\=/Applications/Extras
    export SYSTEM_DEVELOPER_APPS_DIR\=/Applications/Xcode.app/Contents/Developer/Applications
    export SYSTEM_DEVELOPER_BIN_DIR\=/Applications/Xcode.app/Contents/Developer/usr/bin
    export SYSTEM_DEVELOPER_DEMOS_DIR\=/Applications/Xcode.app/Contents/Developer/Applications/Utilities/Built\ Examples
    export SYSTEM_DEVELOPER_DIR\=/Applications/Xcode.app/Contents/Developer
    export SYSTEM_DEVELOPER_DOC_DIR\=/Applications/Xcode.app/Contents/Developer/ADC\ Reference\ Library
    export SYSTEM_DEVELOPER_GRAPHICS_TOOLS_DIR\=/Applications/Xcode.app/Contents/Developer/Applications/Graphics\ Tools
    export SYSTEM_DEVELOPER_JAVA_TOOLS_DIR\=/Applications/Xcode.app/Contents/Developer/Applications/Java\ Tools
    export SYSTEM_DEVELOPER_PERFORMANCE_TOOLS_DIR\=/Applications/Xcode.app/Contents/Developer/Applications/Performance\ Tools
    export SYSTEM_DEVELOPER_RELEASENOTES_DIR\=/Applications/Xcode.app/Contents/Developer/ADC\ Reference\ Library/releasenotes
    export SYSTEM_DEVELOPER_TOOLS\=/Applications/Xcode.app/Contents/Developer/Tools
    export SYSTEM_DEVELOPER_TOOLS_DOC_DIR\=/Applications/Xcode.app/Contents/Developer/ADC\ Reference\ Library/documentation/DeveloperTools
    export SYSTEM_DEVELOPER_TOOLS_RELEASENOTES_DIR\=/Applications/Xcode.app/Contents/Developer/ADC\ Reference\ Library/releasenotes/DeveloperTools
    export SYSTEM_DEVELOPER_USR_DIR\=/Applications/Xcode.app/Contents/Developer/usr
    export SYSTEM_DEVELOPER_UTILITIES_DIR\=/Applications/Xcode.app/Contents/Developer/Applications/Utilities
    export SYSTEM_DEXT_INSTALL_PATH\=/System/Library/DriverExtensions
    export SYSTEM_DOCUMENTATION_DIR\=/Library/Documentation
    export SYSTEM_KEXT_INSTALL_PATH\=/System/Library/Extensions
    export SYSTEM_LIBRARY_DIR\=/System/Library
    export TAPI_DEMANGLE\=YES
    export TAPI_ENABLE_PROJECT_HEADERS\=NO
    export TAPI_LANGUAGE\=objective-c
    export TAPI_LANGUAGE_STANDARD\=compiler-default
    export TAPI_USE_SRCROOT\=YES
    export TAPI_VERIFY_MODE\=Pedantic
    export TARGETED_DEVICE_FAMILY\=1,2
    export TARGETNAME\=hermes-engine
    export TARGET_BUILD_DIR\=/Users/nathannovak/Library/Developer/Xcode/DerivedData/StraboSpot2-gztieqkdzpsbarfnoxqpkwxgfcqj/Build/Products/Debug-iphonesimulator/hermes-engine
    export TARGET_DEVICE_IDENTIFIER\=74C76BE2-3534-4702-95EC-116B7842C0E9
    export TARGET_DEVICE_MODEL\=iPad14,3
    export TARGET_DEVICE_OS_VERSION\=18.0
    export TARGET_DEVICE_PLATFORM_NAME\=iphonesimulator
    export TARGET_NAME\=hermes-engine
    export TARGET_TEMP_DIR\=/Users/nathannovak/Library/Developer/Xcode/DerivedData/StraboSpot2-gztieqkdzpsbarfnoxqpkwxgfcqj/Build/Intermediates.noindex/Pods.build/Debug-iphonesimulator/hermes-engine.build
    export TEMP_DIR\=/Users/nathannovak/Library/Developer/Xcode/DerivedData/StraboSpot2-gztieqkdzpsbarfnoxqpkwxgfcqj/Build/Intermediates.noindex/Pods.build/Debug-iphonesimulator/hermes-engine.build
    export TEMP_FILES_DIR\=/Users/nathannovak/Library/Developer/Xcode/DerivedData/StraboSpot2-gztieqkdzpsbarfnoxqpkwxgfcqj/Build/Intermediates.noindex/Pods.build/Debug-iphonesimulator/hermes-engine.build
    export TEMP_FILE_DIR\=/Users/nathannovak/Library/Developer/Xcode/DerivedData/StraboSpot2-gztieqkdzpsbarfnoxqpkwxgfcqj/Build/Intermediates.noindex/Pods.build/Debug-iphonesimulator/hermes-engine.build
    export TEMP_ROOT\=/Users/nathannovak/Library/Developer/Xcode/DerivedData/StraboSpot2-gztieqkdzpsbarfnoxqpkwxgfcqj/Build/Intermediates.noindex
    export TEMP_SANDBOX_DIR\=/Users/nathannovak/Library/Developer/Xcode/DerivedData/StraboSpot2-gztieqkdzpsbarfnoxqpkwxgfcqj/Build/Intermediates.noindex/TemporaryTaskSandboxes
    export TEST_FRAMEWORK_SEARCH_PATHS\=\ /Applications/Xcode.app/Contents/Developer/Platforms/iPhoneSimulator.platform/Developer/Library/Frameworks\ /Applications/Xcode.app/Contents/Developer/Platforms/iPhoneSimulator.platform/Developer/SDKs/iPhoneSimulator26.0.sdk/Developer/Library/Frameworks
    export TEST_LIBRARY_SEARCH_PATHS\=\ /Applications/Xcode.app/Contents/Developer/Platforms/iPhoneSimulator.platform/Developer/usr/lib
    export TOOLCHAINS\=com.apple.dt.toolchain.XcodeDefault
    export TOOLCHAIN_DIR\=/Applications/Xcode.app/Contents/Developer/Toolchains/XcodeDefault.xctoolchain
    export TREAT_MISSING_BASELINES_AS_TEST_FAILURES\=NO
    export TREAT_MISSING_SCRIPT_PHASE_OUTPUTS_AS_ERRORS\=NO
    export UID\=501
    export UNINSTALLED_PRODUCTS_DIR\=/Users/nathannovak/Library/Developer/Xcode/DerivedData/StraboSpot2-gztieqkdzpsbarfnoxqpkwxgfcqj/Build/Intermediates.noindex/UninstalledProducts
    export UNSTRIPPED_PRODUCT\=NO
    export USER\=nathannovak
    export USER_APPS_DIR\=/Users/nathannovak/Applications
    export USER_LIBRARY_DIR\=/Users/nathannovak/Library
    export USE_DYNAMIC_NO_PIC\=YES
    export USE_HEADERMAP\=YES
    export USE_HEADER_SYMLINKS\=NO
    export USE_HERMES\=true
    export USE_RECURSIVE_SCRIPT_INPUTS_IN_SCRIPT_PHASES\=YES
    export VALIDATE_DEVELOPMENT_ASSET_PATHS\=YES_ERROR
    export VALIDATE_PRODUCT\=NO
    export VALID_ARCHS\=arm64\ x86_64
    export VERBOSE_PBXCP\=NO
    export VERSION_INFO_BUILDER\=nathannovak
    export VERSION_INFO_FILE\=hermes-engine_vers.c
    export VERSION_INFO_STRING\=\"@\(\#\)PROGRAM:hermes-engine\ \ PROJECT:Pods-\"
    export WORKSPACE_DIR\=/Users/nathannovak/Development/Apps/StraboSpot2/ios
    export WRAP_ASSET_PACKS_IN_SEPARATE_DIRECTORIES\=NO
    export XCODE_APP_SUPPORT_DIR\=/Applications/Xcode.app/Contents/Developer/Library/Xcode
    export XCODE_PRODUCT_BUILD_VERSION\=17A400
    export XCODE_VERSION_ACTUAL\=2601
    export XCODE_VERSION_MAJOR\=2600
    export XCODE_VERSION_MINOR\=2600
    export XPCSERVICES_FOLDER_PATH\=/XPCServices
    export YACC\=yacc
    export _DISCOVER_COMMAND_LINE_LINKER_INPUTS\=YES
    export _DISCOVER_COMMAND_LINE_LINKER_INPUTS_INCLUDE_WL\=YES
    export _LD_MULTIARCH\=YES
    export __DIAGNOSE_DEPRECATED_ARCHS\=YES
    export arch\=undefined_arch
    export variant\=normal
    /bin/sh -c /Users/nathannovak/Library/Developer/Xcode/DerivedData/StraboSpot2-gztieqkdzpsbarfnoxqpkwxgfcqj/Build/Intermediates.noindex/Pods.build/Debug-iphonesimulator/hermes-engine.build/Script-46EB2E000361E0.sh
Node found at: /usr/local/bin/node
No previous build detected, but Debug Configuration. No need to replace Hermes engine

ProcessInfoPlistFile /Users/nathannovak/Library/Developer/Xcode/DerivedData/StraboSpot2-gztieqkdzpsbarfnoxqpkwxgfcqj/Build/Products/Debug-iphonesimulator/RCT-Folly/RCT-Folly_privacy.bundle/Info.plist /Users/nathannovak/Development/Apps/StraboSpot2/ios/Pods/Target\ Support\ Files/RCT-Folly/ResourceBundle-RCT-Folly_privacy-RCT-Folly-Info.plist (in target 'RCT-Folly-RCT-Folly_privacy' from project 'Pods')
    cd /Users/nathannovak/Development/Apps/StraboSpot2/ios/Pods
    builtin-infoPlistUtility /Users/nathannovak/Development/Apps/StraboSpot2/ios/Pods/Target\ Support\ Files/RCT-Folly/ResourceBundle-RCT-Folly_privacy-RCT-Folly-Info.plist -producttype com.apple.product-type.bundle -expandbuildsettings -format binary -platform iphonesimulator -o /Users/nathannovak/Library/Developer/Xcode/DerivedData/StraboSpot2-gztieqkdzpsbarfnoxqpkwxgfcqj/Build/Products/Debug-iphonesimulator/RCT-Folly/RCT-Folly_privacy.bundle/Info.plist

ProcessInfoPlistFile /Users/nathannovak/Library/Developer/Xcode/DerivedData/StraboSpot2-gztieqkdzpsbarfnoxqpkwxgfcqj/Build/Products/Debug-iphonesimulator/boost/boost_privacy.bundle/Info.plist /Users/nathannovak/Development/Apps/StraboSpot2/ios/Pods/Target\ Support\ Files/boost/ResourceBundle-boost_privacy-boost-Info.plist (in target 'boost-boost_privacy' from project 'Pods')
    cd /Users/nathannovak/Development/Apps/StraboSpot2/ios/Pods
    builtin-infoPlistUtility /Users/nathannovak/Development/Apps/StraboSpot2/ios/Pods/Target\ Support\ Files/boost/ResourceBundle-boost_privacy-boost-Info.plist -producttype com.apple.product-type.bundle -expandbuildsettings -format binary -platform iphonesimulator -o /Users/nathannovak/Library/Developer/Xcode/DerivedData/StraboSpot2-gztieqkdzpsbarfnoxqpkwxgfcqj/Build/Products/Debug-iphonesimulator/boost/boost_privacy.bundle/Info.plist

ProcessInfoPlistFile /Users/nathannovak/Library/Developer/Xcode/DerivedData/StraboSpot2-gztieqkdzpsbarfnoxqpkwxgfcqj/Build/Products/Debug-iphonesimulator/glog/glog_privacy.bundle/Info.plist /Users/nathannovak/Development/Apps/StraboSpot2/ios/Pods/Target\ Support\ Files/glog/ResourceBundle-glog_privacy-glog-Info.plist (in target 'glog-glog_privacy' from project 'Pods')
    cd /Users/nathannovak/Development/Apps/StraboSpot2/ios/Pods
    builtin-infoPlistUtility /Users/nathannovak/Development/Apps/StraboSpot2/ios/Pods/Target\ Support\ Files/glog/ResourceBundle-glog_privacy-glog-Info.plist -producttype com.apple.product-type.bundle -expandbuildsettings -format binary -platform iphonesimulator -o /Users/nathannovak/Library/Developer/Xcode/DerivedData/StraboSpot2-gztieqkdzpsbarfnoxqpkwxgfcqj/Build/Products/Debug-iphonesimulator/glog/glog_privacy.bundle/Info.plist

ProcessInfoPlistFile /Users/nathannovak/Library/Developer/Xcode/DerivedData/StraboSpot2-gztieqkdzpsbarfnoxqpkwxgfcqj/Build/Products/Debug-iphonesimulator/React-Core/React-Core_privacy.bundle/Info.plist /Users/nathannovak/Development/Apps/StraboSpot2/ios/Pods/Target\ Support\ Files/React-Core/ResourceBundle-React-Core_privacy-React-Core-Info.plist (in target 'React-Core-React-Core_privacy' from project 'Pods')
    cd /Users/nathannovak/Development/Apps/StraboSpot2/ios/Pods
    builtin-infoPlistUtility /Users/nathannovak/Development/Apps/StraboSpot2/ios/Pods/Target\ Support\ Files/React-Core/ResourceBundle-React-Core_privacy-React-Core-Info.plist -producttype com.apple.product-type.bundle -expandbuildsettings -format binary -platform iphonesimulator -o /Users/nathannovak/Library/Developer/Xcode/DerivedData/StraboSpot2-gztieqkdzpsbarfnoxqpkwxgfcqj/Build/Products/Debug-iphonesimulator/React-Core/React-Core_privacy.bundle/Info.plist

ProcessInfoPlistFile /Users/nathannovak/Library/Developer/Xcode/DerivedData/StraboSpot2-gztieqkdzpsbarfnoxqpkwxgfcqj/Build/Products/Debug-iphonesimulator/React-cxxreact/React-cxxreact_privacy.bundle/Info.plist /Users/nathannovak/Development/Apps/StraboSpot2/ios/Pods/Target\ Support\ Files/React-cxxreact/ResourceBundle-React-cxxreact_privacy-React-cxxreact-Info.plist (in target 'React-cxxreact-React-cxxreact_privacy' from project 'Pods')
    cd /Users/nathannovak/Development/Apps/StraboSpot2/ios/Pods
    builtin-infoPlistUtility /Users/nathannovak/Development/Apps/StraboSpot2/ios/Pods/Target\ Support\ Files/React-cxxreact/ResourceBundle-React-cxxreact_privacy-React-cxxreact-Info.plist -producttype com.apple.product-type.bundle -expandbuildsettings -format binary -platform iphonesimulator -o /Users/nathannovak/Library/Developer/Xcode/DerivedData/StraboSpot2-gztieqkdzpsbarfnoxqpkwxgfcqj/Build/Products/Debug-iphonesimulator/React-cxxreact/React-cxxreact_privacy.bundle/Info.plist

note: Run script build phase '[CP-User] [RN]Check rncore' will be run during every build because the option to run the script phase "Based on dependency analysis" is unchecked. (in target 'React-Fabric' from project 'Pods')
PhaseScriptExecution [CP-User]\ [RN]Check\ rncore /Users/nathannovak/Library/Developer/Xcode/DerivedData/StraboSpot2-gztieqkdzpsbarfnoxqpkwxgfcqj/Build/Intermediates.noindex/Pods.build/Debug-iphonesimulator/React-Fabric.build/Script-46EB2E00036190.sh (in target 'React-Fabric' from project 'Pods')
    cd /Users/nathannovak/Development/Apps/StraboSpot2/ios/Pods
    export ACTION\=build
    export AD_HOC_CODE_SIGNING_ALLOWED\=YES
    export ALLOW_BUILD_REQUEST_OVERRIDES\=NO
    export ALLOW_TARGET_PLATFORM_SPECIALIZATION\=NO
    export ALTERNATE_GROUP\=staff
    export ALTERNATE_MODE\=u+w,go-w,a+rX
    export ALTERNATE_OWNER\=nathannovak
    export ALTERNATIVE_DISTRIBUTION_WEB\=NO
    export ALWAYS_EMBED_SWIFT_STANDARD_LIBRARIES\=NO
    export ALWAYS_SEARCH_USER_PATHS\=NO
    export ALWAYS_USE_SEPARATE_HEADERMAPS\=NO
    export ANDROID_DEPLOYMENT_TARGET\=21.0
    export APPLICATION_EXTENSION_API_ONLY\=NO
    export APPLY_RULES_IN_COPY_FILES\=NO
    export APPLY_RULES_IN_COPY_HEADERS\=NO
    export APP_SHORTCUTS_ENABLE_FLEXIBLE_MATCHING\=YES
    export ARCHS\=x86_64
    export ARCHS_STANDARD\=arm64\ x86_64
    export ARCHS_STANDARD_32_64_BIT\=arm64\ x86_64
    export ARCHS_STANDARD_64_BIT\=arm64\ x86_64
    export ARCHS_STANDARD_INCLUDING_64_BIT\=arm64\ x86_64
    export ARCHS_UNIVERSAL_IPHONE_OS\=arm64\ x86_64
    export ASSETCATALOG_FILTER_FOR_DEVICE_MODEL\=iPad14,3-A
    export ASSETCATALOG_FILTER_FOR_DEVICE_OS_VERSION\=18.0
    export ASSETCATALOG_FILTER_FOR_THINNING_DEVICE_CONFIGURATION\=iPad14,3-A
    export AUTOMATICALLY_MERGE_DEPENDENCIES\=NO
    export AUTOMATION_APPLE_EVENTS\=NO
    export AVAILABLE_PLATFORMS\=android\ appletvos\ appletvsimulator\ driverkit\ iphoneos\ iphonesimulator\ macosx\ qnx\ watchos\ watchsimulator\ webassembly\ xros\ xrsimulator
    export BUILD_ACTIVE_RESOURCES_ONLY\=YES
    export BUILD_COMPONENTS\=headers\ build
    export BUILD_DIR\=/Users/nathannovak/Library/Developer/Xcode/DerivedData/StraboSpot2-gztieqkdzpsbarfnoxqpkwxgfcqj/Build/Products
    export BUILD_LIBRARY_FOR_DISTRIBUTION\=NO
    export BUILD_ROOT\=/Users/nathannovak/Library/Developer/Xcode/DerivedData/StraboSpot2-gztieqkdzpsbarfnoxqpkwxgfcqj/Build/Products
    export BUILD_STYLE\=
    export BUILD_VARIANTS\=normal
    export BUILT_PRODUCTS_DIR\=/Users/nathannovak/Library/Developer/Xcode/DerivedData/StraboSpot2-gztieqkdzpsbarfnoxqpkwxgfcqj/Build/Products/Debug-iphonesimulator/React-Fabric
    export BUNDLE_CONTENTS_FOLDER_PATH_deep\=Contents/
    export BUNDLE_EXECUTABLE_FOLDER_NAME_deep\=MacOS
    export BUNDLE_EXTENSIONS_FOLDER_PATH\=Extensions
    export BUNDLE_FORMAT\=shallow
    export BUNDLE_FRAMEWORKS_FOLDER_PATH\=Frameworks
    export BUNDLE_PLUGINS_FOLDER_PATH\=PlugIns
    export BUNDLE_PRIVATE_HEADERS_FOLDER_PATH\=PrivateHeaders
    export BUNDLE_PUBLIC_HEADERS_FOLDER_PATH\=Headers
    export CACHE_ROOT\=/var/folders/pj/76qzdyzd0077fjwvf34jpht00000gn/C/com.apple.DeveloperTools/26.0.1-17A400/Xcode
    export CCHROOT\=/var/folders/pj/76qzdyzd0077fjwvf34jpht00000gn/C/com.apple.DeveloperTools/26.0.1-17A400/Xcode
    export CHMOD\=/bin/chmod
    export CHOWN\=/usr/sbin/chown
    export CLANG_ANALYZER_LOCALIZABILITY_NONLOCALIZED\=YES
    export CLANG_ANALYZER_NONNULL\=YES
    export CLANG_ANALYZER_NUMBER_OBJECT_CONVERSION\=YES_AGGRESSIVE
    export CLANG_CACHE_FINE_GRAINED_OUTPUTS\=YES
    export CLANG_CXX_LANGUAGE_STANDARD\=c++20
    export CLANG_CXX_LIBRARY\=libc++
    export CLANG_ENABLE_EXPLICIT_MODULES\=YES
    export CLANG_ENABLE_MODULES\=YES
    export CLANG_ENABLE_MODULE_DEBUGGING\=NO
    export CLANG_ENABLE_OBJC_ARC\=YES
    export CLANG_ENABLE_OBJC_WEAK\=NO
    export CLANG_MODULES_BUILD_SESSION_FILE\=/Users/nathannovak/Library/Developer/Xcode/DerivedData/ModuleCache.noindex/Session.modulevalidation
    export CLANG_WARN_BLOCK_CAPTURE_AUTORELEASING\=YES
    export CLANG_WARN_BOOL_CONVERSION\=YES
    export CLANG_WARN_COMMA\=YES
    export CLANG_WARN_CONSTANT_CONVERSION\=YES
    export CLANG_WARN_DEPRECATED_OBJC_IMPLEMENTATIONS\=YES
    export CLANG_WARN_DIRECT_OBJC_ISA_USAGE\=YES_ERROR
    export CLANG_WARN_DOCUMENTATION_COMMENTS\=YES
    export CLANG_WARN_EMPTY_BODY\=YES
    export CLANG_WARN_ENUM_CONVERSION\=YES
    export CLANG_WARN_INFINITE_RECURSION\=YES
    export CLANG_WARN_INT_CONVERSION\=YES
    export CLANG_WARN_NON_LITERAL_NULL_CONVERSION\=YES
    export CLANG_WARN_OBJC_IMPLICIT_RETAIN_SELF\=YES
    export CLANG_WARN_OBJC_LITERAL_CONVERSION\=YES
    export CLANG_WARN_OBJC_ROOT_CLASS\=YES_ERROR
    export CLANG_WARN_QUOTED_INCLUDE_IN_FRAMEWORK_HEADER\=NO
    export CLANG_WARN_RANGE_LOOP_ANALYSIS\=YES
    export CLANG_WARN_STRICT_PROTOTYPES\=YES
    export CLANG_WARN_SUSPICIOUS_MOVE\=YES
    export CLANG_WARN_UNGUARDED_AVAILABILITY\=YES_AGGRESSIVE
    export CLANG_WARN_UNREACHABLE_CODE\=YES
    export CLANG_WARN__DUPLICATE_METHOD_MATCH\=YES
    export CLASS_FILE_DIR\=/Users/nathannovak/Library/Developer/Xcode/DerivedData/StraboSpot2-gztieqkdzpsbarfnoxqpkwxgfcqj/Build/Intermediates.noindex/Pods.build/Debug-iphonesimulator/React-Fabric.build/JavaClasses
    export CLEAN_PRECOMPS\=YES
    export CLONE_HEADERS\=NO
    export CODESIGNING_FOLDER_PATH\=/Users/nathannovak/Library/Developer/Xcode/DerivedData/StraboSpot2-gztieqkdzpsbarfnoxqpkwxgfcqj/Build/Products/Debug-iphonesimulator/React-Fabric/libReact-Fabric.a
    export CODE_SIGNING_ALLOWED\=NO
    export CODE_SIGNING_REQUIRED\=YES
    export CODE_SIGN_CONTEXT_CLASS\=XCiPhoneSimulatorCodeSignContext
    export CODE_SIGN_IDENTITY\=-
    export CODE_SIGN_INJECT_BASE_ENTITLEMENTS\=YES
    export COLOR_DIAGNOSTICS\=NO
    export COMBINE_HIDPI_IMAGES\=NO
    export COMPILATION_CACHE_CAS_PATH\=/Users/nathannovak/Library/Developer/Xcode/DerivedData/CompilationCache.noindex
    export COMPILATION_CACHE_KEEP_CAS_DIRECTORY\=YES
    export COMPILER_INDEX_STORE_ENABLE\=Default
    export COMPOSITE_SDK_DIRS\=/Users/nathannovak/Library/Developer/Xcode/DerivedData/StraboSpot2-gztieqkdzpsbarfnoxqpkwxgfcqj/Build/Intermediates.noindex/CompositeSDKs
    export COMPRESS_PNG_FILES\=YES
    export CONFIGURATION\=Debug
    export CONFIGURATION_BUILD_DIR\=/Users/nathannovak/Library/Developer/Xcode/DerivedData/StraboSpot2-gztieqkdzpsbarfnoxqpkwxgfcqj/Build/Products/Debug-iphonesimulator/React-Fabric
    export CONFIGURATION_TEMP_DIR\=/Users/nathannovak/Library/Developer/Xcode/DerivedData/StraboSpot2-gztieqkdzpsbarfnoxqpkwxgfcqj/Build/Intermediates.noindex/Pods.build/Debug-iphonesimulator
    export COPYING_PRESERVES_HFS_DATA\=NO
    export COPY_HEADERS_RUN_UNIFDEF\=NO
    export COPY_PHASE_STRIP\=NO
    export CORRESPONDING_DEVICE_PLATFORM_DIR\=/Applications/Xcode.app/Contents/Developer/Platforms/iPhoneOS.platform
    export CORRESPONDING_DEVICE_PLATFORM_NAME\=iphoneos
    export CORRESPONDING_DEVICE_SDK_DIR\=/Applications/Xcode.app/Contents/Developer/Platforms/iPhoneOS.platform/Developer/SDKs/iPhoneOS26.0.sdk
    export CORRESPONDING_DEVICE_SDK_NAME\=iphoneos26.0
    export CP\=/bin/cp
    export CREATE_INFOPLIST_SECTION_IN_BINARY\=NO
    export CURRENT_ARCH\=undefined_arch
    export CURRENT_VARIANT\=normal
    export DEAD_CODE_STRIPPING\=YES
    export DEBUGGING_SYMBOLS\=YES
    export DEBUG_INFORMATION_FORMAT\=dwarf
    export DEBUG_INFORMATION_VERSION\=compiler-default
    export DEFAULT_COMPILER\=com.apple.compilers.llvm.clang.1_0
    export DEFAULT_DEXT_INSTALL_PATH\=/System/Library/DriverExtensions
    export DEFAULT_KEXT_INSTALL_PATH\=/System/Library/Extensions
    export DEFINES_MODULE\=YES
    export DEPLOYMENT_LOCATION\=NO
    export DEPLOYMENT_POSTPROCESSING\=NO
    export DEPLOYMENT_TARGET_SETTING_NAME\=IPHONEOS_DEPLOYMENT_TARGET
    export DEPLOYMENT_TARGET_SUGGESTED_VALUES\=12.0\ 12.1\ 12.2\ 12.3\ 12.4\ 13.0\ 13.1\ 13.2\ 13.3\ 13.4\ 13.5\ 13.6\ 14.0\ 14.1\ 14.2\ 14.3\ 14.4\ 14.5\ 14.6\ 14.7\ 15.0\ 15.1\ 15.2\ 15.3\ 15.4\ 15.5\ 15.6\ 16.0\ 16.1\ 16.2\ 16.3\ 16.4\ 16.5\ 16.6\ 17.0\ 17.1\ 17.2\ 17.3\ 17.4\ 17.5\ 17.6\ 18.0\ 18.1\ 18.2\ 18.3\ 18.4\ 18.5\ 18.6\ 26.0
    export DERIVED_FILES_DIR\=/Users/nathannovak/Library/Developer/Xcode/DerivedData/StraboSpot2-gztieqkdzpsbarfnoxqpkwxgfcqj/Build/Intermediates.noindex/Pods.build/Debug-iphonesimulator/React-Fabric.build/DerivedSources
    export DERIVED_FILE_DIR\=/Users/nathannovak/Library/Developer/Xcode/DerivedData/StraboSpot2-gztieqkdzpsbarfnoxqpkwxgfcqj/Build/Intermediates.noindex/Pods.build/Debug-iphonesimulator/React-Fabric.build/DerivedSources
    export DERIVED_SOURCES_DIR\=/Users/nathannovak/Library/Developer/Xcode/DerivedData/StraboSpot2-gztieqkdzpsbarfnoxqpkwxgfcqj/Build/Intermediates.noindex/Pods.build/Debug-iphonesimulator/React-Fabric.build/DerivedSources
    export DEVELOPER_APPLICATIONS_DIR\=/Applications/Xcode.app/Contents/Developer/Applications
    export DEVELOPER_BIN_DIR\=/Applications/Xcode.app/Contents/Developer/usr/bin
    export DEVELOPER_DIR\=/Applications/Xcode.app/Contents/Developer
    export DEVELOPER_FRAMEWORKS_DIR\=/Applications/Xcode.app/Contents/Developer/Library/Frameworks
    export DEVELOPER_FRAMEWORKS_DIR_QUOTED\=/Applications/Xcode.app/Contents/Developer/Library/Frameworks
    export DEVELOPER_LIBRARY_DIR\=/Applications/Xcode.app/Contents/Developer/Library
    export DEVELOPER_SDK_DIR\=/Applications/Xcode.app/Contents/Developer/Platforms/MacOSX.platform/Developer/SDKs
    export DEVELOPER_TOOLS_DIR\=/Applications/Xcode.app/Contents/Developer/Tools
    export DEVELOPER_USR_DIR\=/Applications/Xcode.app/Contents/Developer/usr
    export DEVELOPMENT_LANGUAGE\=en
    export DIAGNOSE_MISSING_TARGET_DEPENDENCIES\=YES
    export DIFF\=/usr/bin/diff
    export DONT_GENERATE_INFOPLIST_FILE\=NO
    export DSTROOT\=/tmp/Pods.dst
    export DT_TOOLCHAIN_DIR\=/Applications/Xcode.app/Contents/Developer/Toolchains/XcodeDefault.xctoolchain
    export DWARF_DSYM_FILE_NAME\=libReact-Fabric.a.dSYM
    export DWARF_DSYM_FILE_SHOULD_ACCOMPANY_PRODUCT\=NO
    export DWARF_DSYM_FOLDER_PATH\=/Users/nathannovak/Library/Developer/Xcode/DerivedData/StraboSpot2-gztieqkdzpsbarfnoxqpkwxgfcqj/Build/Products/Debug-iphonesimulator/React-Fabric
    export DYNAMIC_LIBRARY_EXTENSION\=dylib
    export EAGER_COMPILATION_ALLOW_SCRIPTS\=NO
    export EAGER_LINKING\=NO
    export EFFECTIVE_PLATFORM_NAME\=-iphonesimulator
    export EMBEDDED_CONTENT_CONTAINS_SWIFT\=NO
    export EMBED_ASSET_PACKS_IN_PRODUCT_BUNDLE\=NO
    export ENABLE_APP_SANDBOX\=NO
    export ENABLE_CODE_COVERAGE\=YES
    export ENABLE_CPLUSPLUS_BOUNDS_SAFE_BUFFERS\=NO
    export ENABLE_C_BOUNDS_SAFETY\=NO
    export ENABLE_DEFAULT_HEADER_SEARCH_PATHS\=YES
    export ENABLE_DEFAULT_SEARCH_PATHS\=YES
    export ENABLE_ENHANCED_SECURITY\=NO
    export ENABLE_HARDENED_RUNTIME\=NO
    export ENABLE_HEADER_DEPENDENCIES\=YES
    export ENABLE_INCOMING_NETWORK_CONNECTIONS\=NO
    export ENABLE_ON_DEMAND_RESOURCES\=NO
    export ENABLE_OUTGOING_NETWORK_CONNECTIONS\=NO
    export ENABLE_POINTER_AUTHENTICATION\=NO
    export ENABLE_PREVIEWS\=NO
    export ENABLE_RESOURCE_ACCESS_AUDIO_INPUT\=NO
    export ENABLE_RESOURCE_ACCESS_BLUETOOTH\=NO
    export ENABLE_RESOURCE_ACCESS_CALENDARS\=NO
    export ENABLE_RESOURCE_ACCESS_CAMERA\=NO
    export ENABLE_RESOURCE_ACCESS_CONTACTS\=NO
    export ENABLE_RESOURCE_ACCESS_LOCATION\=NO
    export ENABLE_RESOURCE_ACCESS_PHOTO_LIBRARY\=NO
    export ENABLE_RESOURCE_ACCESS_PRINTING\=NO
    export ENABLE_RESOURCE_ACCESS_USB\=NO
    export ENABLE_SDK_IMPORTS\=NO
    export ENABLE_SECURITY_COMPILER_WARNINGS\=NO
    export ENABLE_STRICT_OBJC_MSGSEND\=YES
    export ENABLE_TESTABILITY\=YES
    export ENABLE_TESTING_SEARCH_PATHS\=NO
    export ENABLE_USER_SCRIPT_SANDBOXING\=NO
    export ENABLE_XOJIT_PREVIEWS\=YES
    export ENFORCE_VALID_ARCHS\=YES
    export ENTITLEMENTS_DESTINATION\=__entitlements
    export ENTITLEMENTS_REQUIRED\=YES
    export EXCLUDED_INSTALLSRC_SUBDIRECTORY_PATTERNS\=.DS_Store\ .svn\ .git\ .hg\ CVS
    export EXCLUDED_RECURSIVE_SEARCH_PATH_SUBDIRECTORIES\=\*.nib\ \*.lproj\ \*.framework\ \*.gch\ \*.xcode\*\ \*.xcassets\ \*.icon\ \(\*\)\ .DS_Store\ CVS\ .svn\ .git\ .hg\ \*.pbproj\ \*.pbxproj
    export EXECUTABLE_EXTENSION\=a
    export EXECUTABLE_NAME\=libReact-Fabric.a
    export EXECUTABLE_PATH\=libReact-Fabric.a
    export EXECUTABLE_PREFIX\=lib
    export EXECUTABLE_SUFFIX\=.a
    export FILE_LIST\=/Users/nathannovak/Library/Developer/Xcode/DerivedData/StraboSpot2-gztieqkdzpsbarfnoxqpkwxgfcqj/Build/Intermediates.noindex/Pods.build/Debug-iphonesimulator/React-Fabric.build/Objects/LinkFileList
    export FIXED_FILES_DIR\=/Users/nathannovak/Library/Developer/Xcode/DerivedData/StraboSpot2-gztieqkdzpsbarfnoxqpkwxgfcqj/Build/Intermediates.noindex/Pods.build/Debug-iphonesimulator/React-Fabric.build/FixedFiles
    export FRAMEWORK_FLAG_PREFIX\=-framework
    export FRAMEWORK_SEARCH_PATHS\=/Users/nathannovak/Library/Developer/Xcode/DerivedData/StraboSpot2-gztieqkdzpsbarfnoxqpkwxgfcqj/Build/Products/Debug-iphonesimulator/React-Fabric\ \ \"/Users/nathannovak/Development/Apps/StraboSpot2/ios/Pods/hermes-engine/destroot/Library/Frameworks/universal\"\ \"/Users/nathannovak/Library/Developer/Xcode/DerivedData/StraboSpot2-gztieqkdzpsbarfnoxqpkwxgfcqj/Build/Products/Debug-iphonesimulator/XCFrameworkIntermediates/hermes-engine/Pre-built\"
    export FRAMEWORK_VERSION\=A
    export FULL_PRODUCT_NAME\=libReact-Fabric.a
    export FUSE_BUILD_PHASES\=YES
    export FUSE_BUILD_SCRIPT_PHASES\=NO
    export GCC3_VERSION\=3.3
    export GCC_C_LANGUAGE_STANDARD\=gnu11
    export GCC_DYNAMIC_NO_PIC\=NO
    export GCC_NO_COMMON_BLOCKS\=YES
    export GCC_OBJC_LEGACY_DISPATCH\=YES
    export GCC_OPTIMIZATION_LEVEL\=0
    export GCC_PFE_FILE_C_DIALECTS\=c\ objective-c\ c++\ objective-c++
    export GCC_PREFIX_HEADER\=Target\ Support\ Files/React-Fabric/React-Fabric-prefix.pch
    export GCC_PREPROCESSOR_DEFINITIONS\=POD_CONFIGURATION_DEBUG\=1\ DEBUG\=1\ \ COCOAPODS\=1
    export GCC_TREAT_WARNINGS_AS_ERRORS\=NO
    export GCC_VERSION\=com.apple.compilers.llvm.clang.1_0
    export GCC_VERSION_IDENTIFIER\=com_apple_compilers_llvm_clang_1_0
    export GCC_WARN_64_TO_32_BIT_CONVERSION\=YES
    export GCC_WARN_ABOUT_RETURN_TYPE\=YES_ERROR
    export GCC_WARN_PEDANTIC\=YES
    export GCC_WARN_UNDECLARED_SELECTOR\=YES
    export GCC_WARN_UNINITIALIZED_AUTOS\=YES_AGGRESSIVE
    export GCC_WARN_UNUSED_FUNCTION\=YES
    export GCC_WARN_UNUSED_VARIABLE\=YES
    export GENERATED_MODULEMAP_DIR\=/Users/nathannovak/Library/Developer/Xcode/DerivedData/StraboSpot2-gztieqkdzpsbarfnoxqpkwxgfcqj/Build/Intermediates.noindex/GeneratedModuleMaps-iphonesimulator
    export GENERATE_INFOPLIST_FILE\=NO
    export GENERATE_INTERMEDIATE_TEXT_BASED_STUBS\=YES
    export GENERATE_PKGINFO_FILE\=NO
    export GENERATE_PRELINK_OBJECT_FILE\=NO
    export GENERATE_PROFILING_CODE\=NO
    export GENERATE_TEXT_BASED_STUBS\=NO
    export GID\=20
    export GROUP\=staff
    export HEADERMAP_INCLUDES_FLAT_ENTRIES_FOR_TARGET_BEING_BUILT\=YES
    export HEADERMAP_INCLUDES_FRAMEWORK_ENTRIES_FOR_ALL_PRODUCT_TYPES\=YES
    export HEADERMAP_INCLUDES_FRAMEWORK_ENTRIES_FOR_TARGETS_NOT_BEING_BUILT\=YES
    export HEADERMAP_INCLUDES_NONPUBLIC_NONPRIVATE_HEADERS\=YES
    export HEADERMAP_INCLUDES_PROJECT_HEADERS\=YES
    export HEADERMAP_USES_FRAMEWORK_PREFIX_ENTRIES\=YES
    export HEADERMAP_USES_VFS\=YES
    export HEADER_SEARCH_PATHS\=/Users/nathannovak/Library/Developer/Xcode/DerivedData/StraboSpot2-gztieqkdzpsbarfnoxqpkwxgfcqj/Build/Products/Debug-iphonesimulator/React-Fabric/include\ \ \"/Users/nathannovak/Development/Apps/StraboSpot2/ios/Pods/Headers/Private\"\ \"/Users/nathannovak/Development/Apps/StraboSpot2/ios/Pods/Headers/Private/React-Fabric\"\ \"/Users/nathannovak/Development/Apps/StraboSpot2/ios/Pods/Headers/Public\"\ \"/Users/nathannovak/Development/Apps/StraboSpot2/ios/Pods/Headers/Public/DoubleConversion\"\ \"/Users/nathannovak/Development/Apps/StraboSpot2/ios/Pods/Headers/Public/FBLazyVector\"\ \"/Users/nathannovak/Development/Apps/StraboSpot2/ios/Pods/Headers/Public/RCT-Folly\"\ \"/Users/nathannovak/Development/Apps/StraboSpot2/ios/Pods/Headers/Public/RCTRequired\"\ \"/Users/nathannovak/Development/Apps/StraboSpot2/ios/Pods/Headers/Public/RCTTypeSafety\"\ \"/Users/nathannovak/Development/Apps/StraboSpot2/ios/Pods/Headers/Public/React-Core\"\ \"/Users/nathannovak/Development/Apps/StraboSpot2/ios/Pods/Headers/Public/React-Fabric\"\ \"/Users/nathannovak/Development/Apps/StraboSpot2/ios/Pods/Headers/Public/React-callinvoker\"\ \"/Users/nathannovak/Development/Apps/StraboSpot2/ios/Pods/Headers/Public/React-cxxreact\"\ \"/Users/nathannovak/Development/Apps/StraboSpot2/ios/Pods/Headers/Public/React-debug\"\ \"/Users/nathannovak/Development/Apps/StraboSpot2/ios/Pods/Headers/Public/React-featureflags\"\ \"/Users/nathannovak/Development/Apps/StraboSpot2/ios/Pods/Headers/Public/React-graphics\"\ \"/Users/nathannovak/Development/Apps/StraboSpot2/ios/Pods/Headers/Public/React-hermes\"\ \"/Users/nathannovak/Development/Apps/StraboSpot2/ios/Pods/Headers/Public/React-jsi\"\ \"/Users/nathannovak/Development/Apps/StraboSpot2/ios/Pods/Headers/Public/React-jsiexecutor\"\ \"/Users/nathannovak/Development/Apps/StraboSpot2/ios/Pods/Headers/Public/React-jsinspector\"\ \"/Users/nathannovak/Development/Apps/StraboSpot2/ios/Pods/Headers/Public/React-jsinspectortracing\"\ \"/Users/nathannovak/Development/Apps/StraboSpot2/ios/Pods/Headers/Public/React-jsitooling\"\ \"/Users/nathannovak/Development/Apps/StraboSpot2/ios/Pods/Headers/Public/React-logger\"\ \"/Users/nathannovak/Development/Apps/StraboSpot2/ios/Pods/Headers/Public/React-oscompat\"\ \"/Users/nathannovak/Development/Apps/StraboSpot2/ios/Pods/Headers/Public/React-perflogger\"\ \"/Users/nathannovak/Development/Apps/StraboSpot2/ios/Pods/Headers/Public/React-performancetimeline\"\ \"/Users/nathannovak/Development/Apps/StraboSpot2/ios/Pods/Headers/Public/React-rendererconsistency\"\ \"/Users/nathannovak/Development/Apps/StraboSpot2/ios/Pods/Headers/Public/React-renderercss\"\ \"/Users/nathannovak/Development/Apps/StraboSpot2/ios/Pods/Headers/Public/React-rendererdebug\"\ \"/Users/nathannovak/Development/Apps/StraboSpot2/ios/Pods/Headers/Public/React-runtimeexecutor\"\ \"/Users/nathannovak/Development/Apps/StraboSpot2/ios/Pods/Headers/Public/React-runtimescheduler\"\ \"/Users/nathannovak/Development/Apps/StraboSpot2/ios/Pods/Headers/Public/React-timing\"\ \"/Users/nathannovak/Development/Apps/StraboSpot2/ios/Pods/Headers/Public/React-utils\"\ \"/Users/nathannovak/Development/Apps/StraboSpot2/ios/Pods/Headers/Public/ReactCommon\"\ \"/Users/nathannovak/Development/Apps/StraboSpot2/ios/Pods/Headers/Public/Yoga\"\ \"/Users/nathannovak/Development/Apps/StraboSpot2/ios/Pods/Headers/Public/boost\"\ \"/Users/nathannovak/Development/Apps/StraboSpot2/ios/Pods/Headers/Public/fast_float\"\ \"/Users/nathannovak/Development/Apps/StraboSpot2/ios/Pods/Headers/Public/fmt\"\ \"/Users/nathannovak/Development/Apps/StraboSpot2/ios/Pods/Headers/Public/glog\"\ \"/Users/nathannovak/Development/Apps/StraboSpot2/ios/Pods/Headers/Public/hermes-engine\"\ \"/Users/nathannovak/Library/Developer/Xcode/DerivedData/StraboSpot2-gztieqkdzpsbarfnoxqpkwxgfcqj/Build/Products/Debug-iphonesimulator/React-rendererdebug/React_rendererdebug.framework/Headers\"\ \"/Users/nathannovak/Library/Developer/Xcode/DerivedData/StraboSpot2-gztieqkdzpsbarfnoxqpkwxgfcqj/Build/Products/Debug-iphonesimulator/React-graphics/React_graphics.framework/Headers\"\ \"/Users/nathannovak/Library/Developer/Xcode/DerivedData/StraboSpot2-gztieqkdzpsbarfnoxqpkwxgfcqj/Build/Products/Debug-iphonesimulator/React-graphics/React_graphics.framework/Headers/react/renderer/graphics/platform/ios\"\ \"/Users/nathannovak/Library/Developer/Xcode/DerivedData/StraboSpot2-gztieqkdzpsbarfnoxqpkwxgfcqj/Build/Products/Debug-iphonesimulator/React-rendererdebug/React_rendererdebug.framework/Headers\"\ \"/Users/nathannovak/Library/Developer/Xcode/DerivedData/StraboSpot2-gztieqkdzpsbarfnoxqpkwxgfcqj/Build/Products/Debug-iphonesimulator/React-graphics/React_graphics.framework/Headers\"\ \"/Users/nathannovak/Library/Developer/Xcode/DerivedData/StraboSpot2-gztieqkdzpsbarfnoxqpkwxgfcqj/Build/Products/Debug-iphonesimulator/React-graphics/React_graphics.framework/Headers/react/renderer/graphics/platform/ios\"\ \"/Users/nathannovak/Development/Apps/StraboSpot2/ios/Pods/Headers/Private/React-Core\"\ \"/Users/nathannovak/Library/Developer/Xcode/DerivedData/StraboSpot2-gztieqkdzpsbarfnoxqpkwxgfcqj/Build/Products/Debug-iphonesimulator/React-rendererdebug/React_rendererdebug.framework/Headers\"\ \"/Users/nathannovak/Library/Developer/Xcode/DerivedData/StraboSpot2-gztieqkdzpsbarfnoxqpkwxgfcqj/Build/Products/Debug-iphonesimulator/React-graphics/React_graphics.framework/Headers\"\ \"/Users/nathannovak/Library/Developer/Xcode/DerivedData/StraboSpot2-gztieqkdzpsbarfnoxqpkwxgfcqj/Build/Products/Debug-iphonesimulator/React-graphics/React_graphics.framework/Headers/react/renderer/graphics/platform/ios\"\ \"/Users/nathannovak/Development/Apps/StraboSpot2/ios/Pods/Headers/Private/Yoga\"\ \"/Users/nathannovak/Library/Developer/Xcode/DerivedData/StraboSpot2-gztieqkdzpsbarfnoxqpkwxgfcqj/Build/Products/Debug-iphonesimulator/React-rendererdebug/React_rendererdebug.framework/Headers\"\ \"/Users/nathannovak/Library/Developer/Xcode/DerivedData/StraboSpot2-gztieqkdzpsbarfnoxqpkwxgfcqj/Build/Products/Debug-iphonesimulator/React-graphics/React_graphics.framework/Headers\"\ \"/Users/nathannovak/Library/Developer/Xcode/DerivedData/StraboSpot2-gztieqkdzpsbarfnoxqpkwxgfcqj/Build/Products/Debug-iphonesimulator/React-graphics/React_graphics.framework/Headers/react/renderer/graphics/platform/ios\"\ \"/Users/nathannovak/Development/Apps/StraboSpot2/ios/Pods/boost\"\ \"/Users/nathannovak/Development/Apps/StraboSpot2/ios/Pods/../../node_modules/react-native/ReactCommon/ReactCommon\"\ \"/Users/nathannovak/Development/Apps/StraboSpot2/ios/Pods/RCT-Folly\"\ \"/Users/nathannovak/Development/Apps/StraboSpot2/ios/Pods/Headers/Private/Yoga\"\ \"/Users/nathannovak/Development/Apps/StraboSpot2/ios/Pods/../../node_modules/react-native/ReactCommon\"\ \"/Users/nathannovak/Development/Apps/StraboSpot2/ios/Pods/DoubleConversion\"\ \"/Users/nathannovak/Development/Apps/StraboSpot2/ios/Pods/fmt/include\"
    export HOME\=/Users/nathannovak
    export HOST_ARCH\=x86_64
    export HOST_PLATFORM\=macosx
    export ICONV\=/usr/bin/iconv
    export IMPLICIT_DEPENDENCY_DOMAIN\=default
    export INFOPLIST_ENABLE_CFBUNDLEICONS_MERGE\=YES
    export INFOPLIST_EXPAND_BUILD_SETTINGS\=YES
    export INFOPLIST_OUTPUT_FORMAT\=binary
    export INFOPLIST_PREPROCESS\=NO
    export INLINE_PRIVATE_FRAMEWORKS\=NO
    export INSTALLAPI_IGNORE_SKIP_INSTALL\=YES
    export INSTALLHDRS_COPY_PHASE\=NO
    export INSTALLHDRS_SCRIPT_PHASE\=NO
    export INSTALL_DIR\=/tmp/Pods.dst/usr/local/lib
    export INSTALL_GROUP\=staff
    export INSTALL_MODE_FLAG\=u+w,go-w,a+rX
    export INSTALL_OWNER\=nathannovak
    export INSTALL_PATH\=/usr/local/lib
    export INSTALL_ROOT\=/tmp/Pods.dst
    export IPHONEOS_DEPLOYMENT_TARGET\=15.1
    export IS_UNOPTIMIZED_BUILD\=YES
    export JAVAC_DEFAULT_FLAGS\=-J-Xms64m\ -J-XX:NewSize\=4M\ -J-Dfile.encoding\=UTF8
    export JAVA_APP_STUB\=/System/Library/Frameworks/JavaVM.framework/Resources/MacOS/JavaApplicationStub
    export JAVA_ARCHIVE_CLASSES\=YES
    export JAVA_ARCHIVE_TYPE\=JAR
    export JAVA_COMPILER\=/usr/bin/javac
    export JAVA_FRAMEWORK_RESOURCES_DIRS\=Resources
    export JAVA_JAR_FLAGS\=cv
    export JAVA_SOURCE_SUBDIR\=.
    export JAVA_USE_DEPENDENCIES\=YES
    export JAVA_ZIP_FLAGS\=-urg
    export JIKES_DEFAULT_FLAGS\=+E\ +OLDCSO
    export KEEP_PRIVATE_EXTERNS\=NO
    export LD_DEPENDENCY_INFO_FILE\=/Users/nathannovak/Library/Developer/Xcode/DerivedData/StraboSpot2-gztieqkdzpsbarfnoxqpkwxgfcqj/Build/Intermediates.noindex/Pods.build/Debug-iphonesimulator/React-Fabric.build/Objects-normal/undefined_arch/React-Fabric_dependency_info.dat
    export LD_EXPORT_SYMBOLS\=YES
    export LD_GENERATE_MAP_FILE\=NO
    export LD_MAP_FILE_PATH\=/Users/nathannovak/Library/Developer/Xcode/DerivedData/StraboSpot2-gztieqkdzpsbarfnoxqpkwxgfcqj/Build/Intermediates.noindex/Pods.build/Debug-iphonesimulator/React-Fabric.build/React-Fabric-LinkMap-normal-undefined_arch.txt
    export LD_NO_PIE\=NO
    export LD_QUOTE_LINKER_ARGUMENTS_FOR_COMPILER_DRIVER\=YES
    export LD_SHARED_CACHE_ELIGIBLE\=Automatic
    export LD_WARN_DUPLICATE_LIBRARIES\=NO
    export LD_WARN_UNUSED_DYLIBS\=NO
    export LEGACY_DEVELOPER_DIR\=/Applications/Xcode.app/Contents/PlugIns/Xcode3Core.ideplugin/Contents/SharedSupport/Developer
    export LEX\=lex
    export LIBRARY_DEXT_INSTALL_PATH\=/Library/DriverExtensions
    export LIBRARY_FLAG_NOSPACE\=YES
    export LIBRARY_FLAG_PREFIX\=-l
    export LIBRARY_KEXT_INSTALL_PATH\=/Library/Extensions
    export LIBRARY_SEARCH_PATHS\=/Users/nathannovak/Library/Developer/Xcode/DerivedData/StraboSpot2-gztieqkdzpsbarfnoxqpkwxgfcqj/Build/Products/Debug-iphonesimulator/React-Fabric\ 
    export LINKER_DISPLAYS_MANGLED_NAMES\=NO
    export LINK_FILE_LIST_normal_x86_64\=/Users/nathannovak/Library/Developer/Xcode/DerivedData/StraboSpot2-gztieqkdzpsbarfnoxqpkwxgfcqj/Build/Intermediates.noindex/Pods.build/Debug-iphonesimulator/React-Fabric.build/Objects-normal/x86_64/React-Fabric.LinkFileList
    export LINK_OBJC_RUNTIME\=YES
    export LINK_WITH_STANDARD_LIBRARIES\=YES
    export LLVM_TARGET_TRIPLE_OS_VERSION\=ios15.1
    export LLVM_TARGET_TRIPLE_SUFFIX\=-simulator
    export LLVM_TARGET_TRIPLE_VENDOR\=apple
    export LM_AUX_CONST_METADATA_LIST_PATH_normal_x86_64\=/Users/nathannovak/Library/Developer/Xcode/DerivedData/StraboSpot2-gztieqkdzpsbarfnoxqpkwxgfcqj/Build/Intermediates.noindex/Pods.build/Debug-iphonesimulator/React-Fabric.build/Objects-normal/x86_64/React-Fabric.SwiftConstValuesFileList
    export LOCALIZATION_EXPORT_SUPPORTED\=YES
    export LOCALIZATION_PREFERS_STRING_CATALOGS\=NO
    export LOCALIZED_STRING_MACRO_NAMES\=NSLocalizedString\ CFCopyLocalizedString
    export LOCALIZED_STRING_SWIFTUI_SUPPORT\=YES
    export LOCAL_ADMIN_APPS_DIR\=/Applications/Utilities
    export LOCAL_APPS_DIR\=/Applications
    export LOCAL_DEVELOPER_DIR\=/Library/Developer
    export LOCAL_LIBRARY_DIR\=/Library
    export LOCROOT\=/Users/nathannovak/Development/Apps/StraboSpot2/ios/Pods
    export LOCSYMROOT\=/Users/nathannovak/Development/Apps/StraboSpot2/ios/Pods
    export MACH_O_TYPE\=staticlib
    export MAC_OS_X_PRODUCT_BUILD_VERSION\=24G231
    export MAC_OS_X_VERSION_ACTUAL\=150701
    export MAC_OS_X_VERSION_MAJOR\=150000
    export MAC_OS_X_VERSION_MINOR\=150700
    export MAKE_MERGEABLE\=NO
    export MERGEABLE_LIBRARY\=NO
    export MERGED_BINARY_TYPE\=none
    export MERGE_LINKED_LIBRARIES\=NO
    export METAL_LIBRARY_FILE_BASE\=default
    export METAL_LIBRARY_OUTPUT_DIR\=/Users/nathannovak/Library/Developer/Xcode/DerivedData/StraboSpot2-gztieqkdzpsbarfnoxqpkwxgfcqj/Build/Products/Debug-iphonesimulator/React-Fabric/
    export MODULEMAP_FILE\=Headers/Public/React_Fabric/React-Fabric.modulemap
    export MODULE_CACHE_DIR\=/Users/nathannovak/Library/Developer/Xcode/DerivedData/ModuleCache.noindex
    export MTL_ENABLE_DEBUG_INFO\=INCLUDE_SOURCE
    export MTL_FAST_MATH\=YES
    export NATIVE_ARCH\=x86_64
    export NATIVE_ARCH_32_BIT\=i386
    export NATIVE_ARCH_64_BIT\=x86_64
    export NATIVE_ARCH_ACTUAL\=x86_64
    export NO_COMMON\=YES
    export OBJC_ABI_VERSION\=2
    export OBJECT_FILE_DIR\=/Users/nathannovak/Library/Developer/Xcode/DerivedData/StraboSpot2-gztieqkdzpsbarfnoxqpkwxgfcqj/Build/Intermediates.noindex/Pods.build/Debug-iphonesimulator/React-Fabric.build/Objects
    export OBJECT_FILE_DIR_normal\=/Users/nathannovak/Library/Developer/Xcode/DerivedData/StraboSpot2-gztieqkdzpsbarfnoxqpkwxgfcqj/Build/Intermediates.noindex/Pods.build/Debug-iphonesimulator/React-Fabric.build/Objects-normal
    export OBJROOT\=/Users/nathannovak/Library/Developer/Xcode/DerivedData/StraboSpot2-gztieqkdzpsbarfnoxqpkwxgfcqj/Build/Intermediates.noindex
    export ONLY_ACTIVE_ARCH\=YES
    export OS\=MACOS
    export OSAC\=/usr/bin/osacompile
    export OTHER_CFLAGS\=\ -fmodule-map-file\=\"/Users/nathannovak/Development/Apps/StraboSpot2/ios/Pods/Headers/Public/DoubleConversion/DoubleConversion.modulemap\"\ -fmodule-map-file\=\"/Users/nathannovak/Development/Apps/StraboSpot2/ios/Pods/Headers/Public/RCTDeprecation/RCTDeprecation.modulemap\"\ -fmodule-map-file\=\"/Users/nathannovak/Development/Apps/StraboSpot2/ios/Pods/Headers/Public/RCTTypeSafety/RCTTypeSafety.modulemap\"\ -fmodule-map-file\=\"/Users/nathannovak/Development/Apps/StraboSpot2/ios/Pods/Headers/Public/React/React-Core.modulemap\"\ -fmodule-map-file\=\"/Users/nathannovak/Development/Apps/StraboSpot2/ios/Pods/Headers/Public/ReactCommon/ReactCommon.modulemap\"\ -fmodule-map-file\=\"/Users/nathannovak/Development/Apps/StraboSpot2/ios/Pods/Headers/Public/folly/RCT-Folly.modulemap\"\ -fmodule-map-file\=\"/Users/nathannovak/Development/Apps/StraboSpot2/ios/Pods/Headers/Public/glog/glog.modulemap\"\ -fmodule-map-file\=\"/Users/nathannovak/Development/Apps/StraboSpot2/ios/Pods/Headers/Public/jsi/React-jsi.modulemap\"\ -fmodule-map-file\=\"/Users/nathannovak/Development/Apps/StraboSpot2/ios/Pods/Headers/Public/jsinspector_modern/React-jsinspector.modulemap\"\ -fmodule-map-file\=\"/Users/nathannovak/Development/Apps/StraboSpot2/ios/Pods/Headers/Public/jsinspector_modern_tracing/React-jsinspectortracing.modulemap\"\ -fmodule-map-file\=\"/Users/nathannovak/Development/Apps/StraboSpot2/ios/Pods/Headers/Public/react_debug/React-debug.modulemap\"\ -fmodule-map-file\=\"/Users/nathannovak/Development/Apps/StraboSpot2/ios/Pods/Headers/Public/react_featureflags/React-featureflags.modulemap\"\ -fmodule-map-file\=\"/Users/nathannovak/Development/Apps/StraboSpot2/ios/Pods/Headers/Public/react_renderer_css/React-renderercss.modulemap\"\ -fmodule-map-file\=\"/Users/nathannovak/Development/Apps/StraboSpot2/ios/Pods/Headers/Public/react_renderer_debug/React-rendererdebug.modulemap\"\ -fmodule-map-file\=\"/Users/nathannovak/Development/Apps/StraboSpot2/ios/Pods/Headers/Public/react_renderer_graphics/React-graphics.modulemap\"\ -fmodule-map-file\=\"/Users/nathannovak/Development/Apps/StraboSpot2/ios/Pods/Headers/Public/react_runtime/React-jsitooling.modulemap\"\ -fmodule-map-file\=\"/Users/nathannovak/Development/Apps/StraboSpot2/ios/Pods/Headers/Public/react_utils/React-utils.modulemap\"\ -fmodule-map-file\=\"/Users/nathannovak/Development/Apps/StraboSpot2/ios/Pods/Headers/Public/reacthermes/React-hermes.modulemap\"\ -fmodule-map-file\=\"/Users/nathannovak/Development/Apps/StraboSpot2/ios/Pods/Headers/Public/yoga/Yoga.modulemap\"
    export OTHER_CPLUSPLUSFLAGS\=\ -fmodule-map-file\=\"/Users/nathannovak/Development/Apps/StraboSpot2/ios/Pods/Headers/Public/DoubleConversion/DoubleConversion.modulemap\"\ -fmodule-map-file\=\"/Users/nathannovak/Development/Apps/StraboSpot2/ios/Pods/Headers/Public/RCTDeprecation/RCTDeprecation.modulemap\"\ -fmodule-map-file\=\"/Users/nathannovak/Development/Apps/StraboSpot2/ios/Pods/Headers/Public/RCTTypeSafety/RCTTypeSafety.modulemap\"\ -fmodule-map-file\=\"/Users/nathannovak/Development/Apps/StraboSpot2/ios/Pods/Headers/Public/React/React-Core.modulemap\"\ -fmodule-map-file\=\"/Users/nathannovak/Development/Apps/StraboSpot2/ios/Pods/Headers/Public/ReactCommon/ReactCommon.modulemap\"\ -fmodule-map-file\=\"/Users/nathannovak/Development/Apps/StraboSpot2/ios/Pods/Headers/Public/folly/RCT-Folly.modulemap\"\ -fmodule-map-file\=\"/Users/nathannovak/Development/Apps/StraboSpot2/ios/Pods/Headers/Public/glog/glog.modulemap\"\ -fmodule-map-file\=\"/Users/nathannovak/Development/Apps/StraboSpot2/ios/Pods/Headers/Public/jsi/React-jsi.modulemap\"\ -fmodule-map-file\=\"/Users/nathannovak/Development/Apps/StraboSpot2/ios/Pods/Headers/Public/jsinspector_modern/React-jsinspector.modulemap\"\ -fmodule-map-file\=\"/Users/nathannovak/Development/Apps/StraboSpot2/ios/Pods/Headers/Public/jsinspector_modern_tracing/React-jsinspectortracing.modulemap\"\ -fmodule-map-file\=\"/Users/nathannovak/Development/Apps/StraboSpot2/ios/Pods/Headers/Public/react_debug/React-debug.modulemap\"\ -fmodule-map-file\=\"/Users/nathannovak/Development/Apps/StraboSpot2/ios/Pods/Headers/Public/react_featureflags/React-featureflags.modulemap\"\ -fmodule-map-file\=\"/Users/nathannovak/Development/Apps/StraboSpot2/ios/Pods/Headers/Public/react_renderer_css/React-renderercss.modulemap\"\ -fmodule-map-file\=\"/Users/nathannovak/Development/Apps/StraboSpot2/ios/Pods/Headers/Public/react_renderer_debug/React-rendererdebug.modulemap\"\ -fmodule-map-file\=\"/Users/nathannovak/Development/Apps/StraboSpot2/ios/Pods/Headers/Public/react_renderer_graphics/React-graphics.modulemap\"\ -fmodule-map-file\=\"/Users/nathannovak/Development/Apps/StraboSpot2/ios/Pods/Headers/Public/react_runtime/React-jsitooling.modulemap\"\ -fmodule-map-file\=\"/Users/nathannovak/Development/Apps/StraboSpot2/ios/Pods/Headers/Public/react_utils/React-utils.modulemap\"\ -fmodule-map-file\=\"/Users/nathannovak/Development/Apps/StraboSpot2/ios/Pods/Headers/Public/reacthermes/React-hermes.modulemap\"\ -fmodule-map-file\=\"/Users/nathannovak/Development/Apps/StraboSpot2/ios/Pods/Headers/Public/yoga/Yoga.modulemap\"
    export PACKAGE_TYPE\=com.apple.package-type.static-library
    export PASCAL_STRINGS\=YES
    export PATH\=/Applications/Xcode.app/Contents/SharedFrameworks/SwiftBuild.framework/Versions/A/PlugIns/SWBBuildService.bundle/Contents/PlugIns/SWBUniversalPlatformPlugin.bundle/Contents/Frameworks/SWBUniversalPlatform.framework/Resources:/Applications/Xcode.app/Contents/Developer/Toolchains/XcodeDefault.xctoolchain/usr/bin:/Applications/Xcode.app/Contents/Developer/Toolchains/XcodeDefault.xctoolchain/usr/local/bin:/Applications/Xcode.app/Contents/Developer/Toolchains/XcodeDefault.xctoolchain/usr/libexec:/Applications/Xcode.app/Contents/Developer/Platforms/iPhoneSimulator.platform/usr/bin:/Applications/Xcode.app/Contents/Developer/Platforms/iPhoneSimulator.platform/usr/local/bin:/Applications/Xcode.app/Contents/Developer/Platforms/iPhoneSimulator.platform/Developer/usr/bin:/Applications/Xcode.app/Contents/Developer/Platforms/iPhoneSimulator.platform/Developer/usr/local/bin:/Applications/Xcode.app/Contents/Developer/usr/bin:/Applications/Xcode.app/Contents/Developer/usr/local/bin:/Users/nathannovak/Development/Apps/StraboSpot2/node_modules/.bin:/Users/nathannovak/Development/Apps/node_modules/.bin:/Users/nathannovak/Development/node_modules/.bin:/Users/nathannovak/node_modules/.bin:/Users/node_modules/.bin:/node_modules/.bin:/Users/nathannovak/.nvm/versions/node/v22.16.0/lib/node_modules/npm/node_modules/@npmcli/run-script/lib/node-gyp-bin:/Users/nathannovak/.flashlight/bin:/Users/nathannovak/.nvm/versions/node/v22.16.0/bin:/Users/nathannovak/google-cloud-sdk/bin:/Users/nathannovak/.rbenv/shims:/Library/Frameworks/Python.framework/Versions/3.10/bin:/Library/Frameworks/Python.framework/Versions/3.6/bin:/usr/local/bin:/System/Cryptexes/App/usr/bin:/usr/bin:/bin:/usr/sbin:/sbin:/var/run/com.apple.security.cryptexd/codex.system/bootstrap/usr/local/bin:/var/run/com.apple.security.cryptexd/codex.system/bootstrap/usr/bin:/var/run/com.apple.security.cryptexd/codex.system/bootstrap/usr/appleinternal/bin:/Library/Apple/usr/bin:/Library/TeX/texbin:/Users/nathannovak/Library/Android/sdk/emulator:/Users/nathannovak/Library/Android/sdk/platform-tools
    export PATH_PREFIXES_EXCLUDED_FROM_HEADER_DEPENDENCIES\=/usr/include\ /usr/local/include\ /System/Library/Frameworks\ /System/Library/PrivateFrameworks\ /Applications/Xcode.app/Contents/Developer/Headers\ /Applications/Xcode.app/Contents/Developer/SDKs\ /Applications/Xcode.app/Contents/Developer/Platforms
    export PER_ARCH_MODULE_FILE_DIR\=/Users/nathannovak/Library/Developer/Xcode/DerivedData/StraboSpot2-gztieqkdzpsbarfnoxqpkwxgfcqj/Build/Intermediates.noindex/Pods.build/Debug-iphonesimulator/React-Fabric.build/Objects-normal/undefined_arch
    export PER_ARCH_OBJECT_FILE_DIR\=/Users/nathannovak/Library/Developer/Xcode/DerivedData/StraboSpot2-gztieqkdzpsbarfnoxqpkwxgfcqj/Build/Intermediates.noindex/Pods.build/Debug-iphonesimulator/React-Fabric.build/Objects-normal/undefined_arch
    export PER_VARIANT_OBJECT_FILE_DIR\=/Users/nathannovak/Library/Developer/Xcode/DerivedData/StraboSpot2-gztieqkdzpsbarfnoxqpkwxgfcqj/Build/Intermediates.noindex/Pods.build/Debug-iphonesimulator/React-Fabric.build/Objects-normal
    export PKGINFO_FILE_PATH\=/Users/nathannovak/Library/Developer/Xcode/DerivedData/StraboSpot2-gztieqkdzpsbarfnoxqpkwxgfcqj/Build/Intermediates.noindex/Pods.build/Debug-iphonesimulator/React-Fabric.build/PkgInfo
    export PLATFORM_DEVELOPER_APPLICATIONS_DIR\=/Applications/Xcode.app/Contents/Developer/Platforms/iPhoneSimulator.platform/Developer/Applications
    export PLATFORM_DEVELOPER_BIN_DIR\=/Applications/Xcode.app/Contents/Developer/Platforms/iPhoneSimulator.platform/Developer/usr/bin
    export PLATFORM_DEVELOPER_LIBRARY_DIR\=/Applications/Xcode.app/Contents/Developer/Platforms/iPhoneSimulator.platform/Developer/Library
    export PLATFORM_DEVELOPER_SDK_DIR\=/Applications/Xcode.app/Contents/Developer/Platforms/iPhoneSimulator.platform/Developer/SDKs
    export PLATFORM_DEVELOPER_TOOLS_DIR\=/Applications/Xcode.app/Contents/Developer/Platforms/iPhoneSimulator.platform/Developer/Tools
    export PLATFORM_DEVELOPER_USR_DIR\=/Applications/Xcode.app/Contents/Developer/Platforms/iPhoneSimulator.platform/Developer/usr
    export PLATFORM_DIR\=/Applications/Xcode.app/Contents/Developer/Platforms/iPhoneSimulator.platform
    export PLATFORM_DISPLAY_NAME\=iOS\ Simulator
    export PLATFORM_FAMILY_NAME\=iOS
    export PLATFORM_NAME\=iphonesimulator
    export PLATFORM_PREFERRED_ARCH\=x86_64
    export PLATFORM_PRODUCT_BUILD_VERSION\=23A339
    export PLATFORM_REQUIRES_SWIFT_AUTOLINK_EXTRACT\=NO
    export PLATFORM_REQUIRES_SWIFT_MODULEWRAP\=NO
    export PLIST_FILE_OUTPUT_FORMAT\=binary
    export PODS_BUILD_DIR\=/Users/nathannovak/Library/Developer/Xcode/DerivedData/StraboSpot2-gztieqkdzpsbarfnoxqpkwxgfcqj/Build/Products
    export PODS_CONFIGURATION_BUILD_DIR\=/Users/nathannovak/Library/Developer/Xcode/DerivedData/StraboSpot2-gztieqkdzpsbarfnoxqpkwxgfcqj/Build/Products/Debug-iphonesimulator
    export PODS_DEVELOPMENT_LANGUAGE\=en
    export PODS_ROOT\=/Users/nathannovak/Development/Apps/StraboSpot2/ios/Pods
    export PODS_TARGET_SRCROOT\=/Users/nathannovak/Development/Apps/StraboSpot2/ios/Pods/../../node_modules/react-native/ReactCommon
    export PODS_XCFRAMEWORKS_BUILD_DIR\=/Users/nathannovak/Library/Developer/Xcode/DerivedData/StraboSpot2-gztieqkdzpsbarfnoxqpkwxgfcqj/Build/Products/Debug-iphonesimulator/XCFrameworkIntermediates
    export PRECOMPS_INCLUDE_HEADERS_FROM_BUILT_PRODUCTS_DIR\=YES
    export PRECOMP_DESTINATION_DIR\=/Users/nathannovak/Library/Developer/Xcode/DerivedData/StraboSpot2-gztieqkdzpsbarfnoxqpkwxgfcqj/Build/Intermediates.noindex/Pods.build/Debug-iphonesimulator/React-Fabric.build/PrefixHeaders
    export PROCESSED_INFOPLIST_PATH\=/Users/nathannovak/Library/Developer/Xcode/DerivedData/StraboSpot2-gztieqkdzpsbarfnoxqpkwxgfcqj/Build/Intermediates.noindex/Pods.build/Debug-iphonesimulator/React-Fabric.build/Objects-normal/undefined_arch/Processed-Info.plist
    export PRODUCT_BUNDLE_IDENTIFIER\=org.cocoapods.React-Fabric
    export PRODUCT_MODULE_NAME\=React_Fabric
    export PRODUCT_NAME\=React-Fabric
    export PRODUCT_SETTINGS_PATH\=
    export PRODUCT_TYPE\=com.apple.product-type.library.static
    export PROFILING_CODE\=NO
    export PROJECT\=Pods
    export PROJECT_DERIVED_FILE_DIR\=/Users/nathannovak/Library/Developer/Xcode/DerivedData/StraboSpot2-gztieqkdzpsbarfnoxqpkwxgfcqj/Build/Intermediates.noindex/Pods.build/DerivedSources
    export PROJECT_DIR\=/Users/nathannovak/Development/Apps/StraboSpot2/ios/Pods
    export PROJECT_FILE_PATH\=/Users/nathannovak/Development/Apps/StraboSpot2/ios/Pods/Pods.xcodeproj
    export PROJECT_GUID\=8699adb1dd336b26511df848a716bd42
    export PROJECT_NAME\=Pods
    export PROJECT_TEMP_DIR\=/Users/nathannovak/Library/Developer/Xcode/DerivedData/StraboSpot2-gztieqkdzpsbarfnoxqpkwxgfcqj/Build/Intermediates.noindex/Pods.build
    export PROJECT_TEMP_ROOT\=/Users/nathannovak/Library/Developer/Xcode/DerivedData/StraboSpot2-gztieqkdzpsbarfnoxqpkwxgfcqj/Build/Intermediates.noindex
    export REACT_NATIVE_PATH\=/Users/nathannovak/Development/Apps/StraboSpot2/ios/Pods/../../node_modules/react-native
    export RECOMMENDED_IPHONEOS_DEPLOYMENT_TARGET\=15.0
    export RECURSIVE_SEARCH_PATHS_FOLLOW_SYMLINKS\=YES
    export REMOVE_CVS_FROM_RESOURCES\=YES
    export REMOVE_GIT_FROM_RESOURCES\=YES
    export REMOVE_HEADERS_FROM_EMBEDDED_BUNDLES\=YES
    export REMOVE_HG_FROM_RESOURCES\=YES
    export REMOVE_STATIC_EXECUTABLES_FROM_EMBEDDED_BUNDLES\=YES
    export REMOVE_SVN_FROM_RESOURCES\=YES
    export RESCHEDULE_INDEPENDENT_HEADERS_PHASES\=YES
    export REZ_COLLECTOR_DIR\=/Users/nathannovak/Library/Developer/Xcode/DerivedData/StraboSpot2-gztieqkdzpsbarfnoxqpkwxgfcqj/Build/Intermediates.noindex/Pods.build/Debug-iphonesimulator/React-Fabric.build/ResourceManagerResources
    export REZ_EXECUTABLE\=YES
    export REZ_OBJECTS_DIR\=/Users/nathannovak/Library/Developer/Xcode/DerivedData/StraboSpot2-gztieqkdzpsbarfnoxqpkwxgfcqj/Build/Intermediates.noindex/Pods.build/Debug-iphonesimulator/React-Fabric.build/ResourceManagerResources/Objects
    export REZ_SEARCH_PATHS\=/Users/nathannovak/Library/Developer/Xcode/DerivedData/StraboSpot2-gztieqkdzpsbarfnoxqpkwxgfcqj/Build/Products/Debug-iphonesimulator/React-Fabric\ 
    export RUNTIME_EXCEPTION_ALLOW_DYLD_ENVIRONMENT_VARIABLES\=NO
    export RUNTIME_EXCEPTION_ALLOW_JIT\=NO
    export RUNTIME_EXCEPTION_ALLOW_UNSIGNED_EXECUTABLE_MEMORY\=NO
    export RUNTIME_EXCEPTION_DEBUGGING_TOOL\=NO
    export RUNTIME_EXCEPTION_DISABLE_EXECUTABLE_PAGE_PROTECTION\=NO
    export RUNTIME_EXCEPTION_DISABLE_LIBRARY_VALIDATION\=NO
    export SCAN_ALL_SOURCE_FILES_FOR_INCLUDES\=NO
    export SCRIPT_INPUT_FILE_COUNT\=0
    export SCRIPT_INPUT_FILE_LIST_COUNT\=0
    export SCRIPT_OUTPUT_FILE_COUNT\=0
    export SCRIPT_OUTPUT_FILE_LIST_COUNT\=0
    export SDKROOT\=/Applications/Xcode.app/Contents/Developer/Platforms/iPhoneSimulator.platform/Developer/SDKs/iPhoneSimulator26.0.sdk
    export SDK_DIR\=/Applications/Xcode.app/Contents/Developer/Platforms/iPhoneSimulator.platform/Developer/SDKs/iPhoneSimulator26.0.sdk
    export SDK_DIR_iphonesimulator\=/Applications/Xcode.app/Contents/Developer/Platforms/iPhoneSimulator.platform/Developer/SDKs/iPhoneSimulator26.0.sdk
    export SDK_DIR_iphonesimulator26_0\=/Applications/Xcode.app/Contents/Developer/Platforms/iPhoneSimulator.platform/Developer/SDKs/iPhoneSimulator26.0.sdk
    export SDK_NAME\=iphonesimulator26.0
    export SDK_NAMES\=iphonesimulator26.0
    export SDK_PRODUCT_BUILD_VERSION\=23A339
    export SDK_STAT_CACHE_DIR\=/Users/nathannovak/Library/Developer/Xcode/DerivedData
    export SDK_STAT_CACHE_ENABLE\=YES
    export SDK_STAT_CACHE_PATH\=/Users/nathannovak/Library/Developer/Xcode/DerivedData/SDKStatCaches.noindex/iphonesimulator26.0-23A339-26257891a6c027eb51374368541b8346.sdkstatcache
    export SDK_VERSION\=26.0
    export SDK_VERSION_ACTUAL\=260000
    export SDK_VERSION_MAJOR\=260000
    export SDK_VERSION_MINOR\=260000
    export SED\=/usr/bin/sed
    export SEPARATE_STRIP\=NO
    export SEPARATE_SYMBOL_EDIT\=NO
    export SET_DIR_MODE_OWNER_GROUP\=YES
    export SET_FILE_MODE_OWNER_GROUP\=NO
    export SHALLOW_BUNDLE\=NO
    export SHARED_DERIVED_FILE_DIR\=/Users/nathannovak/Library/Developer/Xcode/DerivedData/StraboSpot2-gztieqkdzpsbarfnoxqpkwxgfcqj/Build/Products/Debug-iphonesimulator/React-Fabric/DerivedSources
    export SHARED_PRECOMPS_DIR\=/Users/nathannovak/Library/Developer/Xcode/DerivedData/StraboSpot2-gztieqkdzpsbarfnoxqpkwxgfcqj/Build/Intermediates.noindex/PrecompiledHeaders
    export SKIP_INSTALL\=YES
    export SOURCE_ROOT\=/Users/nathannovak/Development/Apps/StraboSpot2/ios/Pods
    export SRCROOT\=/Users/nathannovak/Development/Apps/StraboSpot2/ios/Pods
    export STRINGSDATA_DIR\=/Users/nathannovak/Library/Developer/Xcode/DerivedData/StraboSpot2-gztieqkdzpsbarfnoxqpkwxgfcqj/Build/Intermediates.noindex/Pods.build/Debug-iphonesimulator/React-Fabric.build/Objects-normal/undefined_arch
    export STRINGSDATA_ROOT\=/Users/nathannovak/Library/Developer/Xcode/DerivedData/StraboSpot2-gztieqkdzpsbarfnoxqpkwxgfcqj/Build/Intermediates.noindex/Pods.build/Debug-iphonesimulator/React-Fabric.build
    export STRINGS_FILE_INFOPLIST_RENAME\=YES
    export STRINGS_FILE_OUTPUT_ENCODING\=binary
    export STRING_CATALOG_GENERATE_SYMBOLS\=NO
    export STRIP_BITCODE_FROM_COPIED_FILES\=NO
    export STRIP_INSTALLED_PRODUCT\=NO
    export STRIP_STYLE\=debugging
    export STRIP_SWIFT_SYMBOLS\=YES
    export SUPPORTED_DEVICE_FAMILIES\=1,2
    export SUPPORTED_PLATFORMS\=iphoneos\ iphonesimulator
    export SUPPORTS_TEXT_BASED_API\=NO
    export SUPPRESS_WARNINGS\=NO
    export SWIFT_ACTIVE_COMPILATION_CONDITIONS\=\ DEBUG\ 
    export SWIFT_EMIT_CONST_VALUE_PROTOCOLS\=AppIntent\ EntityQuery\ AppEntity\ TransientEntity\ AppEnum\ AppShortcutProviding\ AppShortcutsProvider\ AnyResolverProviding\ AppIntentsPackage\ DynamicOptionsProvider\ _IntentValueRepresentable\ _AssistantIntentsProvider\ _GenerativeFunctionExtractable\ IntentValueQuery\ Resolver\ AppExtension\ ExtensionPointDefining
    export SWIFT_EMIT_LOC_STRINGS\=NO
    export SWIFT_ENABLE_EXPLICIT_MODULES\=YES
    export SWIFT_OPTIMIZATION_LEVEL\=-Onone
    export SWIFT_PLATFORM_TARGET_PREFIX\=ios
    export SWIFT_RESPONSE_FILE_PATH_normal_x86_64\=/Users/nathannovak/Library/Developer/Xcode/DerivedData/StraboSpot2-gztieqkdzpsbarfnoxqpkwxgfcqj/Build/Intermediates.noindex/Pods.build/Debug-iphonesimulator/React-Fabric.build/Objects-normal/x86_64/React-Fabric.SwiftFileList
    export SWIFT_VERSION\=5.0
    export SYMROOT\=/Users/nathannovak/Library/Developer/Xcode/DerivedData/StraboSpot2-gztieqkdzpsbarfnoxqpkwxgfcqj/Build/Products
    export SYSTEM_ADMIN_APPS_DIR\=/Applications/Utilities
    export SYSTEM_APPS_DIR\=/Applications
    export SYSTEM_CORE_SERVICES_DIR\=/System/Library/CoreServices
    export SYSTEM_DEMOS_DIR\=/Applications/Extras
    export SYSTEM_DEVELOPER_APPS_DIR\=/Applications/Xcode.app/Contents/Developer/Applications
    export SYSTEM_DEVELOPER_BIN_DIR\=/Applications/Xcode.app/Contents/Developer/usr/bin
    export SYSTEM_DEVELOPER_DEMOS_DIR\=/Applications/Xcode.app/Contents/Developer/Applications/Utilities/Built\ Examples
    export SYSTEM_DEVELOPER_DIR\=/Applications/Xcode.app/Contents/Developer
    export SYSTEM_DEVELOPER_DOC_DIR\=/Applications/Xcode.app/Contents/Developer/ADC\ Reference\ Library
    export SYSTEM_DEVELOPER_GRAPHICS_TOOLS_DIR\=/Applications/Xcode.app/Contents/Developer/Applications/Graphics\ Tools
    export SYSTEM_DEVELOPER_JAVA_TOOLS_DIR\=/Applications/Xcode.app/Contents/Developer/Applications/Java\ Tools
    export SYSTEM_DEVELOPER_PERFORMANCE_TOOLS_DIR\=/Applications/Xcode.app/Contents/Developer/Applications/Performance\ Tools
    export SYSTEM_DEVELOPER_RELEASENOTES_DIR\=/Applications/Xcode.app/Contents/Developer/ADC\ Reference\ Library/releasenotes
    export SYSTEM_DEVELOPER_TOOLS\=/Applications/Xcode.app/Contents/Developer/Tools
    export SYSTEM_DEVELOPER_TOOLS_DOC_DIR\=/Applications/Xcode.app/Contents/Developer/ADC\ Reference\ Library/documentation/DeveloperTools
    export SYSTEM_DEVELOPER_TOOLS_RELEASENOTES_DIR\=/Applications/Xcode.app/Contents/Developer/ADC\ Reference\ Library/releasenotes/DeveloperTools
    export SYSTEM_DEVELOPER_USR_DIR\=/Applications/Xcode.app/Contents/Developer/usr
    export SYSTEM_DEVELOPER_UTILITIES_DIR\=/Applications/Xcode.app/Contents/Developer/Applications/Utilities
    export SYSTEM_DEXT_INSTALL_PATH\=/System/Library/DriverExtensions
    export SYSTEM_DOCUMENTATION_DIR\=/Library/Documentation
    export SYSTEM_KEXT_INSTALL_PATH\=/System/Library/Extensions
    export SYSTEM_LIBRARY_DIR\=/System/Library
    export TAPI_DEMANGLE\=YES
    export TAPI_ENABLE_PROJECT_HEADERS\=NO
    export TAPI_LANGUAGE\=objective-c
    export TAPI_LANGUAGE_STANDARD\=compiler-default
    export TAPI_USE_SRCROOT\=YES
    export TAPI_VERIFY_MODE\=Pedantic
    export TARGETED_DEVICE_FAMILY\=1,2
    export TARGETNAME\=React-Fabric
    export TARGET_BUILD_DIR\=/Users/nathannovak/Library/Developer/Xcode/DerivedData/StraboSpot2-gztieqkdzpsbarfnoxqpkwxgfcqj/Build/Products/Debug-iphonesimulator/React-Fabric
    export TARGET_DEVICE_IDENTIFIER\=74C76BE2-3534-4702-95EC-116B7842C0E9
    export TARGET_DEVICE_MODEL\=iPad14,3
    export TARGET_DEVICE_OS_VERSION\=18.0
    export TARGET_DEVICE_PLATFORM_NAME\=iphonesimulator
    export TARGET_NAME\=React-Fabric
    export TARGET_TEMP_DIR\=/Users/nathannovak/Library/Developer/Xcode/DerivedData/StraboSpot2-gztieqkdzpsbarfnoxqpkwxgfcqj/Build/Intermediates.noindex/Pods.build/Debug-iphonesimulator/React-Fabric.build
    export TEMP_DIR\=/Users/nathannovak/Library/Developer/Xcode/DerivedData/StraboSpot2-gztieqkdzpsbarfnoxqpkwxgfcqj/Build/Intermediates.noindex/Pods.build/Debug-iphonesimulator/React-Fabric.build
    export TEMP_FILES_DIR\=/Users/nathannovak/Library/Developer/Xcode/DerivedData/StraboSpot2-gztieqkdzpsbarfnoxqpkwxgfcqj/Build/Intermediates.noindex/Pods.build/Debug-iphonesimulator/React-Fabric.build
    export TEMP_FILE_DIR\=/Users/nathannovak/Library/Developer/Xcode/DerivedData/StraboSpot2-gztieqkdzpsbarfnoxqpkwxgfcqj/Build/Intermediates.noindex/Pods.build/Debug-iphonesimulator/React-Fabric.build
    export TEMP_ROOT\=/Users/nathannovak/Library/Developer/Xcode/DerivedData/StraboSpot2-gztieqkdzpsbarfnoxqpkwxgfcqj/Build/Intermediates.noindex
    export TEMP_SANDBOX_DIR\=/Users/nathannovak/Library/Developer/Xcode/DerivedData/StraboSpot2-gztieqkdzpsbarfnoxqpkwxgfcqj/Build/Intermediates.noindex/TemporaryTaskSandboxes
    export TEST_FRAMEWORK_SEARCH_PATHS\=\ /Applications/Xcode.app/Contents/Developer/Platforms/iPhoneSimulator.platform/Developer/Library/Frameworks\ /Applications/Xcode.app/Contents/Developer/Platforms/iPhoneSimulator.platform/Developer/SDKs/iPhoneSimulator26.0.sdk/Developer/Library/Frameworks
    export TEST_LIBRARY_SEARCH_PATHS\=\ /Applications/Xcode.app/Contents/Developer/Platforms/iPhoneSimulator.platform/Developer/usr/lib
    export TOOLCHAINS\=com.apple.dt.toolchain.XcodeDefault
    export TOOLCHAIN_DIR\=/Applications/Xcode.app/Contents/Developer/Toolchains/XcodeDefault.xctoolchain
    export TREAT_MISSING_BASELINES_AS_TEST_FAILURES\=NO
    export TREAT_MISSING_SCRIPT_PHASE_OUTPUTS_AS_ERRORS\=NO
    export UID\=501
    export UNINSTALLED_PRODUCTS_DIR\=/Users/nathannovak/Library/Developer/Xcode/DerivedData/StraboSpot2-gztieqkdzpsbarfnoxqpkwxgfcqj/Build/Intermediates.noindex/UninstalledProducts
    export UNSTRIPPED_PRODUCT\=NO
    export USER\=nathannovak
    export USER_APPS_DIR\=/Users/nathannovak/Applications
    export USER_LIBRARY_DIR\=/Users/nathannovak/Library
    export USE_DYNAMIC_NO_PIC\=YES
    export USE_HEADERMAP\=YES
    export USE_HEADER_SYMLINKS\=NO
    export USE_HERMES\=true
    export USE_RECURSIVE_SCRIPT_INPUTS_IN_SCRIPT_PHASES\=YES
    export VALIDATE_DEVELOPMENT_ASSET_PATHS\=YES_ERROR
    export VALIDATE_PRODUCT\=NO
    export VALID_ARCHS\=arm64\ x86_64
    export VERBOSE_PBXCP\=NO
    export VERSION_INFO_BUILDER\=nathannovak
    export VERSION_INFO_FILE\=React-Fabric_vers.c
    export VERSION_INFO_STRING\=\"@\(\#\)PROGRAM:React-Fabric\ \ PROJECT:Pods-\"
    export WORKSPACE_DIR\=/Users/nathannovak/Development/Apps/StraboSpot2/ios
    export WRAP_ASSET_PACKS_IN_SEPARATE_DIRECTORIES\=NO
    export XCODE_APP_SUPPORT_DIR\=/Applications/Xcode.app/Contents/Developer/Library/Xcode
    export XCODE_PRODUCT_BUILD_VERSION\=17A400
    export XCODE_VERSION_ACTUAL\=2601
    export XCODE_VERSION_MAJOR\=2600
    export XCODE_VERSION_MINOR\=2600
    export XPCSERVICES_FOLDER_PATH\=/XPCServices
    export YACC\=yacc
    export _DISCOVER_COMMAND_LINE_LINKER_INPUTS\=YES
    export _DISCOVER_COMMAND_LINE_LINKER_INPUTS_INCLUDE_WL\=YES
    export _LD_MULTIARCH\=YES
    export __DIAGNOSE_DEPRECATED_ARCHS\=YES
    export arch\=undefined_arch
    export variant\=normal
    /bin/sh -c /Users/nathannovak/Library/Developer/Xcode/DerivedData/StraboSpot2-gztieqkdzpsbarfnoxqpkwxgfcqj/Build/Intermediates.noindex/Pods.build/Debug-iphonesimulator/React-Fabric.build/Script-46EB2E00036190.sh
Checking whether Codegen has run...

note: Run script build phase '[CP-User] [RN]Check rncore' will be run during every build because the option to run the script phase "Based on dependency analysis" is unchecked. (in target 'React-FabricComponents' from project 'Pods')
PhaseScriptExecution [CP-User]\ [RN]Check\ rncore /Users/nathannovak/Library/Developer/Xcode/DerivedData/StraboSpot2-gztieqkdzpsbarfnoxqpkwxgfcqj/Build/Intermediates.noindex/Pods.build/Debug-iphonesimulator/React-FabricComponents.build/Script-46EB2E000361A0.sh (in target 'React-FabricComponents' from project 'Pods')
    cd /Users/nathannovak/Development/Apps/StraboSpot2/ios/Pods
    export ACTION\=build
    export AD_HOC_CODE_SIGNING_ALLOWED\=YES
    export ALLOW_BUILD_REQUEST_OVERRIDES\=NO
    export ALLOW_TARGET_PLATFORM_SPECIALIZATION\=NO
    export ALTERNATE_GROUP\=staff
    export ALTERNATE_MODE\=u+w,go-w,a+rX
    export ALTERNATE_OWNER\=nathannovak
    export ALTERNATIVE_DISTRIBUTION_WEB\=NO
    export ALWAYS_EMBED_SWIFT_STANDARD_LIBRARIES\=NO
    export ALWAYS_SEARCH_USER_PATHS\=NO
    export ALWAYS_USE_SEPARATE_HEADERMAPS\=NO
    export ANDROID_DEPLOYMENT_TARGET\=21.0
    export APPLICATION_EXTENSION_API_ONLY\=NO
    export APPLY_RULES_IN_COPY_FILES\=NO
    export APPLY_RULES_IN_COPY_HEADERS\=NO
    export APP_SHORTCUTS_ENABLE_FLEXIBLE_MATCHING\=YES
    export ARCHS\=x86_64
    export ARCHS_STANDARD\=arm64\ x86_64
    export ARCHS_STANDARD_32_64_BIT\=arm64\ x86_64
    export ARCHS_STANDARD_64_BIT\=arm64\ x86_64
    export ARCHS_STANDARD_INCLUDING_64_BIT\=arm64\ x86_64
    export ARCHS_UNIVERSAL_IPHONE_OS\=arm64\ x86_64
    export ASSETCATALOG_FILTER_FOR_DEVICE_MODEL\=iPad14,3-A
    export ASSETCATALOG_FILTER_FOR_DEVICE_OS_VERSION\=18.0
    export ASSETCATALOG_FILTER_FOR_THINNING_DEVICE_CONFIGURATION\=iPad14,3-A
    export AUTOMATICALLY_MERGE_DEPENDENCIES\=NO
    export AUTOMATION_APPLE_EVENTS\=NO
    export AVAILABLE_PLATFORMS\=android\ appletvos\ appletvsimulator\ driverkit\ iphoneos\ iphonesimulator\ macosx\ qnx\ watchos\ watchsimulator\ webassembly\ xros\ xrsimulator
    export BUILD_ACTIVE_RESOURCES_ONLY\=YES
    export BUILD_COMPONENTS\=headers\ build
    export BUILD_DIR\=/Users/nathannovak/Library/Developer/Xcode/DerivedData/StraboSpot2-gztieqkdzpsbarfnoxqpkwxgfcqj/Build/Products
    export BUILD_LIBRARY_FOR_DISTRIBUTION\=NO
    export BUILD_ROOT\=/Users/nathannovak/Library/Developer/Xcode/DerivedData/StraboSpot2-gztieqkdzpsbarfnoxqpkwxgfcqj/Build/Products
    export BUILD_STYLE\=
    export BUILD_VARIANTS\=normal
    export BUILT_PRODUCTS_DIR\=/Users/nathannovak/Library/Developer/Xcode/DerivedData/StraboSpot2-gztieqkdzpsbarfnoxqpkwxgfcqj/Build/Products/Debug-iphonesimulator/React-FabricComponents
    export BUNDLE_CONTENTS_FOLDER_PATH_deep\=Contents/
    export BUNDLE_EXECUTABLE_FOLDER_NAME_deep\=MacOS
    export BUNDLE_EXTENSIONS_FOLDER_PATH\=Extensions
    export BUNDLE_FORMAT\=shallow
    export BUNDLE_FRAMEWORKS_FOLDER_PATH\=Frameworks
    export BUNDLE_PLUGINS_FOLDER_PATH\=PlugIns
    export BUNDLE_PRIVATE_HEADERS_FOLDER_PATH\=PrivateHeaders
    export BUNDLE_PUBLIC_HEADERS_FOLDER_PATH\=Headers
    export CACHE_ROOT\=/var/folders/pj/76qzdyzd0077fjwvf34jpht00000gn/C/com.apple.DeveloperTools/26.0.1-17A400/Xcode
    export CCHROOT\=/var/folders/pj/76qzdyzd0077fjwvf34jpht00000gn/C/com.apple.DeveloperTools/26.0.1-17A400/Xcode
    export CHMOD\=/bin/chmod
    export CHOWN\=/usr/sbin/chown
    export CLANG_ANALYZER_LOCALIZABILITY_NONLOCALIZED\=YES
    export CLANG_ANALYZER_NONNULL\=YES
    export CLANG_ANALYZER_NUMBER_OBJECT_CONVERSION\=YES_AGGRESSIVE
    export CLANG_CACHE_FINE_GRAINED_OUTPUTS\=YES
    export CLANG_CXX_LANGUAGE_STANDARD\=c++20
    export CLANG_CXX_LIBRARY\=libc++
    export CLANG_ENABLE_EXPLICIT_MODULES\=YES
    export CLANG_ENABLE_MODULES\=YES
    export CLANG_ENABLE_MODULE_DEBUGGING\=NO
    export CLANG_ENABLE_OBJC_ARC\=YES
    export CLANG_ENABLE_OBJC_WEAK\=NO
    export CLANG_MODULES_BUILD_SESSION_FILE\=/Users/nathannovak/Library/Developer/Xcode/DerivedData/ModuleCache.noindex/Session.modulevalidation
    export CLANG_WARN_BLOCK_CAPTURE_AUTORELEASING\=YES
    export CLANG_WARN_BOOL_CONVERSION\=YES
    export CLANG_WARN_COMMA\=YES
    export CLANG_WARN_CONSTANT_CONVERSION\=YES
    export CLANG_WARN_DEPRECATED_OBJC_IMPLEMENTATIONS\=YES
    export CLANG_WARN_DIRECT_OBJC_ISA_USAGE\=YES_ERROR
    export CLANG_WARN_DOCUMENTATION_COMMENTS\=YES
    export CLANG_WARN_EMPTY_BODY\=YES
    export CLANG_WARN_ENUM_CONVERSION\=YES
    export CLANG_WARN_INFINITE_RECURSION\=YES
    export CLANG_WARN_INT_CONVERSION\=YES
    export CLANG_WARN_NON_LITERAL_NULL_CONVERSION\=YES
    export CLANG_WARN_OBJC_IMPLICIT_RETAIN_SELF\=YES
    export CLANG_WARN_OBJC_LITERAL_CONVERSION\=YES
    export CLANG_WARN_OBJC_ROOT_CLASS\=YES_ERROR
    export CLANG_WARN_QUOTED_INCLUDE_IN_FRAMEWORK_HEADER\=NO
    export CLANG_WARN_RANGE_LOOP_ANALYSIS\=YES
    export CLANG_WARN_STRICT_PROTOTYPES\=YES
    export CLANG_WARN_SUSPICIOUS_MOVE\=YES
    export CLANG_WARN_UNGUARDED_AVAILABILITY\=YES_AGGRESSIVE
    export CLANG_WARN_UNREACHABLE_CODE\=YES
    export CLANG_WARN__DUPLICATE_METHOD_MATCH\=YES
    export CLASS_FILE_DIR\=/Users/nathannovak/Library/Developer/Xcode/DerivedData/StraboSpot2-gztieqkdzpsbarfnoxqpkwxgfcqj/Build/Intermediates.noindex/Pods.build/Debug-iphonesimulator/React-FabricComponents.build/JavaClasses
    export CLEAN_PRECOMPS\=YES
    export CLONE_HEADERS\=NO
    export CODESIGNING_FOLDER_PATH\=/Users/nathannovak/Library/Developer/Xcode/DerivedData/StraboSpot2-gztieqkdzpsbarfnoxqpkwxgfcqj/Build/Products/Debug-iphonesimulator/React-FabricComponents/libReact-FabricComponents.a
    export CODE_SIGNING_ALLOWED\=NO
    export CODE_SIGNING_REQUIRED\=YES
    export CODE_SIGN_CONTEXT_CLASS\=XCiPhoneSimulatorCodeSignContext
    export CODE_SIGN_IDENTITY\=-
    export CODE_SIGN_INJECT_BASE_ENTITLEMENTS\=YES
    export COLOR_DIAGNOSTICS\=NO
    export COMBINE_HIDPI_IMAGES\=NO
    export COMPILATION_CACHE_CAS_PATH\=/Users/nathannovak/Library/Developer/Xcode/DerivedData/CompilationCache.noindex
    export COMPILATION_CACHE_KEEP_CAS_DIRECTORY\=YES
    export COMPILER_INDEX_STORE_ENABLE\=Default
    export COMPOSITE_SDK_DIRS\=/Users/nathannovak/Library/Developer/Xcode/DerivedData/StraboSpot2-gztieqkdzpsbarfnoxqpkwxgfcqj/Build/Intermediates.noindex/CompositeSDKs
    export COMPRESS_PNG_FILES\=YES
    export CONFIGURATION\=Debug
    export CONFIGURATION_BUILD_DIR\=/Users/nathannovak/Library/Developer/Xcode/DerivedData/StraboSpot2-gztieqkdzpsbarfnoxqpkwxgfcqj/Build/Products/Debug-iphonesimulator/React-FabricComponents
    export CONFIGURATION_TEMP_DIR\=/Users/nathannovak/Library/Developer/Xcode/DerivedData/StraboSpot2-gztieqkdzpsbarfnoxqpkwxgfcqj/Build/Intermediates.noindex/Pods.build/Debug-iphonesimulator
    export COPYING_PRESERVES_HFS_DATA\=NO
    export COPY_HEADERS_RUN_UNIFDEF\=NO
    export COPY_PHASE_STRIP\=NO
    export CORRESPONDING_DEVICE_PLATFORM_DIR\=/Applications/Xcode.app/Contents/Developer/Platforms/iPhoneOS.platform
    export CORRESPONDING_DEVICE_PLATFORM_NAME\=iphoneos
    export CORRESPONDING_DEVICE_SDK_DIR\=/Applications/Xcode.app/Contents/Developer/Platforms/iPhoneOS.platform/Developer/SDKs/iPhoneOS26.0.sdk
    export CORRESPONDING_DEVICE_SDK_NAME\=iphoneos26.0
    export CP\=/bin/cp
    export CREATE_INFOPLIST_SECTION_IN_BINARY\=NO
    export CURRENT_ARCH\=undefined_arch
    export CURRENT_VARIANT\=normal
    export DEAD_CODE_STRIPPING\=YES
    export DEBUGGING_SYMBOLS\=YES
    export DEBUG_INFORMATION_FORMAT\=dwarf
    export DEBUG_INFORMATION_VERSION\=compiler-default
    export DEFAULT_COMPILER\=com.apple.compilers.llvm.clang.1_0
    export DEFAULT_DEXT_INSTALL_PATH\=/System/Library/DriverExtensions
    export DEFAULT_KEXT_INSTALL_PATH\=/System/Library/Extensions
    export DEFINES_MODULE\=YES
    export DEPLOYMENT_LOCATION\=NO
    export DEPLOYMENT_POSTPROCESSING\=NO
    export DEPLOYMENT_TARGET_SETTING_NAME\=IPHONEOS_DEPLOYMENT_TARGET
    export DEPLOYMENT_TARGET_SUGGESTED_VALUES\=12.0\ 12.1\ 12.2\ 12.3\ 12.4\ 13.0\ 13.1\ 13.2\ 13.3\ 13.4\ 13.5\ 13.6\ 14.0\ 14.1\ 14.2\ 14.3\ 14.4\ 14.5\ 14.6\ 14.7\ 15.0\ 15.1\ 15.2\ 15.3\ 15.4\ 15.5\ 15.6\ 16.0\ 16.1\ 16.2\ 16.3\ 16.4\ 16.5\ 16.6\ 17.0\ 17.1\ 17.2\ 17.3\ 17.4\ 17.5\ 17.6\ 18.0\ 18.1\ 18.2\ 18.3\ 18.4\ 18.5\ 18.6\ 26.0
    export DERIVED_FILES_DIR\=/Users/nathannovak/Library/Developer/Xcode/DerivedData/StraboSpot2-gztieqkdzpsbarfnoxqpkwxgfcqj/Build/Intermediates.noindex/Pods.build/Debug-iphonesimulator/React-FabricComponents.build/DerivedSources
    export DERIVED_FILE_DIR\=/Users/nathannovak/Library/Developer/Xcode/DerivedData/StraboSpot2-gztieqkdzpsbarfnoxqpkwxgfcqj/Build/Intermediates.noindex/Pods.build/Debug-iphonesimulator/React-FabricComponents.build/DerivedSources
    export DERIVED_SOURCES_DIR\=/Users/nathannovak/Library/Developer/Xcode/DerivedData/StraboSpot2-gztieqkdzpsbarfnoxqpkwxgfcqj/Build/Intermediates.noindex/Pods.build/Debug-iphonesimulator/React-FabricComponents.build/DerivedSources
    export DEVELOPER_APPLICATIONS_DIR\=/Applications/Xcode.app/Contents/Developer/Applications
    export DEVELOPER_BIN_DIR\=/Applications/Xcode.app/Contents/Developer/usr/bin
    export DEVELOPER_DIR\=/Applications/Xcode.app/Contents/Developer
    export DEVELOPER_FRAMEWORKS_DIR\=/Applications/Xcode.app/Contents/Developer/Library/Frameworks
    export DEVELOPER_FRAMEWORKS_DIR_QUOTED\=/Applications/Xcode.app/Contents/Developer/Library/Frameworks
    export DEVELOPER_LIBRARY_DIR\=/Applications/Xcode.app/Contents/Developer/Library
    export DEVELOPER_SDK_DIR\=/Applications/Xcode.app/Contents/Developer/Platforms/MacOSX.platform/Developer/SDKs
    export DEVELOPER_TOOLS_DIR\=/Applications/Xcode.app/Contents/Developer/Tools
    export DEVELOPER_USR_DIR\=/Applications/Xcode.app/Contents/Developer/usr
    export DEVELOPMENT_LANGUAGE\=en
    export DIAGNOSE_MISSING_TARGET_DEPENDENCIES\=YES
    export DIFF\=/usr/bin/diff
    export DONT_GENERATE_INFOPLIST_FILE\=NO
    export DSTROOT\=/tmp/Pods.dst
    export DT_TOOLCHAIN_DIR\=/Applications/Xcode.app/Contents/Developer/Toolchains/XcodeDefault.xctoolchain
    export DWARF_DSYM_FILE_NAME\=libReact-FabricComponents.a.dSYM
    export DWARF_DSYM_FILE_SHOULD_ACCOMPANY_PRODUCT\=NO
    export DWARF_DSYM_FOLDER_PATH\=/Users/nathannovak/Library/Developer/Xcode/DerivedData/StraboSpot2-gztieqkdzpsbarfnoxqpkwxgfcqj/Build/Products/Debug-iphonesimulator/React-FabricComponents
    export DYNAMIC_LIBRARY_EXTENSION\=dylib
    export EAGER_COMPILATION_ALLOW_SCRIPTS\=NO
    export EAGER_LINKING\=NO
    export EFFECTIVE_PLATFORM_NAME\=-iphonesimulator
    export EMBEDDED_CONTENT_CONTAINS_SWIFT\=NO
    export EMBED_ASSET_PACKS_IN_PRODUCT_BUNDLE\=NO
    export ENABLE_APP_SANDBOX\=NO
    export ENABLE_CODE_COVERAGE\=YES
    export ENABLE_CPLUSPLUS_BOUNDS_SAFE_BUFFERS\=NO
    export ENABLE_C_BOUNDS_SAFETY\=NO
    export ENABLE_DEFAULT_HEADER_SEARCH_PATHS\=YES
    export ENABLE_DEFAULT_SEARCH_PATHS\=YES
    export ENABLE_ENHANCED_SECURITY\=NO
    export ENABLE_HARDENED_RUNTIME\=NO
    export ENABLE_HEADER_DEPENDENCIES\=YES
    export ENABLE_INCOMING_NETWORK_CONNECTIONS\=NO
    export ENABLE_ON_DEMAND_RESOURCES\=NO
    export ENABLE_OUTGOING_NETWORK_CONNECTIONS\=NO
    export ENABLE_POINTER_AUTHENTICATION\=NO
    export ENABLE_PREVIEWS\=NO
    export ENABLE_RESOURCE_ACCESS_AUDIO_INPUT\=NO
    export ENABLE_RESOURCE_ACCESS_BLUETOOTH\=NO
    export ENABLE_RESOURCE_ACCESS_CALENDARS\=NO
    export ENABLE_RESOURCE_ACCESS_CAMERA\=NO
    export ENABLE_RESOURCE_ACCESS_CONTACTS\=NO
    export ENABLE_RESOURCE_ACCESS_LOCATION\=NO
    export ENABLE_RESOURCE_ACCESS_PHOTO_LIBRARY\=NO
    export ENABLE_RESOURCE_ACCESS_PRINTING\=NO
    export ENABLE_RESOURCE_ACCESS_USB\=NO
    export ENABLE_SDK_IMPORTS\=NO
    export ENABLE_SECURITY_COMPILER_WARNINGS\=NO
    export ENABLE_STRICT_OBJC_MSGSEND\=YES
    export ENABLE_TESTABILITY\=YES
    export ENABLE_TESTING_SEARCH_PATHS\=NO
    export ENABLE_USER_SCRIPT_SANDBOXING\=NO
    export ENABLE_XOJIT_PREVIEWS\=YES
    export ENFORCE_VALID_ARCHS\=YES
    export ENTITLEMENTS_DESTINATION\=__entitlements
    export ENTITLEMENTS_REQUIRED\=YES
    export EXCLUDED_INSTALLSRC_SUBDIRECTORY_PATTERNS\=.DS_Store\ .svn\ .git\ .hg\ CVS
    export EXCLUDED_RECURSIVE_SEARCH_PATH_SUBDIRECTORIES\=\*.nib\ \*.lproj\ \*.framework\ \*.gch\ \*.xcode\*\ \*.xcassets\ \*.icon\ \(\*\)\ .DS_Store\ CVS\ .svn\ .git\ .hg\ \*.pbproj\ \*.pbxproj
    export EXECUTABLE_EXTENSION\=a
    export EXECUTABLE_NAME\=libReact-FabricComponents.a
    export EXECUTABLE_PATH\=libReact-FabricComponents.a
    export EXECUTABLE_PREFIX\=lib
    export EXECUTABLE_SUFFIX\=.a
    export FILE_LIST\=/Users/nathannovak/Library/Developer/Xcode/DerivedData/StraboSpot2-gztieqkdzpsbarfnoxqpkwxgfcqj/Build/Intermediates.noindex/Pods.build/Debug-iphonesimulator/React-FabricComponents.build/Objects/LinkFileList
    export FIXED_FILES_DIR\=/Users/nathannovak/Library/Developer/Xcode/DerivedData/StraboSpot2-gztieqkdzpsbarfnoxqpkwxgfcqj/Build/Intermediates.noindex/Pods.build/Debug-iphonesimulator/React-FabricComponents.build/FixedFiles
    export FRAMEWORK_FLAG_PREFIX\=-framework
    export FRAMEWORK_SEARCH_PATHS\=/Users/nathannovak/Library/Developer/Xcode/DerivedData/StraboSpot2-gztieqkdzpsbarfnoxqpkwxgfcqj/Build/Products/Debug-iphonesimulator/React-FabricComponents\ \ \"/Users/nathannovak/Development/Apps/StraboSpot2/ios/Pods/hermes-engine/destroot/Library/Frameworks/universal\"\ \"/Users/nathannovak/Library/Developer/Xcode/DerivedData/StraboSpot2-gztieqkdzpsbarfnoxqpkwxgfcqj/Build/Products/Debug-iphonesimulator/XCFrameworkIntermediates/hermes-engine/Pre-built\"
    export FRAMEWORK_VERSION\=A
    export FULL_PRODUCT_NAME\=libReact-FabricComponents.a
    export FUSE_BUILD_PHASES\=YES
    export FUSE_BUILD_SCRIPT_PHASES\=NO
    export GCC3_VERSION\=3.3
    export GCC_C_LANGUAGE_STANDARD\=gnu11
    export GCC_DYNAMIC_NO_PIC\=NO
    export GCC_NO_COMMON_BLOCKS\=YES
    export GCC_OBJC_LEGACY_DISPATCH\=YES
    export GCC_OPTIMIZATION_LEVEL\=0
    export GCC_PFE_FILE_C_DIALECTS\=c\ objective-c\ c++\ objective-c++
    export GCC_PREFIX_HEADER\=Target\ Support\ Files/React-FabricComponents/React-FabricComponents-prefix.pch
    export GCC_PREPROCESSOR_DEFINITIONS\=POD_CONFIGURATION_DEBUG\=1\ DEBUG\=1\ \ COCOAPODS\=1
    export GCC_TREAT_WARNINGS_AS_ERRORS\=NO
    export GCC_VERSION\=com.apple.compilers.llvm.clang.1_0
    export GCC_VERSION_IDENTIFIER\=com_apple_compilers_llvm_clang_1_0
    export GCC_WARN_64_TO_32_BIT_CONVERSION\=YES
    export GCC_WARN_ABOUT_RETURN_TYPE\=YES_ERROR
    export GCC_WARN_UNDECLARED_SELECTOR\=YES
    export GCC_WARN_UNINITIALIZED_AUTOS\=YES_AGGRESSIVE
    export GCC_WARN_UNUSED_FUNCTION\=YES
    export GCC_WARN_UNUSED_VARIABLE\=YES
    export GENERATED_MODULEMAP_DIR\=/Users/nathannovak/Library/Developer/Xcode/DerivedData/StraboSpot2-gztieqkdzpsbarfnoxqpkwxgfcqj/Build/Intermediates.noindex/GeneratedModuleMaps-iphonesimulator
    export GENERATE_INFOPLIST_FILE\=NO
    export GENERATE_INTERMEDIATE_TEXT_BASED_STUBS\=YES
    export GENERATE_PKGINFO_FILE\=NO
    export GENERATE_PRELINK_OBJECT_FILE\=NO
    export GENERATE_PROFILING_CODE\=NO
    export GENERATE_TEXT_BASED_STUBS\=NO
    export GID\=20
    export GROUP\=staff
    export HEADERMAP_INCLUDES_FLAT_ENTRIES_FOR_TARGET_BEING_BUILT\=YES
    export HEADERMAP_INCLUDES_FRAMEWORK_ENTRIES_FOR_ALL_PRODUCT_TYPES\=YES
    export HEADERMAP_INCLUDES_FRAMEWORK_ENTRIES_FOR_TARGETS_NOT_BEING_BUILT\=YES
    export HEADERMAP_INCLUDES_NONPUBLIC_NONPRIVATE_HEADERS\=YES
    export HEADERMAP_INCLUDES_PROJECT_HEADERS\=YES
    export HEADERMAP_USES_FRAMEWORK_PREFIX_ENTRIES\=YES
    export HEADERMAP_USES_VFS\=YES
    export HEADER_SEARCH_PATHS\=/Users/nathannovak/Library/Developer/Xcode/DerivedData/StraboSpot2-gztieqkdzpsbarfnoxqpkwxgfcqj/Build/Products/Debug-iphonesimulator/React-FabricComponents/include\ \ \"/Users/nathannovak/Development/Apps/StraboSpot2/ios/Pods/Headers/Private\"\ \"/Users/nathannovak/Development/Apps/StraboSpot2/ios/Pods/Headers/Private/React-FabricComponents\"\ \"/Users/nathannovak/Development/Apps/StraboSpot2/ios/Pods/Headers/Public\"\ \"/Users/nathannovak/Development/Apps/StraboSpot2/ios/Pods/Headers/Public/DoubleConversion\"\ \"/Users/nathannovak/Development/Apps/StraboSpot2/ios/Pods/Headers/Public/FBLazyVector\"\ \"/Users/nathannovak/Development/Apps/StraboSpot2/ios/Pods/Headers/Public/RCT-Folly\"\ \"/Users/nathannovak/Development/Apps/StraboSpot2/ios/Pods/Headers/Public/RCTRequired\"\ \"/Users/nathannovak/Development/Apps/StraboSpot2/ios/Pods/Headers/Public/RCTTypeSafety\"\ \"/Users/nathannovak/Development/Apps/StraboSpot2/ios/Pods/Headers/Public/React-Core\"\ \"/Users/nathannovak/Development/Apps/StraboSpot2/ios/Pods/Headers/Public/React-Fabric\"\ \"/Users/nathannovak/Development/Apps/StraboSpot2/ios/Pods/Headers/Public/React-FabricComponents\"\ \"/Users/nathannovak/Development/Apps/StraboSpot2/ios/Pods/Headers/Public/React-callinvoker\"\ \"/Users/nathannovak/Development/Apps/StraboSpot2/ios/Pods/Headers/Public/React-cxxreact\"\ \"/Users/nathannovak/Development/Apps/StraboSpot2/ios/Pods/Headers/Public/React-debug\"\ \"/Users/nathannovak/Development/Apps/StraboSpot2/ios/Pods/Headers/Public/React-featureflags\"\ \"/Users/nathannovak/Development/Apps/StraboSpot2/ios/Pods/Headers/Public/React-graphics\"\ \"/Users/nathannovak/Development/Apps/StraboSpot2/ios/Pods/Headers/Public/React-hermes\"\ \"/Users/nathannovak/Development/Apps/StraboSpot2/ios/Pods/Headers/Public/React-jsi\"\ \"/Users/nathannovak/Development/Apps/StraboSpot2/ios/Pods/Headers/Public/React-jsiexecutor\"\ \"/Users/nathannovak/Development/Apps/StraboSpot2/ios/Pods/Headers/Public/React-jsinspector\"\ \"/Users/nathannovak/Development/Apps/StraboSpot2/ios/Pods/Headers/Public/React-jsinspectortracing\"\ \"/Users/nathannovak/Development/Apps/StraboSpot2/ios/Pods/Headers/Public/React-jsitooling\"\ \"/Users/nathannovak/Development/Apps/StraboSpot2/ios/Pods/Headers/Public/React-logger\"\ \"/Users/nathannovak/Development/Apps/StraboSpot2/ios/Pods/Headers/Public/React-oscompat\"\ \"/Users/nathannovak/Development/Apps/StraboSpot2/ios/Pods/Headers/Public/React-perflogger\"\ \"/Users/nathannovak/Development/Apps/StraboSpot2/ios/Pods/Headers/Public/React-performancetimeline\"\ \"/Users/nathannovak/Development/Apps/StraboSpot2/ios/Pods/Headers/Public/React-rendererconsistency\"\ \"/Users/nathannovak/Development/Apps/StraboSpot2/ios/Pods/Headers/Public/React-renderercss\"\ \"/Users/nathannovak/Development/Apps/StraboSpot2/ios/Pods/Headers/Public/React-rendererdebug\"\ \"/Users/nathannovak/Development/Apps/StraboSpot2/ios/Pods/Headers/Public/React-runtimeexecutor\"\ \"/Users/nathannovak/Development/Apps/StraboSpot2/ios/Pods/Headers/Public/React-runtimescheduler\"\ \"/Users/nathannovak/Development/Apps/StraboSpot2/ios/Pods/Headers/Public/React-timing\"\ \"/Users/nathannovak/Development/Apps/StraboSpot2/ios/Pods/Headers/Public/React-utils\"\ \"/Users/nathannovak/Development/Apps/StraboSpot2/ios/Pods/Headers/Public/ReactCommon\"\ \"/Users/nathannovak/Development/Apps/StraboSpot2/ios/Pods/Headers/Public/Yoga\"\ \"/Users/nathannovak/Development/Apps/StraboSpot2/ios/Pods/Headers/Public/boost\"\ \"/Users/nathannovak/Development/Apps/StraboSpot2/ios/Pods/Headers/Public/fast_float\"\ \"/Users/nathannovak/Development/Apps/StraboSpot2/ios/Pods/Headers/Public/fmt\"\ \"/Users/nathannovak/Development/Apps/StraboSpot2/ios/Pods/Headers/Public/glog\"\ \"/Users/nathannovak/Development/Apps/StraboSpot2/ios/Pods/Headers/Public/hermes-engine\"\ \"/Users/nathannovak/Development/Apps/StraboSpot2/ios/Pods/boost\"\ \"/Users/nathannovak/Development/Apps/StraboSpot2/ios/Pods/../../node_modules/react-native/ReactCommon/ReactCommon\"\ \"/Users/nathannovak/Development/Apps/StraboSpot2/ios/Pods/RCT-Folly\"\ \"/Users/nathannovak/Development/Apps/StraboSpot2/ios/Pods/Headers/Private/Yoga\"\ \"/Users/nathannovak/Development/Apps/StraboSpot2/ios/Pods/../../node_modules/react-native/ReactCommon\"\ \"/Users/nathannovak/Development/Apps/StraboSpot2/ios/Pods/DoubleConversion\"\ \"/Users/nathannovak/Development/Apps/StraboSpot2/ios/Pods/fast_float/include\"\ \"/Users/nathannovak/Development/Apps/StraboSpot2/ios/Pods/fmt/include\"\ \"/Users/nathannovak/Library/Developer/Xcode/DerivedData/StraboSpot2-gztieqkdzpsbarfnoxqpkwxgfcqj/Build/Products/Debug-iphonesimulator/React-rendererdebug/React_rendererdebug.framework/Headers\"\ \"/Users/nathannovak/Library/Developer/Xcode/DerivedData/StraboSpot2-gztieqkdzpsbarfnoxqpkwxgfcqj/Build/Products/Debug-iphonesimulator/React-graphics/React_graphics.framework/Headers\"\ \"/Users/nathannovak/Library/Developer/Xcode/DerivedData/StraboSpot2-gztieqkdzpsbarfnoxqpkwxgfcqj/Build/Products/Debug-iphonesimulator/React-graphics/React_graphics.framework/Headers/react/renderer/graphics/platform/ios\"\ \"/Users/nathannovak/Library/Developer/Xcode/DerivedData/StraboSpot2-gztieqkdzpsbarfnoxqpkwxgfcqj/Build/Products/Debug-iphonesimulator/React-Fabric/React_Fabric.framework/Headers\"\ \"/Users/nathannovak/Library/Developer/Xcode/DerivedData/StraboSpot2-gztieqkdzpsbarfnoxqpkwxgfcqj/Build/Products/Debug-iphonesimulator/React-Fabric/React_Fabric.framework/Headers/react/renderer/components/view/platform/cxx\"\ \"/Users/nathannovak/Library/Developer/Xcode/DerivedData/StraboSpot2-gztieqkdzpsbarfnoxqpkwxgfcqj/Build/Products/Debug-iphonesimulator/React-Fabric/React_Fabric.framework/Headers/react/renderer/imagemanager/platform/ios\"
    export HOME\=/Users/nathannovak
    export HOST_ARCH\=x86_64
    export HOST_PLATFORM\=macosx
    export ICONV\=/usr/bin/iconv
    export IMPLICIT_DEPENDENCY_DOMAIN\=default
    export INFOPLIST_ENABLE_CFBUNDLEICONS_MERGE\=YES
    export INFOPLIST_EXPAND_BUILD_SETTINGS\=YES
    export INFOPLIST_OUTPUT_FORMAT\=binary
    export INFOPLIST_PREPROCESS\=NO
    export INLINE_PRIVATE_FRAMEWORKS\=NO
    export INSTALLAPI_IGNORE_SKIP_INSTALL\=YES
    export INSTALLHDRS_COPY_PHASE\=NO
    export INSTALLHDRS_SCRIPT_PHASE\=NO
    export INSTALL_DIR\=/tmp/Pods.dst/usr/local/lib
    export INSTALL_GROUP\=staff
    export INSTALL_MODE_FLAG\=u+w,go-w,a+rX
    export INSTALL_OWNER\=nathannovak
    export INSTALL_PATH\=/usr/local/lib
    export INSTALL_ROOT\=/tmp/Pods.dst
    export IPHONEOS_DEPLOYMENT_TARGET\=15.1
    export IS_UNOPTIMIZED_BUILD\=YES
    export JAVAC_DEFAULT_FLAGS\=-J-Xms64m\ -J-XX:NewSize\=4M\ -J-Dfile.encoding\=UTF8
    export JAVA_APP_STUB\=/System/Library/Frameworks/JavaVM.framework/Resources/MacOS/JavaApplicationStub
    export JAVA_ARCHIVE_CLASSES\=YES
    export JAVA_ARCHIVE_TYPE\=JAR
    export JAVA_COMPILER\=/usr/bin/javac
    export JAVA_FRAMEWORK_RESOURCES_DIRS\=Resources
    export JAVA_JAR_FLAGS\=cv
    export JAVA_SOURCE_SUBDIR\=.
    export JAVA_USE_DEPENDENCIES\=YES
    export JAVA_ZIP_FLAGS\=-urg
    export JIKES_DEFAULT_FLAGS\=+E\ +OLDCSO
    export KEEP_PRIVATE_EXTERNS\=NO
    export LD_DEPENDENCY_INFO_FILE\=/Users/nathannovak/Library/Developer/Xcode/DerivedData/StraboSpot2-gztieqkdzpsbarfnoxqpkwxgfcqj/Build/Intermediates.noindex/Pods.build/Debug-iphonesimulator/React-FabricComponents.build/Objects-normal/undefined_arch/React-FabricComponents_dependency_info.dat
    export LD_EXPORT_SYMBOLS\=YES
    export LD_GENERATE_MAP_FILE\=NO
    export LD_MAP_FILE_PATH\=/Users/nathannovak/Library/Developer/Xcode/DerivedData/StraboSpot2-gztieqkdzpsbarfnoxqpkwxgfcqj/Build/Intermediates.noindex/Pods.build/Debug-iphonesimulator/React-FabricComponents.build/React-FabricComponents-LinkMap-normal-undefined_arch.txt
    export LD_NO_PIE\=NO
    export LD_QUOTE_LINKER_ARGUMENTS_FOR_COMPILER_DRIVER\=YES
    export LD_SHARED_CACHE_ELIGIBLE\=Automatic
    export LD_WARN_DUPLICATE_LIBRARIES\=NO
    export LD_WARN_UNUSED_DYLIBS\=NO
    export LEGACY_DEVELOPER_DIR\=/Applications/Xcode.app/Contents/PlugIns/Xcode3Core.ideplugin/Contents/SharedSupport/Developer
    export LEX\=lex
    export LIBRARY_DEXT_INSTALL_PATH\=/Library/DriverExtensions
    export LIBRARY_FLAG_NOSPACE\=YES
    export LIBRARY_FLAG_PREFIX\=-l
    export LIBRARY_KEXT_INSTALL_PATH\=/Library/Extensions
    export LIBRARY_SEARCH_PATHS\=/Users/nathannovak/Library/Developer/Xcode/DerivedData/StraboSpot2-gztieqkdzpsbarfnoxqpkwxgfcqj/Build/Products/Debug-iphonesimulator/React-FabricComponents\ 
    export LINKER_DISPLAYS_MANGLED_NAMES\=NO
    export LINK_FILE_LIST_normal_x86_64\=/Users/nathannovak/Library/Developer/Xcode/DerivedData/StraboSpot2-gztieqkdzpsbarfnoxqpkwxgfcqj/Build/Intermediates.noindex/Pods.build/Debug-iphonesimulator/React-FabricComponents.build/Objects-normal/x86_64/React-FabricComponents.LinkFileList
    export LINK_OBJC_RUNTIME\=YES
    export LINK_WITH_STANDARD_LIBRARIES\=YES
    export LLVM_TARGET_TRIPLE_OS_VERSION\=ios15.1
    export LLVM_TARGET_TRIPLE_SUFFIX\=-simulator
    export LLVM_TARGET_TRIPLE_VENDOR\=apple
    export LM_AUX_CONST_METADATA_LIST_PATH_normal_x86_64\=/Users/nathannovak/Library/Developer/Xcode/DerivedData/StraboSpot2-gztieqkdzpsbarfnoxqpkwxgfcqj/Build/Intermediates.noindex/Pods.build/Debug-iphonesimulator/React-FabricComponents.build/Objects-normal/x86_64/React-FabricComponents.SwiftConstValuesFileList
    export LOCALIZATION_EXPORT_SUPPORTED\=YES
    export LOCALIZATION_PREFERS_STRING_CATALOGS\=NO
    export LOCALIZED_STRING_MACRO_NAMES\=NSLocalizedString\ CFCopyLocalizedString
    export LOCALIZED_STRING_SWIFTUI_SUPPORT\=YES
    export LOCAL_ADMIN_APPS_DIR\=/Applications/Utilities
    export LOCAL_APPS_DIR\=/Applications
    export LOCAL_DEVELOPER_DIR\=/Library/Developer
    export LOCAL_LIBRARY_DIR\=/Library
    export LOCROOT\=/Users/nathannovak/Development/Apps/StraboSpot2/ios/Pods
    export LOCSYMROOT\=/Users/nathannovak/Development/Apps/StraboSpot2/ios/Pods
    export MACH_O_TYPE\=staticlib
    export MAC_OS_X_PRODUCT_BUILD_VERSION\=24G231
    export MAC_OS_X_VERSION_ACTUAL\=150701
    export MAC_OS_X_VERSION_MAJOR\=150000
    export MAC_OS_X_VERSION_MINOR\=150700
    export MAKE_MERGEABLE\=NO
    export MERGEABLE_LIBRARY\=NO
    export MERGED_BINARY_TYPE\=none
    export MERGE_LINKED_LIBRARIES\=NO
    export METAL_LIBRARY_FILE_BASE\=default
    export METAL_LIBRARY_OUTPUT_DIR\=/Users/nathannovak/Library/Developer/Xcode/DerivedData/StraboSpot2-gztieqkdzpsbarfnoxqpkwxgfcqj/Build/Products/Debug-iphonesimulator/React-FabricComponents/
    export MODULEMAP_FILE\=Headers/Public/React_FabricComponents/React-FabricComponents.modulemap
    export MODULE_CACHE_DIR\=/Users/nathannovak/Library/Developer/Xcode/DerivedData/ModuleCache.noindex
    export MTL_ENABLE_DEBUG_INFO\=INCLUDE_SOURCE
    export MTL_FAST_MATH\=YES
    export NATIVE_ARCH\=x86_64
    export NATIVE_ARCH_32_BIT\=i386
    export NATIVE_ARCH_64_BIT\=x86_64
    export NATIVE_ARCH_ACTUAL\=x86_64
    export NO_COMMON\=YES
    export OBJC_ABI_VERSION\=2
    export OBJECT_FILE_DIR\=/Users/nathannovak/Library/Developer/Xcode/DerivedData/StraboSpot2-gztieqkdzpsbarfnoxqpkwxgfcqj/Build/Intermediates.noindex/Pods.build/Debug-iphonesimulator/React-FabricComponents.build/Objects
    export OBJECT_FILE_DIR_normal\=/Users/nathannovak/Library/Developer/Xcode/DerivedData/StraboSpot2-gztieqkdzpsbarfnoxqpkwxgfcqj/Build/Intermediates.noindex/Pods.build/Debug-iphonesimulator/React-FabricComponents.build/Objects-normal
    export OBJROOT\=/Users/nathannovak/Library/Developer/Xcode/DerivedData/StraboSpot2-gztieqkdzpsbarfnoxqpkwxgfcqj/Build/Intermediates.noindex
    export ONLY_ACTIVE_ARCH\=YES
    export OS\=MACOS
    export OSAC\=/usr/bin/osacompile
    export OTHER_CFLAGS\=\ -fmodule-map-file\=\"/Users/nathannovak/Development/Apps/StraboSpot2/ios/Pods/Headers/Public/DoubleConversion/DoubleConversion.modulemap\"\ -fmodule-map-file\=\"/Users/nathannovak/Development/Apps/StraboSpot2/ios/Pods/Headers/Public/RCTDeprecation/RCTDeprecation.modulemap\"\ -fmodule-map-file\=\"/Users/nathannovak/Development/Apps/StraboSpot2/ios/Pods/Headers/Public/RCTTypeSafety/RCTTypeSafety.modulemap\"\ -fmodule-map-file\=\"/Users/nathannovak/Development/Apps/StraboSpot2/ios/Pods/Headers/Public/React/React-Core.modulemap\"\ -fmodule-map-file\=\"/Users/nathannovak/Development/Apps/StraboSpot2/ios/Pods/Headers/Public/ReactCommon/ReactCommon.modulemap\"\ -fmodule-map-file\=\"/Users/nathannovak/Development/Apps/StraboSpot2/ios/Pods/Headers/Public/React_Fabric/React-Fabric.modulemap\"\ -fmodule-map-file\=\"/Users/nathannovak/Development/Apps/StraboSpot2/ios/Pods/Headers/Public/folly/RCT-Folly.modulemap\"\ -fmodule-map-file\=\"/Users/nathannovak/Development/Apps/StraboSpot2/ios/Pods/Headers/Public/glog/glog.modulemap\"\ -fmodule-map-file\=\"/Users/nathannovak/Development/Apps/StraboSpot2/ios/Pods/Headers/Public/jsi/React-jsi.modulemap\"\ -fmodule-map-file\=\"/Users/nathannovak/Development/Apps/StraboSpot2/ios/Pods/Headers/Public/jsinspector_modern/React-jsinspector.modulemap\"\ -fmodule-map-file\=\"/Users/nathannovak/Development/Apps/StraboSpot2/ios/Pods/Headers/Public/jsinspector_modern_tracing/React-jsinspectortracing.modulemap\"\ -fmodule-map-file\=\"/Users/nathannovak/Development/Apps/StraboSpot2/ios/Pods/Headers/Public/react_debug/React-debug.modulemap\"\ -fmodule-map-file\=\"/Users/nathannovak/Development/Apps/StraboSpot2/ios/Pods/Headers/Public/react_featureflags/React-featureflags.modulemap\"\ -fmodule-map-file\=\"/Users/nathannovak/Development/Apps/StraboSpot2/ios/Pods/Headers/Public/react_renderer_css/React-renderercss.modulemap\"\ -fmodule-map-file\=\"/Users/nathannovak/Development/Apps/StraboSpot2/ios/Pods/Headers/Public/react_renderer_debug/React-rendererdebug.modulemap\"\ -fmodule-map-file\=\"/Users/nathannovak/Development/Apps/StraboSpot2/ios/Pods/Headers/Public/react_renderer_graphics/React-graphics.modulemap\"\ -fmodule-map-file\=\"/Users/nathannovak/Development/Apps/StraboSpot2/ios/Pods/Headers/Public/react_runtime/React-jsitooling.modulemap\"\ -fmodule-map-file\=\"/Users/nathannovak/Development/Apps/StraboSpot2/ios/Pods/Headers/Public/react_utils/React-utils.modulemap\"\ -fmodule-map-file\=\"/Users/nathannovak/Development/Apps/StraboSpot2/ios/Pods/Headers/Public/reacthermes/React-hermes.modulemap\"\ -fmodule-map-file\=\"/Users/nathannovak/Development/Apps/StraboSpot2/ios/Pods/Headers/Public/yoga/Yoga.modulemap\"
    export OTHER_CPLUSPLUSFLAGS\=\ -fmodule-map-file\=\"/Users/nathannovak/Development/Apps/StraboSpot2/ios/Pods/Headers/Public/DoubleConversion/DoubleConversion.modulemap\"\ -fmodule-map-file\=\"/Users/nathannovak/Development/Apps/StraboSpot2/ios/Pods/Headers/Public/RCTDeprecation/RCTDeprecation.modulemap\"\ -fmodule-map-file\=\"/Users/nathannovak/Development/Apps/StraboSpot2/ios/Pods/Headers/Public/RCTTypeSafety/RCTTypeSafety.modulemap\"\ -fmodule-map-file\=\"/Users/nathannovak/Development/Apps/StraboSpot2/ios/Pods/Headers/Public/React/React-Core.modulemap\"\ -fmodule-map-file\=\"/Users/nathannovak/Development/Apps/StraboSpot2/ios/Pods/Headers/Public/ReactCommon/ReactCommon.modulemap\"\ -fmodule-map-file\=\"/Users/nathannovak/Development/Apps/StraboSpot2/ios/Pods/Headers/Public/React_Fabric/React-Fabric.modulemap\"\ -fmodule-map-file\=\"/Users/nathannovak/Development/Apps/StraboSpot2/ios/Pods/Headers/Public/folly/RCT-Folly.modulemap\"\ -fmodule-map-file\=\"/Users/nathannovak/Development/Apps/StraboSpot2/ios/Pods/Headers/Public/glog/glog.modulemap\"\ -fmodule-map-file\=\"/Users/nathannovak/Development/Apps/StraboSpot2/ios/Pods/Headers/Public/jsi/React-jsi.modulemap\"\ -fmodule-map-file\=\"/Users/nathannovak/Development/Apps/StraboSpot2/ios/Pods/Headers/Public/jsinspector_modern/React-jsinspector.modulemap\"\ -fmodule-map-file\=\"/Users/nathannovak/Development/Apps/StraboSpot2/ios/Pods/Headers/Public/jsinspector_modern_tracing/React-jsinspectortracing.modulemap\"\ -fmodule-map-file\=\"/Users/nathannovak/Development/Apps/StraboSpot2/ios/Pods/Headers/Public/react_debug/React-debug.modulemap\"\ -fmodule-map-file\=\"/Users/nathannovak/Development/Apps/StraboSpot2/ios/Pods/Headers/Public/react_featureflags/React-featureflags.modulemap\"\ -fmodule-map-file\=\"/Users/nathannovak/Development/Apps/StraboSpot2/ios/Pods/Headers/Public/react_renderer_css/React-renderercss.modulemap\"\ -fmodule-map-file\=\"/Users/nathannovak/Development/Apps/StraboSpot2/ios/Pods/Headers/Public/react_renderer_debug/React-rendererdebug.modulemap\"\ -fmodule-map-file\=\"/Users/nathannovak/Development/Apps/StraboSpot2/ios/Pods/Headers/Public/react_renderer_graphics/React-graphics.modulemap\"\ -fmodule-map-file\=\"/Users/nathannovak/Development/Apps/StraboSpot2/ios/Pods/Headers/Public/react_runtime/React-jsitooling.modulemap\"\ -fmodule-map-file\=\"/Users/nathannovak/Development/Apps/StraboSpot2/ios/Pods/Headers/Public/react_utils/React-utils.modulemap\"\ -fmodule-map-file\=\"/Users/nathannovak/Development/Apps/StraboSpot2/ios/Pods/Headers/Public/reacthermes/React-hermes.modulemap\"\ -fmodule-map-file\=\"/Users/nathannovak/Development/Apps/StraboSpot2/ios/Pods/Headers/Public/yoga/Yoga.modulemap\"
    export PACKAGE_TYPE\=com.apple.package-type.static-library
    export PASCAL_STRINGS\=YES
    export PATH\=/Applications/Xcode.app/Contents/SharedFrameworks/SwiftBuild.framework/Versions/A/PlugIns/SWBBuildService.bundle/Contents/PlugIns/SWBUniversalPlatformPlugin.bundle/Contents/Frameworks/SWBUniversalPlatform.framework/Resources:/Applications/Xcode.app/Contents/Developer/Toolchains/XcodeDefault.xctoolchain/usr/bin:/Applications/Xcode.app/Contents/Developer/Toolchains/XcodeDefault.xctoolchain/usr/local/bin:/Applications/Xcode.app/Contents/Developer/Toolchains/XcodeDefault.xctoolchain/usr/libexec:/Applications/Xcode.app/Contents/Developer/Platforms/iPhoneSimulator.platform/usr/bin:/Applications/Xcode.app/Contents/Developer/Platforms/iPhoneSimulator.platform/usr/local/bin:/Applications/Xcode.app/Contents/Developer/Platforms/iPhoneSimulator.platform/Developer/usr/bin:/Applications/Xcode.app/Contents/Developer/Platforms/iPhoneSimulator.platform/Developer/usr/local/bin:/Applications/Xcode.app/Contents/Developer/usr/bin:/Applications/Xcode.app/Contents/Developer/usr/local/bin:/Users/nathannovak/Development/Apps/StraboSpot2/node_modules/.bin:/Users/nathannovak/Development/Apps/node_modules/.bin:/Users/nathannovak/Development/node_modules/.bin:/Users/nathannovak/node_modules/.bin:/Users/node_modules/.bin:/node_modules/.bin:/Users/nathannovak/.nvm/versions/node/v22.16.0/lib/node_modules/npm/node_modules/@npmcli/run-script/lib/node-gyp-bin:/Users/nathannovak/.flashlight/bin:/Users/nathannovak/.nvm/versions/node/v22.16.0/bin:/Users/nathannovak/google-cloud-sdk/bin:/Users/nathannovak/.rbenv/shims:/Library/Frameworks/Python.framework/Versions/3.10/bin:/Library/Frameworks/Python.framework/Versions/3.6/bin:/usr/local/bin:/System/Cryptexes/App/usr/bin:/usr/bin:/bin:/usr/sbin:/sbin:/var/run/com.apple.security.cryptexd/codex.system/bootstrap/usr/local/bin:/var/run/com.apple.security.cryptexd/codex.system/bootstrap/usr/bin:/var/run/com.apple.security.cryptexd/codex.system/bootstrap/usr/appleinternal/bin:/Library/Apple/usr/bin:/Library/TeX/texbin:/Users/nathannovak/Library/Android/sdk/emulator:/Users/nathannovak/Library/Android/sdk/platform-tools
    export PATH_PREFIXES_EXCLUDED_FROM_HEADER_DEPENDENCIES\=/usr/include\ /usr/local/include\ /System/Library/Frameworks\ /System/Library/PrivateFrameworks\ /Applications/Xcode.app/Contents/Developer/Headers\ /Applications/Xcode.app/Contents/Developer/SDKs\ /Applications/Xcode.app/Contents/Developer/Platforms
    export PER_ARCH_MODULE_FILE_DIR\=/Users/nathannovak/Library/Developer/Xcode/DerivedData/StraboSpot2-gztieqkdzpsbarfnoxqpkwxgfcqj/Build/Intermediates.noindex/Pods.build/Debug-iphonesimulator/React-FabricComponents.build/Objects-normal/undefined_arch
    export PER_ARCH_OBJECT_FILE_DIR\=/Users/nathannovak/Library/Developer/Xcode/DerivedData/StraboSpot2-gztieqkdzpsbarfnoxqpkwxgfcqj/Build/Intermediates.noindex/Pods.build/Debug-iphonesimulator/React-FabricComponents.build/Objects-normal/undefined_arch
    export PER_VARIANT_OBJECT_FILE_DIR\=/Users/nathannovak/Library/Developer/Xcode/DerivedData/StraboSpot2-gztieqkdzpsbarfnoxqpkwxgfcqj/Build/Intermediates.noindex/Pods.build/Debug-iphonesimulator/React-FabricComponents.build/Objects-normal
    export PKGINFO_FILE_PATH\=/Users/nathannovak/Library/Developer/Xcode/DerivedData/StraboSpot2-gztieqkdzpsbarfnoxqpkwxgfcqj/Build/Intermediates.noindex/Pods.build/Debug-iphonesimulator/React-FabricComponents.build/PkgInfo
    export PLATFORM_DEVELOPER_APPLICATIONS_DIR\=/Applications/Xcode.app/Contents/Developer/Platforms/iPhoneSimulator.platform/Developer/Applications
    export PLATFORM_DEVELOPER_BIN_DIR\=/Applications/Xcode.app/Contents/Developer/Platforms/iPhoneSimulator.platform/Developer/usr/bin
    export PLATFORM_DEVELOPER_LIBRARY_DIR\=/Applications/Xcode.app/Contents/Developer/Platforms/iPhoneSimulator.platform/Developer/Library
    export PLATFORM_DEVELOPER_SDK_DIR\=/Applications/Xcode.app/Contents/Developer/Platforms/iPhoneSimulator.platform/Developer/SDKs
    export PLATFORM_DEVELOPER_TOOLS_DIR\=/Applications/Xcode.app/Contents/Developer/Platforms/iPhoneSimulator.platform/Developer/Tools
    export PLATFORM_DEVELOPER_USR_DIR\=/Applications/Xcode.app/Contents/Developer/Platforms/iPhoneSimulator.platform/Developer/usr
    export PLATFORM_DIR\=/Applications/Xcode.app/Contents/Developer/Platforms/iPhoneSimulator.platform
    export PLATFORM_DISPLAY_NAME\=iOS\ Simulator
    export PLATFORM_FAMILY_NAME\=iOS
    export PLATFORM_NAME\=iphonesimulator
    export PLATFORM_PREFERRED_ARCH\=x86_64
    export PLATFORM_PRODUCT_BUILD_VERSION\=23A339
    export PLATFORM_REQUIRES_SWIFT_AUTOLINK_EXTRACT\=NO
    export PLATFORM_REQUIRES_SWIFT_MODULEWRAP\=NO
    export PLIST_FILE_OUTPUT_FORMAT\=binary
    export PODS_BUILD_DIR\=/Users/nathannovak/Library/Developer/Xcode/DerivedData/StraboSpot2-gztieqkdzpsbarfnoxqpkwxgfcqj/Build/Products
    export PODS_CONFIGURATION_BUILD_DIR\=/Users/nathannovak/Library/Developer/Xcode/DerivedData/StraboSpot2-gztieqkdzpsbarfnoxqpkwxgfcqj/Build/Products/Debug-iphonesimulator
    export PODS_DEVELOPMENT_LANGUAGE\=en
    export PODS_ROOT\=/Users/nathannovak/Development/Apps/StraboSpot2/ios/Pods
    export PODS_TARGET_SRCROOT\=/Users/nathannovak/Development/Apps/StraboSpot2/ios/Pods/../../node_modules/react-native/ReactCommon
    export PODS_XCFRAMEWORKS_BUILD_DIR\=/Users/nathannovak/Library/Developer/Xcode/DerivedData/StraboSpot2-gztieqkdzpsbarfnoxqpkwxgfcqj/Build/Products/Debug-iphonesimulator/XCFrameworkIntermediates
    export PRECOMPS_INCLUDE_HEADERS_FROM_BUILT_PRODUCTS_DIR\=YES
    export PRECOMP_DESTINATION_DIR\=/Users/nathannovak/Library/Developer/Xcode/DerivedData/StraboSpot2-gztieqkdzpsbarfnoxqpkwxgfcqj/Build/Intermediates.noindex/Pods.build/Debug-iphonesimulator/React-FabricComponents.build/PrefixHeaders
    export PROCESSED_INFOPLIST_PATH\=/Users/nathannovak/Library/Developer/Xcode/DerivedData/StraboSpot2-gztieqkdzpsbarfnoxqpkwxgfcqj/Build/Intermediates.noindex/Pods.build/Debug-iphonesimulator/React-FabricComponents.build/Objects-normal/undefined_arch/Processed-Info.plist
    export PRODUCT_BUNDLE_IDENTIFIER\=org.cocoapods.React-FabricComponents
    export PRODUCT_MODULE_NAME\=React_FabricComponents
    export PRODUCT_NAME\=React-FabricComponents
    export PRODUCT_SETTINGS_PATH\=
    export PRODUCT_TYPE\=com.apple.product-type.library.static
    export PROFILING_CODE\=NO
    export PROJECT\=Pods
    export PROJECT_DERIVED_FILE_DIR\=/Users/nathannovak/Library/Developer/Xcode/DerivedData/StraboSpot2-gztieqkdzpsbarfnoxqpkwxgfcqj/Build/Intermediates.noindex/Pods.build/DerivedSources
    export PROJECT_DIR\=/Users/nathannovak/Development/Apps/StraboSpot2/ios/Pods
    export PROJECT_FILE_PATH\=/Users/nathannovak/Development/Apps/StraboSpot2/ios/Pods/Pods.xcodeproj
    export PROJECT_GUID\=8699adb1dd336b26511df848a716bd42
    export PROJECT_NAME\=Pods
    export PROJECT_TEMP_DIR\=/Users/nathannovak/Library/Developer/Xcode/DerivedData/StraboSpot2-gztieqkdzpsbarfnoxqpkwxgfcqj/Build/Intermediates.noindex/Pods.build
    export PROJECT_TEMP_ROOT\=/Users/nathannovak/Library/Developer/Xcode/DerivedData/StraboSpot2-gztieqkdzpsbarfnoxqpkwxgfcqj/Build/Intermediates.noindex
    export REACT_NATIVE_PATH\=/Users/nathannovak/Development/Apps/StraboSpot2/ios/Pods/../../node_modules/react-native
    export RECOMMENDED_IPHONEOS_DEPLOYMENT_TARGET\=15.0
    export RECURSIVE_SEARCH_PATHS_FOLLOW_SYMLINKS\=YES
    export REMOVE_CVS_FROM_RESOURCES\=YES
    export REMOVE_GIT_FROM_RESOURCES\=YES
    export REMOVE_HEADERS_FROM_EMBEDDED_BUNDLES\=YES
    export REMOVE_HG_FROM_RESOURCES\=YES
    export REMOVE_STATIC_EXECUTABLES_FROM_EMBEDDED_BUNDLES\=YES
    export REMOVE_SVN_FROM_RESOURCES\=YES
    export RESCHEDULE_INDEPENDENT_HEADERS_PHASES\=YES
    export REZ_COLLECTOR_DIR\=/Users/nathannovak/Library/Developer/Xcode/DerivedData/StraboSpot2-gztieqkdzpsbarfnoxqpkwxgfcqj/Build/Intermediates.noindex/Pods.build/Debug-iphonesimulator/React-FabricComponents.build/ResourceManagerResources
    export REZ_EXECUTABLE\=YES
    export REZ_OBJECTS_DIR\=/Users/nathannovak/Library/Developer/Xcode/DerivedData/StraboSpot2-gztieqkdzpsbarfnoxqpkwxgfcqj/Build/Intermediates.noindex/Pods.build/Debug-iphonesimulator/React-FabricComponents.build/ResourceManagerResources/Objects
    export REZ_SEARCH_PATHS\=/Users/nathannovak/Library/Developer/Xcode/DerivedData/StraboSpot2-gztieqkdzpsbarfnoxqpkwxgfcqj/Build/Products/Debug-iphonesimulator/React-FabricComponents\ 
    export RUNTIME_EXCEPTION_ALLOW_DYLD_ENVIRONMENT_VARIABLES\=NO
    export RUNTIME_EXCEPTION_ALLOW_JIT\=NO
    export RUNTIME_EXCEPTION_ALLOW_UNSIGNED_EXECUTABLE_MEMORY\=NO
    export RUNTIME_EXCEPTION_DEBUGGING_TOOL\=NO
    export RUNTIME_EXCEPTION_DISABLE_EXECUTABLE_PAGE_PROTECTION\=NO
    export RUNTIME_EXCEPTION_DISABLE_LIBRARY_VALIDATION\=NO
    export SCAN_ALL_SOURCE_FILES_FOR_INCLUDES\=NO
    export SCRIPT_INPUT_FILE_COUNT\=0
    export SCRIPT_INPUT_FILE_LIST_COUNT\=0
    export SCRIPT_OUTPUT_FILE_COUNT\=0
    export SCRIPT_OUTPUT_FILE_LIST_COUNT\=0
    export SDKROOT\=/Applications/Xcode.app/Contents/Developer/Platforms/iPhoneSimulator.platform/Developer/SDKs/iPhoneSimulator26.0.sdk
    export SDK_DIR\=/Applications/Xcode.app/Contents/Developer/Platforms/iPhoneSimulator.platform/Developer/SDKs/iPhoneSimulator26.0.sdk
    export SDK_DIR_iphonesimulator\=/Applications/Xcode.app/Contents/Developer/Platforms/iPhoneSimulator.platform/Developer/SDKs/iPhoneSimulator26.0.sdk
    export SDK_DIR_iphonesimulator26_0\=/Applications/Xcode.app/Contents/Developer/Platforms/iPhoneSimulator.platform/Developer/SDKs/iPhoneSimulator26.0.sdk
    export SDK_NAME\=iphonesimulator26.0
    export SDK_NAMES\=iphonesimulator26.0
    export SDK_PRODUCT_BUILD_VERSION\=23A339
    export SDK_STAT_CACHE_DIR\=/Users/nathannovak/Library/Developer/Xcode/DerivedData
    export SDK_STAT_CACHE_ENABLE\=YES
    export SDK_STAT_CACHE_PATH\=/Users/nathannovak/Library/Developer/Xcode/DerivedData/SDKStatCaches.noindex/iphonesimulator26.0-23A339-26257891a6c027eb51374368541b8346.sdkstatcache
    export SDK_VERSION\=26.0
    export SDK_VERSION_ACTUAL\=260000
    export SDK_VERSION_MAJOR\=260000
    export SDK_VERSION_MINOR\=260000
    export SED\=/usr/bin/sed
    export SEPARATE_STRIP\=NO
    export SEPARATE_SYMBOL_EDIT\=NO
    export SET_DIR_MODE_OWNER_GROUP\=YES
    export SET_FILE_MODE_OWNER_GROUP\=NO
    export SHALLOW_BUNDLE\=NO
    export SHARED_DERIVED_FILE_DIR\=/Users/nathannovak/Library/Developer/Xcode/DerivedData/StraboSpot2-gztieqkdzpsbarfnoxqpkwxgfcqj/Build/Products/Debug-iphonesimulator/React-FabricComponents/DerivedSources
    export SHARED_PRECOMPS_DIR\=/Users/nathannovak/Library/Developer/Xcode/DerivedData/StraboSpot2-gztieqkdzpsbarfnoxqpkwxgfcqj/Build/Intermediates.noindex/PrecompiledHeaders
    export SKIP_INSTALL\=YES
    export SOURCE_ROOT\=/Users/nathannovak/Development/Apps/StraboSpot2/ios/Pods
    export SRCROOT\=/Users/nathannovak/Development/Apps/StraboSpot2/ios/Pods
    export STRINGSDATA_DIR\=/Users/nathannovak/Library/Developer/Xcode/DerivedData/StraboSpot2-gztieqkdzpsbarfnoxqpkwxgfcqj/Build/Intermediates.noindex/Pods.build/Debug-iphonesimulator/React-FabricComponents.build/Objects-normal/undefined_arch
    export STRINGSDATA_ROOT\=/Users/nathannovak/Library/Developer/Xcode/DerivedData/StraboSpot2-gztieqkdzpsbarfnoxqpkwxgfcqj/Build/Intermediates.noindex/Pods.build/Debug-iphonesimulator/React-FabricComponents.build
    export STRINGS_FILE_INFOPLIST_RENAME\=YES
    export STRINGS_FILE_OUTPUT_ENCODING\=binary
    export STRING_CATALOG_GENERATE_SYMBOLS\=NO
    export STRIP_BITCODE_FROM_COPIED_FILES\=NO
    export STRIP_INSTALLED_PRODUCT\=NO
    export STRIP_STYLE\=debugging
    export STRIP_SWIFT_SYMBOLS\=YES
    export SUPPORTED_DEVICE_FAMILIES\=1,2
    export SUPPORTED_PLATFORMS\=iphoneos\ iphonesimulator
    export SUPPORTS_TEXT_BASED_API\=NO
    export SUPPRESS_WARNINGS\=NO
    export SWIFT_ACTIVE_COMPILATION_CONDITIONS\=\ DEBUG\ 
    export SWIFT_EMIT_CONST_VALUE_PROTOCOLS\=AppIntent\ EntityQuery\ AppEntity\ TransientEntity\ AppEnum\ AppShortcutProviding\ AppShortcutsProvider\ AnyResolverProviding\ AppIntentsPackage\ DynamicOptionsProvider\ _IntentValueRepresentable\ _AssistantIntentsProvider\ _GenerativeFunctionExtractable\ IntentValueQuery\ Resolver\ AppExtension\ ExtensionPointDefining
    export SWIFT_EMIT_LOC_STRINGS\=NO
    export SWIFT_ENABLE_EXPLICIT_MODULES\=YES
    export SWIFT_OPTIMIZATION_LEVEL\=-Onone
    export SWIFT_PLATFORM_TARGET_PREFIX\=ios
    export SWIFT_RESPONSE_FILE_PATH_normal_x86_64\=/Users/nathannovak/Library/Developer/Xcode/DerivedData/StraboSpot2-gztieqkdzpsbarfnoxqpkwxgfcqj/Build/Intermediates.noindex/Pods.build/Debug-iphonesimulator/React-FabricComponents.build/Objects-normal/x86_64/React-FabricComponents.SwiftFileList
    export SWIFT_VERSION\=5.0
    export SYMROOT\=/Users/nathannovak/Library/Developer/Xcode/DerivedData/StraboSpot2-gztieqkdzpsbarfnoxqpkwxgfcqj/Build/Products
    export SYSTEM_ADMIN_APPS_DIR\=/Applications/Utilities
    export SYSTEM_APPS_DIR\=/Applications
    export SYSTEM_CORE_SERVICES_DIR\=/System/Library/CoreServices
    export SYSTEM_DEMOS_DIR\=/Applications/Extras
    export SYSTEM_DEVELOPER_APPS_DIR\=/Applications/Xcode.app/Contents/Developer/Applications
    export SYSTEM_DEVELOPER_BIN_DIR\=/Applications/Xcode.app/Contents/Developer/usr/bin
    export SYSTEM_DEVELOPER_DEMOS_DIR\=/Applications/Xcode.app/Contents/Developer/Applications/Utilities/Built\ Examples
    export SYSTEM_DEVELOPER_DIR\=/Applications/Xcode.app/Contents/Developer
    export SYSTEM_DEVELOPER_DOC_DIR\=/Applications/Xcode.app/Contents/Developer/ADC\ Reference\ Library
    export SYSTEM_DEVELOPER_GRAPHICS_TOOLS_DIR\=/Applications/Xcode.app/Contents/Developer/Applications/Graphics\ Tools
    export SYSTEM_DEVELOPER_JAVA_TOOLS_DIR\=/Applications/Xcode.app/Contents/Developer/Applications/Java\ Tools
    export SYSTEM_DEVELOPER_PERFORMANCE_TOOLS_DIR\=/Applications/Xcode.app/Contents/Developer/Applications/Performance\ Tools
    export SYSTEM_DEVELOPER_RELEASENOTES_DIR\=/Applications/Xcode.app/Contents/Developer/ADC\ Reference\ Library/releasenotes
    export SYSTEM_DEVELOPER_TOOLS\=/Applications/Xcode.app/Contents/Developer/Tools
    export SYSTEM_DEVELOPER_TOOLS_DOC_DIR\=/Applications/Xcode.app/Contents/Developer/ADC\ Reference\ Library/documentation/DeveloperTools
    export SYSTEM_DEVELOPER_TOOLS_RELEASENOTES_DIR\=/Applications/Xcode.app/Contents/Developer/ADC\ Reference\ Library/releasenotes/DeveloperTools
    export SYSTEM_DEVELOPER_USR_DIR\=/Applications/Xcode.app/Contents/Developer/usr
    export SYSTEM_DEVELOPER_UTILITIES_DIR\=/Applications/Xcode.app/Contents/Developer/Applications/Utilities
    export SYSTEM_DEXT_INSTALL_PATH\=/System/Library/DriverExtensions
    export SYSTEM_DOCUMENTATION_DIR\=/Library/Documentation
    export SYSTEM_KEXT_INSTALL_PATH\=/System/Library/Extensions
    export SYSTEM_LIBRARY_DIR\=/System/Library
    export TAPI_DEMANGLE\=YES
    export TAPI_ENABLE_PROJECT_HEADERS\=NO
    export TAPI_LANGUAGE\=objective-c
    export TAPI_LANGUAGE_STANDARD\=compiler-default
    export TAPI_USE_SRCROOT\=YES
    export TAPI_VERIFY_MODE\=Pedantic
    export TARGETED_DEVICE_FAMILY\=1,2
    export TARGETNAME\=React-FabricComponents
    export TARGET_BUILD_DIR\=/Users/nathannovak/Library/Developer/Xcode/DerivedData/StraboSpot2-gztieqkdzpsbarfnoxqpkwxgfcqj/Build/Products/Debug-iphonesimulator/React-FabricComponents
    export TARGET_DEVICE_IDENTIFIER\=74C76BE2-3534-4702-95EC-116B7842C0E9
    export TARGET_DEVICE_MODEL\=iPad14,3
    export TARGET_DEVICE_OS_VERSION\=18.0
    export TARGET_DEVICE_PLATFORM_NAME\=iphonesimulator
    export TARGET_NAME\=React-FabricComponents
    export TARGET_TEMP_DIR\=/Users/nathannovak/Library/Developer/Xcode/DerivedData/StraboSpot2-gztieqkdzpsbarfnoxqpkwxgfcqj/Build/Intermediates.noindex/Pods.build/Debug-iphonesimulator/React-FabricComponents.build
    export TEMP_DIR\=/Users/nathannovak/Library/Developer/Xcode/DerivedData/StraboSpot2-gztieqkdzpsbarfnoxqpkwxgfcqj/Build/Intermediates.noindex/Pods.build/Debug-iphonesimulator/React-FabricComponents.build
    export TEMP_FILES_DIR\=/Users/nathannovak/Library/Developer/Xcode/DerivedData/StraboSpot2-gztieqkdzpsbarfnoxqpkwxgfcqj/Build/Intermediates.noindex/Pods.build/Debug-iphonesimulator/React-FabricComponents.build
    export TEMP_FILE_DIR\=/Users/nathannovak/Library/Developer/Xcode/DerivedData/StraboSpot2-gztieqkdzpsbarfnoxqpkwxgfcqj/Build/Intermediates.noindex/Pods.build/Debug-iphonesimulator/React-FabricComponents.build
    export TEMP_ROOT\=/Users/nathannovak/Library/Developer/Xcode/DerivedData/StraboSpot2-gztieqkdzpsbarfnoxqpkwxgfcqj/Build/Intermediates.noindex
    export TEMP_SANDBOX_DIR\=/Users/nathannovak/Library/Developer/Xcode/DerivedData/StraboSpot2-gztieqkdzpsbarfnoxqpkwxgfcqj/Build/Intermediates.noindex/TemporaryTaskSandboxes
    export TEST_FRAMEWORK_SEARCH_PATHS\=\ /Applications/Xcode.app/Contents/Developer/Platforms/iPhoneSimulator.platform/Developer/Library/Frameworks\ /Applications/Xcode.app/Contents/Developer/Platforms/iPhoneSimulator.platform/Developer/SDKs/iPhoneSimulator26.0.sdk/Developer/Library/Frameworks
    export TEST_LIBRARY_SEARCH_PATHS\=\ /Applications/Xcode.app/Contents/Developer/Platforms/iPhoneSimulator.platform/Developer/usr/lib
    export TOOLCHAINS\=com.apple.dt.toolchain.XcodeDefault
    export TOOLCHAIN_DIR\=/Applications/Xcode.app/Contents/Developer/Toolchains/XcodeDefault.xctoolchain
    export TREAT_MISSING_BASELINES_AS_TEST_FAILURES\=NO
    export TREAT_MISSING_SCRIPT_PHASE_OUTPUTS_AS_ERRORS\=NO
    export UID\=501
    export UNINSTALLED_PRODUCTS_DIR\=/Users/nathannovak/Library/Developer/Xcode/DerivedData/StraboSpot2-gztieqkdzpsbarfnoxqpkwxgfcqj/Build/Intermediates.noindex/UninstalledProducts
    export UNSTRIPPED_PRODUCT\=NO
    export USER\=nathannovak
    export USER_APPS_DIR\=/Users/nathannovak/Applications
    export USER_LIBRARY_DIR\=/Users/nathannovak/Library
    export USE_DYNAMIC_NO_PIC\=YES
    export USE_HEADERMAP\=YES
    export USE_HEADER_SYMLINKS\=NO
    export USE_HERMES\=true
    export USE_RECURSIVE_SCRIPT_INPUTS_IN_SCRIPT_PHASES\=YES
    export VALIDATE_DEVELOPMENT_ASSET_PATHS\=YES_ERROR
    export VALIDATE_PRODUCT\=NO
    export VALID_ARCHS\=arm64\ x86_64
    export VERBOSE_PBXCP\=NO
    export VERSION_INFO_BUILDER\=nathannovak
    export VERSION_INFO_FILE\=React-FabricComponents_vers.c
    export VERSION_INFO_STRING\=\"@\(\#\)PROGRAM:React-FabricComponents\ \ PROJECT:Pods-\"
    export WORKSPACE_DIR\=/Users/nathannovak/Development/Apps/StraboSpot2/ios
    export WRAP_ASSET_PACKS_IN_SEPARATE_DIRECTORIES\=NO
    export XCODE_APP_SUPPORT_DIR\=/Applications/Xcode.app/Contents/Developer/Library/Xcode
    export XCODE_PRODUCT_BUILD_VERSION\=17A400
    export XCODE_VERSION_ACTUAL\=2601
    export XCODE_VERSION_MAJOR\=2600
    export XCODE_VERSION_MINOR\=2600
    export XPCSERVICES_FOLDER_PATH\=/XPCServices
    export YACC\=yacc
    export _DISCOVER_COMMAND_LINE_LINKER_INPUTS\=YES
    export _DISCOVER_COMMAND_LINE_LINKER_INPUTS_INCLUDE_WL\=YES
    export _LD_MULTIARCH\=YES
    export __DIAGNOSE_DEPRECATED_ARCHS\=YES
    export arch\=undefined_arch
    export variant\=normal
    /bin/sh -c /Users/nathannovak/Library/Developer/Xcode/DerivedData/StraboSpot2-gztieqkdzpsbarfnoxqpkwxgfcqj/Build/Intermediates.noindex/Pods.build/Debug-iphonesimulator/React-FabricComponents.build/Script-46EB2E000361A0.sh
Checking whether Codegen has run...

note: Run script build phase '[CP-User] [RN]Check FBReactNativeSpec' will be run during every build because the option to run the script phase "Based on dependency analysis" is unchecked. (in target 'React-RCTFBReactNativeSpec' from project 'Pods')
PhaseScriptExecution [CP-User]\ [RN]Check\ FBReactNativeSpec /Users/nathannovak/Library/Developer/Xcode/DerivedData/StraboSpot2-gztieqkdzpsbarfnoxqpkwxgfcqj/Build/Intermediates.noindex/Pods.build/Debug-iphonesimulator/React-RCTFBReactNativeSpec.build/Script-46EB2E000361B0.sh (in target 'React-RCTFBReactNativeSpec' from project 'Pods')
    cd /Users/nathannovak/Development/Apps/StraboSpot2/ios/Pods
    export ACTION\=build
    export AD_HOC_CODE_SIGNING_ALLOWED\=YES
    export ALLOW_BUILD_REQUEST_OVERRIDES\=NO
    export ALLOW_TARGET_PLATFORM_SPECIALIZATION\=NO
    export ALTERNATE_GROUP\=staff
    export ALTERNATE_MODE\=u+w,go-w,a+rX
    export ALTERNATE_OWNER\=nathannovak
    export ALTERNATIVE_DISTRIBUTION_WEB\=NO
    export ALWAYS_EMBED_SWIFT_STANDARD_LIBRARIES\=NO
    export ALWAYS_SEARCH_USER_PATHS\=NO
    export ALWAYS_USE_SEPARATE_HEADERMAPS\=NO
    export ANDROID_DEPLOYMENT_TARGET\=21.0
    export APPLICATION_EXTENSION_API_ONLY\=NO
    export APPLY_RULES_IN_COPY_FILES\=NO
    export APPLY_RULES_IN_COPY_HEADERS\=NO
    export APP_SHORTCUTS_ENABLE_FLEXIBLE_MATCHING\=YES
    export ARCHS\=x86_64
    export ARCHS_STANDARD\=arm64\ x86_64
    export ARCHS_STANDARD_32_64_BIT\=arm64\ x86_64
    export ARCHS_STANDARD_64_BIT\=arm64\ x86_64
    export ARCHS_STANDARD_INCLUDING_64_BIT\=arm64\ x86_64
    export ARCHS_UNIVERSAL_IPHONE_OS\=arm64\ x86_64
    export ASSETCATALOG_FILTER_FOR_DEVICE_MODEL\=iPad14,3-A
    export ASSETCATALOG_FILTER_FOR_DEVICE_OS_VERSION\=18.0
    export ASSETCATALOG_FILTER_FOR_THINNING_DEVICE_CONFIGURATION\=iPad14,3-A
    export AUTOMATICALLY_MERGE_DEPENDENCIES\=NO
    export AUTOMATION_APPLE_EVENTS\=NO
    export AVAILABLE_PLATFORMS\=android\ appletvos\ appletvsimulator\ driverkit\ iphoneos\ iphonesimulator\ macosx\ qnx\ watchos\ watchsimulator\ webassembly\ xros\ xrsimulator
    export BUILD_ACTIVE_RESOURCES_ONLY\=YES
    export BUILD_COMPONENTS\=headers\ build
    export BUILD_DIR\=/Users/nathannovak/Library/Developer/Xcode/DerivedData/StraboSpot2-gztieqkdzpsbarfnoxqpkwxgfcqj/Build/Products
    export BUILD_LIBRARY_FOR_DISTRIBUTION\=NO
    export BUILD_ROOT\=/Users/nathannovak/Library/Developer/Xcode/DerivedData/StraboSpot2-gztieqkdzpsbarfnoxqpkwxgfcqj/Build/Products
    export BUILD_STYLE\=
    export BUILD_VARIANTS\=normal
    export BUILT_PRODUCTS_DIR\=/Users/nathannovak/Library/Developer/Xcode/DerivedData/StraboSpot2-gztieqkdzpsbarfnoxqpkwxgfcqj/Build/Products/Debug-iphonesimulator/React-RCTFBReactNativeSpec
    export BUNDLE_CONTENTS_FOLDER_PATH_deep\=Contents/
    export BUNDLE_EXECUTABLE_FOLDER_NAME_deep\=MacOS
    export BUNDLE_EXTENSIONS_FOLDER_PATH\=Extensions
    export BUNDLE_FORMAT\=shallow
    export BUNDLE_FRAMEWORKS_FOLDER_PATH\=Frameworks
    export BUNDLE_PLUGINS_FOLDER_PATH\=PlugIns
    export BUNDLE_PRIVATE_HEADERS_FOLDER_PATH\=PrivateHeaders
    export BUNDLE_PUBLIC_HEADERS_FOLDER_PATH\=Headers
    export CACHE_ROOT\=/var/folders/pj/76qzdyzd0077fjwvf34jpht00000gn/C/com.apple.DeveloperTools/26.0.1-17A400/Xcode
    export CCHROOT\=/var/folders/pj/76qzdyzd0077fjwvf34jpht00000gn/C/com.apple.DeveloperTools/26.0.1-17A400/Xcode
    export CHMOD\=/bin/chmod
    export CHOWN\=/usr/sbin/chown
    export CLANG_ANALYZER_LOCALIZABILITY_NONLOCALIZED\=YES
    export CLANG_ANALYZER_NONNULL\=YES
    export CLANG_ANALYZER_NUMBER_OBJECT_CONVERSION\=YES_AGGRESSIVE
    export CLANG_CACHE_FINE_GRAINED_OUTPUTS\=YES
    export CLANG_CXX_LANGUAGE_STANDARD\=c++20
    export CLANG_CXX_LIBRARY\=libc++
    export CLANG_ENABLE_EXPLICIT_MODULES\=YES
    export CLANG_ENABLE_MODULES\=YES
    export CLANG_ENABLE_MODULE_DEBUGGING\=NO
    export CLANG_ENABLE_OBJC_ARC\=YES
    export CLANG_ENABLE_OBJC_WEAK\=NO
    export CLANG_MODULES_BUILD_SESSION_FILE\=/Users/nathannovak/Library/Developer/Xcode/DerivedData/ModuleCache.noindex/Session.modulevalidation
    export CLANG_WARN_BLOCK_CAPTURE_AUTORELEASING\=YES
    export CLANG_WARN_BOOL_CONVERSION\=YES
    export CLANG_WARN_COMMA\=YES
    export CLANG_WARN_CONSTANT_CONVERSION\=YES
    export CLANG_WARN_DEPRECATED_OBJC_IMPLEMENTATIONS\=YES
    export CLANG_WARN_DIRECT_OBJC_ISA_USAGE\=YES_ERROR
    export CLANG_WARN_DOCUMENTATION_COMMENTS\=YES
    export CLANG_WARN_EMPTY_BODY\=YES
    export CLANG_WARN_ENUM_CONVERSION\=YES
    export CLANG_WARN_INFINITE_RECURSION\=YES
    export CLANG_WARN_INT_CONVERSION\=YES
    export CLANG_WARN_NON_LITERAL_NULL_CONVERSION\=YES
    export CLANG_WARN_OBJC_IMPLICIT_RETAIN_SELF\=YES
    export CLANG_WARN_OBJC_LITERAL_CONVERSION\=YES
    export CLANG_WARN_OBJC_ROOT_CLASS\=YES_ERROR
    export CLANG_WARN_QUOTED_INCLUDE_IN_FRAMEWORK_HEADER\=NO
    export CLANG_WARN_RANGE_LOOP_ANALYSIS\=YES
    export CLANG_WARN_STRICT_PROTOTYPES\=YES
    export CLANG_WARN_SUSPICIOUS_MOVE\=YES
    export CLANG_WARN_UNGUARDED_AVAILABILITY\=YES_AGGRESSIVE
    export CLANG_WARN_UNREACHABLE_CODE\=YES
    export CLANG_WARN__DUPLICATE_METHOD_MATCH\=YES
    export CLASS_FILE_DIR\=/Users/nathannovak/Library/Developer/Xcode/DerivedData/StraboSpot2-gztieqkdzpsbarfnoxqpkwxgfcqj/Build/Intermediates.noindex/Pods.build/Debug-iphonesimulator/React-RCTFBReactNativeSpec.build/JavaClasses
    export CLEAN_PRECOMPS\=YES
    export CLONE_HEADERS\=NO
    export CODESIGNING_FOLDER_PATH\=/Users/nathannovak/Library/Developer/Xcode/DerivedData/StraboSpot2-gztieqkdzpsbarfnoxqpkwxgfcqj/Build/Products/Debug-iphonesimulator/React-RCTFBReactNativeSpec/libReact-RCTFBReactNativeSpec.a
    export CODE_SIGNING_ALLOWED\=NO
    export CODE_SIGNING_REQUIRED\=YES
    export CODE_SIGN_CONTEXT_CLASS\=XCiPhoneSimulatorCodeSignContext
    export CODE_SIGN_IDENTITY\=-
    export CODE_SIGN_INJECT_BASE_ENTITLEMENTS\=YES
    export COLOR_DIAGNOSTICS\=NO
    export COMBINE_HIDPI_IMAGES\=NO
    export COMPILATION_CACHE_CAS_PATH\=/Users/nathannovak/Library/Developer/Xcode/DerivedData/CompilationCache.noindex
    export COMPILATION_CACHE_KEEP_CAS_DIRECTORY\=YES
    export COMPILER_INDEX_STORE_ENABLE\=Default
    export COMPOSITE_SDK_DIRS\=/Users/nathannovak/Library/Developer/Xcode/DerivedData/StraboSpot2-gztieqkdzpsbarfnoxqpkwxgfcqj/Build/Intermediates.noindex/CompositeSDKs
    export COMPRESS_PNG_FILES\=YES
    export CONFIGURATION\=Debug
    export CONFIGURATION_BUILD_DIR\=/Users/nathannovak/Library/Developer/Xcode/DerivedData/StraboSpot2-gztieqkdzpsbarfnoxqpkwxgfcqj/Build/Products/Debug-iphonesimulator/React-RCTFBReactNativeSpec
    export CONFIGURATION_TEMP_DIR\=/Users/nathannovak/Library/Developer/Xcode/DerivedData/StraboSpot2-gztieqkdzpsbarfnoxqpkwxgfcqj/Build/Intermediates.noindex/Pods.build/Debug-iphonesimulator
    export COPYING_PRESERVES_HFS_DATA\=NO
    export COPY_HEADERS_RUN_UNIFDEF\=NO
    export COPY_PHASE_STRIP\=NO
    export CORRESPONDING_DEVICE_PLATFORM_DIR\=/Applications/Xcode.app/Contents/Developer/Platforms/iPhoneOS.platform
    export CORRESPONDING_DEVICE_PLATFORM_NAME\=iphoneos
    export CORRESPONDING_DEVICE_SDK_DIR\=/Applications/Xcode.app/Contents/Developer/Platforms/iPhoneOS.platform/Developer/SDKs/iPhoneOS26.0.sdk
    export CORRESPONDING_DEVICE_SDK_NAME\=iphoneos26.0
    export CP\=/bin/cp
    export CREATE_INFOPLIST_SECTION_IN_BINARY\=NO
    export CURRENT_ARCH\=undefined_arch
    export CURRENT_VARIANT\=normal
    export DEAD_CODE_STRIPPING\=YES
    export DEBUGGING_SYMBOLS\=YES
    export DEBUG_INFORMATION_FORMAT\=dwarf
    export DEBUG_INFORMATION_VERSION\=compiler-default
    export DEFAULT_COMPILER\=com.apple.compilers.llvm.clang.1_0
    export DEFAULT_DEXT_INSTALL_PATH\=/System/Library/DriverExtensions
    export DEFAULT_KEXT_INSTALL_PATH\=/System/Library/Extensions
    export DEFINES_MODULE\=NO
    export DEPLOYMENT_LOCATION\=NO
    export DEPLOYMENT_POSTPROCESSING\=NO
    export DEPLOYMENT_TARGET_SETTING_NAME\=IPHONEOS_DEPLOYMENT_TARGET
    export DEPLOYMENT_TARGET_SUGGESTED_VALUES\=12.0\ 12.1\ 12.2\ 12.3\ 12.4\ 13.0\ 13.1\ 13.2\ 13.3\ 13.4\ 13.5\ 13.6\ 14.0\ 14.1\ 14.2\ 14.3\ 14.4\ 14.5\ 14.6\ 14.7\ 15.0\ 15.1\ 15.2\ 15.3\ 15.4\ 15.5\ 15.6\ 16.0\ 16.1\ 16.2\ 16.3\ 16.4\ 16.5\ 16.6\ 17.0\ 17.1\ 17.2\ 17.3\ 17.4\ 17.5\ 17.6\ 18.0\ 18.1\ 18.2\ 18.3\ 18.4\ 18.5\ 18.6\ 26.0
    export DERIVED_FILES_DIR\=/Users/nathannovak/Library/Developer/Xcode/DerivedData/StraboSpot2-gztieqkdzpsbarfnoxqpkwxgfcqj/Build/Intermediates.noindex/Pods.build/Debug-iphonesimulator/React-RCTFBReactNativeSpec.build/DerivedSources
    export DERIVED_FILE_DIR\=/Users/nathannovak/Library/Developer/Xcode/DerivedData/StraboSpot2-gztieqkdzpsbarfnoxqpkwxgfcqj/Build/Intermediates.noindex/Pods.build/Debug-iphonesimulator/React-RCTFBReactNativeSpec.build/DerivedSources
    export DERIVED_SOURCES_DIR\=/Users/nathannovak/Library/Developer/Xcode/DerivedData/StraboSpot2-gztieqkdzpsbarfnoxqpkwxgfcqj/Build/Intermediates.noindex/Pods.build/Debug-iphonesimulator/React-RCTFBReactNativeSpec.build/DerivedSources
    export DEVELOPER_APPLICATIONS_DIR\=/Applications/Xcode.app/Contents/Developer/Applications
    export DEVELOPER_BIN_DIR\=/Applications/Xcode.app/Contents/Developer/usr/bin
    export DEVELOPER_DIR\=/Applications/Xcode.app/Contents/Developer
    export DEVELOPER_FRAMEWORKS_DIR\=/Applications/Xcode.app/Contents/Developer/Library/Frameworks
    export DEVELOPER_FRAMEWORKS_DIR_QUOTED\=/Applications/Xcode.app/Contents/Developer/Library/Frameworks
    export DEVELOPER_LIBRARY_DIR\=/Applications/Xcode.app/Contents/Developer/Library
    export DEVELOPER_SDK_DIR\=/Applications/Xcode.app/Contents/Developer/Platforms/MacOSX.platform/Developer/SDKs
    export DEVELOPER_TOOLS_DIR\=/Applications/Xcode.app/Contents/Developer/Tools
    export DEVELOPER_USR_DIR\=/Applications/Xcode.app/Contents/Developer/usr
    export DEVELOPMENT_LANGUAGE\=en
    export DIAGNOSE_MISSING_TARGET_DEPENDENCIES\=YES
    export DIFF\=/usr/bin/diff
    export DONT_GENERATE_INFOPLIST_FILE\=NO
    export DSTROOT\=/tmp/Pods.dst
    export DT_TOOLCHAIN_DIR\=/Applications/Xcode.app/Contents/Developer/Toolchains/XcodeDefault.xctoolchain
    export DWARF_DSYM_FILE_NAME\=libReact-RCTFBReactNativeSpec.a.dSYM
    export DWARF_DSYM_FILE_SHOULD_ACCOMPANY_PRODUCT\=NO
    export DWARF_DSYM_FOLDER_PATH\=/Users/nathannovak/Library/Developer/Xcode/DerivedData/StraboSpot2-gztieqkdzpsbarfnoxqpkwxgfcqj/Build/Products/Debug-iphonesimulator/React-RCTFBReactNativeSpec
    export DYNAMIC_LIBRARY_EXTENSION\=dylib
    export EAGER_COMPILATION_ALLOW_SCRIPTS\=NO
    export EAGER_LINKING\=NO
    export EFFECTIVE_PLATFORM_NAME\=-iphonesimulator
    export EMBEDDED_CONTENT_CONTAINS_SWIFT\=NO
    export EMBED_ASSET_PACKS_IN_PRODUCT_BUNDLE\=NO
    export ENABLE_APP_SANDBOX\=NO
    export ENABLE_CODE_COVERAGE\=YES
    export ENABLE_CPLUSPLUS_BOUNDS_SAFE_BUFFERS\=NO
    export ENABLE_C_BOUNDS_SAFETY\=NO
    export ENABLE_DEFAULT_HEADER_SEARCH_PATHS\=YES
    export ENABLE_DEFAULT_SEARCH_PATHS\=YES
    export ENABLE_ENHANCED_SECURITY\=NO
    export ENABLE_HARDENED_RUNTIME\=NO
    export ENABLE_HEADER_DEPENDENCIES\=YES
    export ENABLE_INCOMING_NETWORK_CONNECTIONS\=NO
    export ENABLE_ON_DEMAND_RESOURCES\=NO
    export ENABLE_OUTGOING_NETWORK_CONNECTIONS\=NO
    export ENABLE_POINTER_AUTHENTICATION\=NO
    export ENABLE_PREVIEWS\=NO
    export ENABLE_RESOURCE_ACCESS_AUDIO_INPUT\=NO
    export ENABLE_RESOURCE_ACCESS_BLUETOOTH\=NO
    export ENABLE_RESOURCE_ACCESS_CALENDARS\=NO
    export ENABLE_RESOURCE_ACCESS_CAMERA\=NO
    export ENABLE_RESOURCE_ACCESS_CONTACTS\=NO
    export ENABLE_RESOURCE_ACCESS_LOCATION\=NO
    export ENABLE_RESOURCE_ACCESS_PHOTO_LIBRARY\=NO
    export ENABLE_RESOURCE_ACCESS_PRINTING\=NO
    export ENABLE_RESOURCE_ACCESS_USB\=NO
    export ENABLE_SDK_IMPORTS\=NO
    export ENABLE_SECURITY_COMPILER_WARNINGS\=NO
    export ENABLE_STRICT_OBJC_MSGSEND\=YES
    export ENABLE_TESTABILITY\=YES
    export ENABLE_TESTING_SEARCH_PATHS\=NO
    export ENABLE_USER_SCRIPT_SANDBOXING\=NO
    export ENABLE_XOJIT_PREVIEWS\=YES
    export ENFORCE_VALID_ARCHS\=YES
    export ENTITLEMENTS_DESTINATION\=__entitlements
    export ENTITLEMENTS_REQUIRED\=YES
    export EXCLUDED_INSTALLSRC_SUBDIRECTORY_PATTERNS\=.DS_Store\ .svn\ .git\ .hg\ CVS
    export EXCLUDED_RECURSIVE_SEARCH_PATH_SUBDIRECTORIES\=\*.nib\ \*.lproj\ \*.framework\ \*.gch\ \*.xcode\*\ \*.xcassets\ \*.icon\ \(\*\)\ .DS_Store\ CVS\ .svn\ .git\ .hg\ \*.pbproj\ \*.pbxproj
    export EXECUTABLE_EXTENSION\=a
    export EXECUTABLE_NAME\=libReact-RCTFBReactNativeSpec.a
    export EXECUTABLE_PATH\=libReact-RCTFBReactNativeSpec.a
    export EXECUTABLE_PREFIX\=lib
    export EXECUTABLE_SUFFIX\=.a
    export FILE_LIST\=/Users/nathannovak/Library/Developer/Xcode/DerivedData/StraboSpot2-gztieqkdzpsbarfnoxqpkwxgfcqj/Build/Intermediates.noindex/Pods.build/Debug-iphonesimulator/React-RCTFBReactNativeSpec.build/Objects/LinkFileList
    export FIXED_FILES_DIR\=/Users/nathannovak/Library/Developer/Xcode/DerivedData/StraboSpot2-gztieqkdzpsbarfnoxqpkwxgfcqj/Build/Intermediates.noindex/Pods.build/Debug-iphonesimulator/React-RCTFBReactNativeSpec.build/FixedFiles
    export FRAMEWORK_FLAG_PREFIX\=-framework
    export FRAMEWORK_SEARCH_PATHS\=/Users/nathannovak/Library/Developer/Xcode/DerivedData/StraboSpot2-gztieqkdzpsbarfnoxqpkwxgfcqj/Build/Products/Debug-iphonesimulator/React-RCTFBReactNativeSpec\ \ \"/Users/nathannovak/Development/Apps/StraboSpot2/ios/Pods/hermes-engine/destroot/Library/Frameworks/universal\"\ \"/Users/nathannovak/Library/Developer/Xcode/DerivedData/StraboSpot2-gztieqkdzpsbarfnoxqpkwxgfcqj/Build/Products/Debug-iphonesimulator/XCFrameworkIntermediates/hermes-engine/Pre-built\"
    export FRAMEWORK_VERSION\=A
    export FULL_PRODUCT_NAME\=libReact-RCTFBReactNativeSpec.a
    export FUSE_BUILD_PHASES\=YES
    export FUSE_BUILD_SCRIPT_PHASES\=NO
    export GCC3_VERSION\=3.3
    export GCC_C_LANGUAGE_STANDARD\=gnu11
    export GCC_DYNAMIC_NO_PIC\=NO
    export GCC_NO_COMMON_BLOCKS\=YES
    export GCC_OBJC_LEGACY_DISPATCH\=YES
    export GCC_OPTIMIZATION_LEVEL\=0
    export GCC_PFE_FILE_C_DIALECTS\=c\ objective-c\ c++\ objective-c++
    export GCC_PREFIX_HEADER\=Target\ Support\ Files/React-RCTFBReactNativeSpec/React-RCTFBReactNativeSpec-prefix.pch
    export GCC_PREPROCESSOR_DEFINITIONS\=POD_CONFIGURATION_DEBUG\=1\ DEBUG\=1\ \ COCOAPODS\=1
    export GCC_TREAT_WARNINGS_AS_ERRORS\=NO
    export GCC_VERSION\=com.apple.compilers.llvm.clang.1_0
    export GCC_VERSION_IDENTIFIER\=com_apple_compilers_llvm_clang_1_0
    export GCC_WARN_64_TO_32_BIT_CONVERSION\=YES
    export GCC_WARN_ABOUT_RETURN_TYPE\=YES_ERROR
    export GCC_WARN_UNDECLARED_SELECTOR\=YES
    export GCC_WARN_UNINITIALIZED_AUTOS\=YES_AGGRESSIVE
    export GCC_WARN_UNUSED_FUNCTION\=YES
    export GCC_WARN_UNUSED_VARIABLE\=YES
    export GENERATED_MODULEMAP_DIR\=/Users/nathannovak/Library/Developer/Xcode/DerivedData/StraboSpot2-gztieqkdzpsbarfnoxqpkwxgfcqj/Build/Intermediates.noindex/GeneratedModuleMaps-iphonesimulator
    export GENERATE_INFOPLIST_FILE\=NO
    export GENERATE_INTERMEDIATE_TEXT_BASED_STUBS\=YES
    export GENERATE_PKGINFO_FILE\=NO
    export GENERATE_PRELINK_OBJECT_FILE\=NO
    export GENERATE_PROFILING_CODE\=NO
    export GENERATE_TEXT_BASED_STUBS\=NO
    export GID\=20
    export GROUP\=staff
    export HEADERMAP_INCLUDES_FLAT_ENTRIES_FOR_TARGET_BEING_BUILT\=YES
    export HEADERMAP_INCLUDES_FRAMEWORK_ENTRIES_FOR_ALL_PRODUCT_TYPES\=YES
    export HEADERMAP_INCLUDES_FRAMEWORK_ENTRIES_FOR_TARGETS_NOT_BEING_BUILT\=YES
    export HEADERMAP_INCLUDES_NONPUBLIC_NONPRIVATE_HEADERS\=YES
    export HEADERMAP_INCLUDES_PROJECT_HEADERS\=YES
    export HEADERMAP_USES_FRAMEWORK_PREFIX_ENTRIES\=YES
    export HEADERMAP_USES_VFS\=NO
    export HEADER_SEARCH_PATHS\=/Users/nathannovak/Library/Developer/Xcode/DerivedData/StraboSpot2-gztieqkdzpsbarfnoxqpkwxgfcqj/Build/Products/Debug-iphonesimulator/React-RCTFBReactNativeSpec/include\ \ \"/Users/nathannovak/Development/Apps/StraboSpot2/ios/Pods/Headers/Private\"\ \"/Users/nathannovak/Development/Apps/StraboSpot2/ios/Pods/Headers/Private/React-RCTFBReactNativeSpec\"\ \"/Users/nathannovak/Development/Apps/StraboSpot2/ios/Pods/Headers/Public\"\ \"/Users/nathannovak/Development/Apps/StraboSpot2/ios/Pods/Headers/Public/DoubleConversion\"\ \"/Users/nathannovak/Development/Apps/StraboSpot2/ios/Pods/Headers/Public/FBLazyVector\"\ \"/Users/nathannovak/Development/Apps/StraboSpot2/ios/Pods/Headers/Public/RCT-Folly\"\ \"/Users/nathannovak/Development/Apps/StraboSpot2/ios/Pods/Headers/Public/RCTDeprecation\"\ \"/Users/nathannovak/Development/Apps/StraboSpot2/ios/Pods/Headers/Public/RCTRequired\"\ \"/Users/nathannovak/Development/Apps/StraboSpot2/ios/Pods/Headers/Public/RCTTypeSafety\"\ \"/Users/nathannovak/Development/Apps/StraboSpot2/ios/Pods/Headers/Public/React-Core\"\ \"/Users/nathannovak/Development/Apps/StraboSpot2/ios/Pods/Headers/Public/React-NativeModulesApple\"\ \"/Users/nathannovak/Development/Apps/StraboSpot2/ios/Pods/Headers/Public/React-RCTFBReactNativeSpec\"\ \"/Users/nathannovak/Development/Apps/StraboSpot2/ios/Pods/Headers/Public/React-callinvoker\"\ \"/Users/nathannovak/Development/Apps/StraboSpot2/ios/Pods/Headers/Public/React-cxxreact\"\ \"/Users/nathannovak/Development/Apps/StraboSpot2/ios/Pods/Headers/Public/React-debug\"\ \"/Users/nathannovak/Development/Apps/StraboSpot2/ios/Pods/Headers/Public/React-featureflags\"\ \"/Users/nathannovak/Development/Apps/StraboSpot2/ios/Pods/Headers/Public/React-hermes\"\ \"/Users/nathannovak/Development/Apps/StraboSpot2/ios/Pods/Headers/Public/React-jsi\"\ \"/Users/nathannovak/Development/Apps/StraboSpot2/ios/Pods/Headers/Public/React-jsiexecutor\"\ \"/Users/nathannovak/Development/Apps/StraboSpot2/ios/Pods/Headers/Public/React-jsinspector\"\ \"/Users/nathannovak/Development/Apps/StraboSpot2/ios/Pods/Headers/Public/React-jsinspectortracing\"\ \"/Users/nathannovak/Development/Apps/StraboSpot2/ios/Pods/Headers/Public/React-jsitooling\"\ \"/Users/nathannovak/Development/Apps/StraboSpot2/ios/Pods/Headers/Public/React-logger\"\ \"/Users/nathannovak/Development/Apps/StraboSpot2/ios/Pods/Headers/Public/React-oscompat\"\ \"/Users/nathannovak/Development/Apps/StraboSpot2/ios/Pods/Headers/Public/React-perflogger\"\ \"/Users/nathannovak/Development/Apps/StraboSpot2/ios/Pods/Headers/Public/React-performancetimeline\"\ \"/Users/nathannovak/Development/Apps/StraboSpot2/ios/Pods/Headers/Public/React-rendererconsistency\"\ \"/Users/nathannovak/Development/Apps/StraboSpot2/ios/Pods/Headers/Public/React-rendererdebug\"\ \"/Users/nathannovak/Development/Apps/StraboSpot2/ios/Pods/Headers/Public/React-runtimeexecutor\"\ \"/Users/nathannovak/Development/Apps/StraboSpot2/ios/Pods/Headers/Public/React-runtimescheduler\"\ \"/Users/nathannovak/Development/Apps/StraboSpot2/ios/Pods/Headers/Public/React-timing\"\ \"/Users/nathannovak/Development/Apps/StraboSpot2/ios/Pods/Headers/Public/React-utils\"\ \"/Users/nathannovak/Development/Apps/StraboSpot2/ios/Pods/Headers/Public/ReactCommon\"\ \"/Users/nathannovak/Development/Apps/StraboSpot2/ios/Pods/Headers/Public/SocketRocket\"\ \"/Users/nathannovak/Development/Apps/StraboSpot2/ios/Pods/Headers/Public/Yoga\"\ \"/Users/nathannovak/Development/Apps/StraboSpot2/ios/Pods/Headers/Public/boost\"\ \"/Users/nathannovak/Development/Apps/StraboSpot2/ios/Pods/Headers/Public/fast_float\"\ \"/Users/nathannovak/Development/Apps/StraboSpot2/ios/Pods/Headers/Public/fmt\"\ \"/Users/nathannovak/Development/Apps/StraboSpot2/ios/Pods/Headers/Public/glog\"\ \"/Users/nathannovak/Development/Apps/StraboSpot2/ios/Pods/Headers/Public/hermes-engine\"\ \"/Users/nathannovak/Development/Apps/StraboSpot2/ios/Pods/RCT-Folly\"\ \"/Users/nathannovak/Library/Developer/Xcode/DerivedData/StraboSpot2-gztieqkdzpsbarfnoxqpkwxgfcqj/Build/Products/Debug-iphonesimulator/ReactCommon/ReactCommon.framework/Headers\"\ \"/Users/nathannovak/Library/Developer/Xcode/DerivedData/StraboSpot2-gztieqkdzpsbarfnoxqpkwxgfcqj/Build/Products/Debug-iphonesimulator/ReactCommon/ReactCommon.framework/Headers/react/nativemodule/core\"\ \"/Users/nathannovak/Library/Developer/Xcode/DerivedData/StraboSpot2-gztieqkdzpsbarfnoxqpkwxgfcqj/Build/Products/Debug-iphonesimulator/ReactCommon/ReactCommon.framework/Headers\"\ \"/Users/nathannovak/Library/Developer/Xcode/DerivedData/StraboSpot2-gztieqkdzpsbarfnoxqpkwxgfcqj/Build/Products/Debug-iphonesimulator/ReactCommon/ReactCommon.framework/Headers/react/nativemodule/bridging\"
    export HOME\=/Users/nathannovak
    export HOST_ARCH\=x86_64
    export HOST_PLATFORM\=macosx
    export ICONV\=/usr/bin/iconv
    export IMPLICIT_DEPENDENCY_DOMAIN\=default
    export INFOPLIST_ENABLE_CFBUNDLEICONS_MERGE\=YES
    export INFOPLIST_EXPAND_BUILD_SETTINGS\=YES
    export INFOPLIST_OUTPUT_FORMAT\=binary
    export INFOPLIST_PREPROCESS\=NO
    export INLINE_PRIVATE_FRAMEWORKS\=NO
    export INSTALLAPI_IGNORE_SKIP_INSTALL\=YES
    export INSTALLHDRS_COPY_PHASE\=NO
    export INSTALLHDRS_SCRIPT_PHASE\=NO
    export INSTALL_DIR\=/tmp/Pods.dst/usr/local/lib
    export INSTALL_GROUP\=staff
    export INSTALL_MODE_FLAG\=u+w,go-w,a+rX
    export INSTALL_OWNER\=nathannovak
    export INSTALL_PATH\=/usr/local/lib
    export INSTALL_ROOT\=/tmp/Pods.dst
    export IPHONEOS_DEPLOYMENT_TARGET\=15.1
    export IS_UNOPTIMIZED_BUILD\=YES
    export JAVAC_DEFAULT_FLAGS\=-J-Xms64m\ -J-XX:NewSize\=4M\ -J-Dfile.encoding\=UTF8
    export JAVA_APP_STUB\=/System/Library/Frameworks/JavaVM.framework/Resources/MacOS/JavaApplicationStub
    export JAVA_ARCHIVE_CLASSES\=YES
    export JAVA_ARCHIVE_TYPE\=JAR
    export JAVA_COMPILER\=/usr/bin/javac
    export JAVA_FRAMEWORK_RESOURCES_DIRS\=Resources
    export JAVA_JAR_FLAGS\=cv
    export JAVA_SOURCE_SUBDIR\=.
    export JAVA_USE_DEPENDENCIES\=YES
    export JAVA_ZIP_FLAGS\=-urg
    export JIKES_DEFAULT_FLAGS\=+E\ +OLDCSO
    export KEEP_PRIVATE_EXTERNS\=NO
    export LD_DEPENDENCY_INFO_FILE\=/Users/nathannovak/Library/Developer/Xcode/DerivedData/StraboSpot2-gztieqkdzpsbarfnoxqpkwxgfcqj/Build/Intermediates.noindex/Pods.build/Debug-iphonesimulator/React-RCTFBReactNativeSpec.build/Objects-normal/undefined_arch/React-RCTFBReactNativeSpec_dependency_info.dat
    export LD_EXPORT_SYMBOLS\=YES
    export LD_GENERATE_MAP_FILE\=NO
    export LD_MAP_FILE_PATH\=/Users/nathannovak/Library/Developer/Xcode/DerivedData/StraboSpot2-gztieqkdzpsbarfnoxqpkwxgfcqj/Build/Intermediates.noindex/Pods.build/Debug-iphonesimulator/React-RCTFBReactNativeSpec.build/React-RCTFBReactNativeSpec-LinkMap-normal-undefined_arch.txt
    export LD_NO_PIE\=NO
    export LD_QUOTE_LINKER_ARGUMENTS_FOR_COMPILER_DRIVER\=YES
    export LD_SHARED_CACHE_ELIGIBLE\=Automatic
    export LD_WARN_DUPLICATE_LIBRARIES\=NO
    export LD_WARN_UNUSED_DYLIBS\=NO
    export LEGACY_DEVELOPER_DIR\=/Applications/Xcode.app/Contents/PlugIns/Xcode3Core.ideplugin/Contents/SharedSupport/Developer
    export LEX\=lex
    export LIBRARY_DEXT_INSTALL_PATH\=/Library/DriverExtensions
    export LIBRARY_FLAG_NOSPACE\=YES
    export LIBRARY_FLAG_PREFIX\=-l
    export LIBRARY_KEXT_INSTALL_PATH\=/Library/Extensions
    export LIBRARY_SEARCH_PATHS\=/Users/nathannovak/Library/Developer/Xcode/DerivedData/StraboSpot2-gztieqkdzpsbarfnoxqpkwxgfcqj/Build/Products/Debug-iphonesimulator/React-RCTFBReactNativeSpec\ 
    export LINKER_DISPLAYS_MANGLED_NAMES\=NO
    export LINK_FILE_LIST_normal_x86_64\=/Users/nathannovak/Library/Developer/Xcode/DerivedData/StraboSpot2-gztieqkdzpsbarfnoxqpkwxgfcqj/Build/Intermediates.noindex/Pods.build/Debug-iphonesimulator/React-RCTFBReactNativeSpec.build/Objects-normal/x86_64/React-RCTFBReactNativeSpec.LinkFileList
    export LINK_OBJC_RUNTIME\=YES
    export LINK_WITH_STANDARD_LIBRARIES\=YES
    export LLVM_TARGET_TRIPLE_OS_VERSION\=ios15.1
    export LLVM_TARGET_TRIPLE_SUFFIX\=-simulator
    export LLVM_TARGET_TRIPLE_VENDOR\=apple
    export LM_AUX_CONST_METADATA_LIST_PATH_normal_x86_64\=/Users/nathannovak/Library/Developer/Xcode/DerivedData/StraboSpot2-gztieqkdzpsbarfnoxqpkwxgfcqj/Build/Intermediates.noindex/Pods.build/Debug-iphonesimulator/React-RCTFBReactNativeSpec.build/Objects-normal/x86_64/React-RCTFBReactNativeSpec.SwiftConstValuesFileList
    export LOCALIZATION_EXPORT_SUPPORTED\=YES
    export LOCALIZATION_PREFERS_STRING_CATALOGS\=NO
    export LOCALIZED_STRING_MACRO_NAMES\=NSLocalizedString\ CFCopyLocalizedString
    export LOCALIZED_STRING_SWIFTUI_SUPPORT\=YES
    export LOCAL_ADMIN_APPS_DIR\=/Applications/Utilities
    export LOCAL_APPS_DIR\=/Applications
    export LOCAL_DEVELOPER_DIR\=/Library/Developer
    export LOCAL_LIBRARY_DIR\=/Library
    export LOCROOT\=/Users/nathannovak/Development/Apps/StraboSpot2/ios/Pods
    export LOCSYMROOT\=/Users/nathannovak/Development/Apps/StraboSpot2/ios/Pods
    export MACH_O_TYPE\=staticlib
    export MAC_OS_X_PRODUCT_BUILD_VERSION\=24G231
    export MAC_OS_X_VERSION_ACTUAL\=150701
    export MAC_OS_X_VERSION_MAJOR\=150000
    export MAC_OS_X_VERSION_MINOR\=150700
    export MAKE_MERGEABLE\=NO
    export MERGEABLE_LIBRARY\=NO
    export MERGED_BINARY_TYPE\=none
    export MERGE_LINKED_LIBRARIES\=NO
    export METAL_LIBRARY_FILE_BASE\=default
    export METAL_LIBRARY_OUTPUT_DIR\=/Users/nathannovak/Library/Developer/Xcode/DerivedData/StraboSpot2-gztieqkdzpsbarfnoxqpkwxgfcqj/Build/Products/Debug-iphonesimulator/React-RCTFBReactNativeSpec/
    export MODULE_CACHE_DIR\=/Users/nathannovak/Library/Developer/Xcode/DerivedData/ModuleCache.noindex
    export MTL_ENABLE_DEBUG_INFO\=INCLUDE_SOURCE
    export MTL_FAST_MATH\=YES
    export NATIVE_ARCH\=x86_64
    export NATIVE_ARCH_32_BIT\=i386
    export NATIVE_ARCH_64_BIT\=x86_64
    export NATIVE_ARCH_ACTUAL\=x86_64
    export NO_COMMON\=YES
    export OBJC_ABI_VERSION\=2
    export OBJECT_FILE_DIR\=/Users/nathannovak/Library/Developer/Xcode/DerivedData/StraboSpot2-gztieqkdzpsbarfnoxqpkwxgfcqj/Build/Intermediates.noindex/Pods.build/Debug-iphonesimulator/React-RCTFBReactNativeSpec.build/Objects
    export OBJECT_FILE_DIR_normal\=/Users/nathannovak/Library/Developer/Xcode/DerivedData/StraboSpot2-gztieqkdzpsbarfnoxqpkwxgfcqj/Build/Intermediates.noindex/Pods.build/Debug-iphonesimulator/React-RCTFBReactNativeSpec.build/Objects-normal
    export OBJROOT\=/Users/nathannovak/Library/Developer/Xcode/DerivedData/StraboSpot2-gztieqkdzpsbarfnoxqpkwxgfcqj/Build/Intermediates.noindex
    export ONLY_ACTIVE_ARCH\=YES
    export OS\=MACOS
    export OSAC\=/usr/bin/osacompile
    export OTHER_CFLAGS\=\ -fmodule-map-file\=\"/Users/nathannovak/Development/Apps/StraboSpot2/ios/Pods/Headers/Public/DoubleConversion/DoubleConversion.modulemap\"\ -fmodule-map-file\=\"/Users/nathannovak/Development/Apps/StraboSpot2/ios/Pods/Headers/Public/RCTDeprecation/RCTDeprecation.modulemap\"\ -fmodule-map-file\=\"/Users/nathannovak/Development/Apps/StraboSpot2/ios/Pods/Headers/Public/RCTTypeSafety/RCTTypeSafety.modulemap\"\ -fmodule-map-file\=\"/Users/nathannovak/Development/Apps/StraboSpot2/ios/Pods/Headers/Public/React/React-Core.modulemap\"\ -fmodule-map-file\=\"/Users/nathannovak/Development/Apps/StraboSpot2/ios/Pods/Headers/Public/ReactCommon/ReactCommon.modulemap\"\ -fmodule-map-file\=\"/Users/nathannovak/Development/Apps/StraboSpot2/ios/Pods/Headers/Public/React_NativeModulesApple/React-NativeModulesApple.modulemap\"\ -fmodule-map-file\=\"/Users/nathannovak/Development/Apps/StraboSpot2/ios/Pods/Headers/Public/folly/RCT-Folly.modulemap\"\ -fmodule-map-file\=\"/Users/nathannovak/Development/Apps/StraboSpot2/ios/Pods/Headers/Public/glog/glog.modulemap\"\ -fmodule-map-file\=\"/Users/nathannovak/Development/Apps/StraboSpot2/ios/Pods/Headers/Public/jsi/React-jsi.modulemap\"\ -fmodule-map-file\=\"/Users/nathannovak/Development/Apps/StraboSpot2/ios/Pods/Headers/Public/jsinspector_modern/React-jsinspector.modulemap\"\ -fmodule-map-file\=\"/Users/nathannovak/Development/Apps/StraboSpot2/ios/Pods/Headers/Public/jsinspector_modern_tracing/React-jsinspectortracing.modulemap\"\ -fmodule-map-file\=\"/Users/nathannovak/Development/Apps/StraboSpot2/ios/Pods/Headers/Public/react_debug/React-debug.modulemap\"\ -fmodule-map-file\=\"/Users/nathannovak/Development/Apps/StraboSpot2/ios/Pods/Headers/Public/react_featureflags/React-featureflags.modulemap\"\ -fmodule-map-file\=\"/Users/nathannovak/Development/Apps/StraboSpot2/ios/Pods/Headers/Public/react_renderer_debug/React-rendererdebug.modulemap\"\ -fmodule-map-file\=\"/Users/nathannovak/Development/Apps/StraboSpot2/ios/Pods/Headers/Public/react_runtime/React-jsitooling.modulemap\"\ -fmodule-map-file\=\"/Users/nathannovak/Development/Apps/StraboSpot2/ios/Pods/Headers/Public/react_utils/React-utils.modulemap\"\ -fmodule-map-file\=\"/Users/nathannovak/Development/Apps/StraboSpot2/ios/Pods/Headers/Public/reacthermes/React-hermes.modulemap\"\ -fmodule-map-file\=\"/Users/nathannovak/Development/Apps/StraboSpot2/ios/Pods/Headers/Public/yoga/Yoga.modulemap\"\ \ -DFOLLY_NO_CONFIG\ -DFOLLY_MOBILE\=1\ -DFOLLY_USE_LIBCPP\=1\ -DFOLLY_CFG_NO_COROUTINES\=1\ -DFOLLY_HAVE_CLOCK_GETTIME\=1\ -Wno-comma\ -Wno-shorten-64-to-32\ -DRCT_NEW_ARCH_ENABLED\=1
    export OTHER_CPLUSPLUSFLAGS\=\ -fmodule-map-file\=\"/Users/nathannovak/Development/Apps/StraboSpot2/ios/Pods/Headers/Public/DoubleConversion/DoubleConversion.modulemap\"\ -fmodule-map-file\=\"/Users/nathannovak/Development/Apps/StraboSpot2/ios/Pods/Headers/Public/RCTDeprecation/RCTDeprecation.modulemap\"\ -fmodule-map-file\=\"/Users/nathannovak/Development/Apps/StraboSpot2/ios/Pods/Headers/Public/RCTTypeSafety/RCTTypeSafety.modulemap\"\ -fmodule-map-file\=\"/Users/nathannovak/Development/Apps/StraboSpot2/ios/Pods/Headers/Public/React/React-Core.modulemap\"\ -fmodule-map-file\=\"/Users/nathannovak/Development/Apps/StraboSpot2/ios/Pods/Headers/Public/ReactCommon/ReactCommon.modulemap\"\ -fmodule-map-file\=\"/Users/nathannovak/Development/Apps/StraboSpot2/ios/Pods/Headers/Public/React_NativeModulesApple/React-NativeModulesApple.modulemap\"\ -fmodule-map-file\=\"/Users/nathannovak/Development/Apps/StraboSpot2/ios/Pods/Headers/Public/folly/RCT-Folly.modulemap\"\ -fmodule-map-file\=\"/Users/nathannovak/Development/Apps/StraboSpot2/ios/Pods/Headers/Public/glog/glog.modulemap\"\ -fmodule-map-file\=\"/Users/nathannovak/Development/Apps/StraboSpot2/ios/Pods/Headers/Public/jsi/React-jsi.modulemap\"\ -fmodule-map-file\=\"/Users/nathannovak/Development/Apps/StraboSpot2/ios/Pods/Headers/Public/jsinspector_modern/React-jsinspector.modulemap\"\ -fmodule-map-file\=\"/Users/nathannovak/Development/Apps/StraboSpot2/ios/Pods/Headers/Public/jsinspector_modern_tracing/React-jsinspectortracing.modulemap\"\ -fmodule-map-file\=\"/Users/nathannovak/Development/Apps/StraboSpot2/ios/Pods/Headers/Public/react_debug/React-debug.modulemap\"\ -fmodule-map-file\=\"/Users/nathannovak/Development/Apps/StraboSpot2/ios/Pods/Headers/Public/react_featureflags/React-featureflags.modulemap\"\ -fmodule-map-file\=\"/Users/nathannovak/Development/Apps/StraboSpot2/ios/Pods/Headers/Public/react_renderer_debug/React-rendererdebug.modulemap\"\ -fmodule-map-file\=\"/Users/nathannovak/Development/Apps/StraboSpot2/ios/Pods/Headers/Public/react_runtime/React-jsitooling.modulemap\"\ -fmodule-map-file\=\"/Users/nathannovak/Development/Apps/StraboSpot2/ios/Pods/Headers/Public/react_utils/React-utils.modulemap\"\ -fmodule-map-file\=\"/Users/nathannovak/Development/Apps/StraboSpot2/ios/Pods/Headers/Public/reacthermes/React-hermes.modulemap\"\ -fmodule-map-file\=\"/Users/nathannovak/Development/Apps/StraboSpot2/ios/Pods/Headers/Public/yoga/Yoga.modulemap\"\ \ -DFOLLY_NO_CONFIG\ -DFOLLY_MOBILE\=1\ -DFOLLY_USE_LIBCPP\=1\ -DFOLLY_CFG_NO_COROUTINES\=1\ -DFOLLY_HAVE_CLOCK_GETTIME\=1\ -Wno-comma\ -Wno-shorten-64-to-32\ -DRCT_NEW_ARCH_ENABLED\=1
    export PACKAGE_TYPE\=com.apple.package-type.static-library
    export PASCAL_STRINGS\=YES
    export PATH\=/Applications/Xcode.app/Contents/SharedFrameworks/SwiftBuild.framework/Versions/A/PlugIns/SWBBuildService.bundle/Contents/PlugIns/SWBUniversalPlatformPlugin.bundle/Contents/Frameworks/SWBUniversalPlatform.framework/Resources:/Applications/Xcode.app/Contents/Developer/Toolchains/XcodeDefault.xctoolchain/usr/bin:/Applications/Xcode.app/Contents/Developer/Toolchains/XcodeDefault.xctoolchain/usr/local/bin:/Applications/Xcode.app/Contents/Developer/Toolchains/XcodeDefault.xctoolchain/usr/libexec:/Applications/Xcode.app/Contents/Developer/Platforms/iPhoneSimulator.platform/usr/bin:/Applications/Xcode.app/Contents/Developer/Platforms/iPhoneSimulator.platform/usr/local/bin:/Applications/Xcode.app/Contents/Developer/Platforms/iPhoneSimulator.platform/Developer/usr/bin:/Applications/Xcode.app/Contents/Developer/Platforms/iPhoneSimulator.platform/Developer/usr/local/bin:/Applications/Xcode.app/Contents/Developer/usr/bin:/Applications/Xcode.app/Contents/Developer/usr/local/bin:/Users/nathannovak/Development/Apps/StraboSpot2/node_modules/.bin:/Users/nathannovak/Development/Apps/node_modules/.bin:/Users/nathannovak/Development/node_modules/.bin:/Users/nathannovak/node_modules/.bin:/Users/node_modules/.bin:/node_modules/.bin:/Users/nathannovak/.nvm/versions/node/v22.16.0/lib/node_modules/npm/node_modules/@npmcli/run-script/lib/node-gyp-bin:/Users/nathannovak/.flashlight/bin:/Users/nathannovak/.nvm/versions/node/v22.16.0/bin:/Users/nathannovak/google-cloud-sdk/bin:/Users/nathannovak/.rbenv/shims:/Library/Frameworks/Python.framework/Versions/3.10/bin:/Library/Frameworks/Python.framework/Versions/3.6/bin:/usr/local/bin:/System/Cryptexes/App/usr/bin:/usr/bin:/bin:/usr/sbin:/sbin:/var/run/com.apple.security.cryptexd/codex.system/bootstrap/usr/local/bin:/var/run/com.apple.security.cryptexd/codex.system/bootstrap/usr/bin:/var/run/com.apple.security.cryptexd/codex.system/bootstrap/usr/appleinternal/bin:/Library/Apple/usr/bin:/Library/TeX/texbin:/Users/nathannovak/Library/Android/sdk/emulator:/Users/nathannovak/Library/Android/sdk/platform-tools
    export PATH_PREFIXES_EXCLUDED_FROM_HEADER_DEPENDENCIES\=/usr/include\ /usr/local/include\ /System/Library/Frameworks\ /System/Library/PrivateFrameworks\ /Applications/Xcode.app/Contents/Developer/Headers\ /Applications/Xcode.app/Contents/Developer/SDKs\ /Applications/Xcode.app/Contents/Developer/Platforms
    export PER_ARCH_MODULE_FILE_DIR\=/Users/nathannovak/Library/Developer/Xcode/DerivedData/StraboSpot2-gztieqkdzpsbarfnoxqpkwxgfcqj/Build/Intermediates.noindex/Pods.build/Debug-iphonesimulator/React-RCTFBReactNativeSpec.build/Objects-normal/undefined_arch
    export PER_ARCH_OBJECT_FILE_DIR\=/Users/nathannovak/Library/Developer/Xcode/DerivedData/StraboSpot2-gztieqkdzpsbarfnoxqpkwxgfcqj/Build/Intermediates.noindex/Pods.build/Debug-iphonesimulator/React-RCTFBReactNativeSpec.build/Objects-normal/undefined_arch
    export PER_VARIANT_OBJECT_FILE_DIR\=/Users/nathannovak/Library/Developer/Xcode/DerivedData/StraboSpot2-gztieqkdzpsbarfnoxqpkwxgfcqj/Build/Intermediates.noindex/Pods.build/Debug-iphonesimulator/React-RCTFBReactNativeSpec.build/Objects-normal
    export PKGINFO_FILE_PATH\=/Users/nathannovak/Library/Developer/Xcode/DerivedData/StraboSpot2-gztieqkdzpsbarfnoxqpkwxgfcqj/Build/Intermediates.noindex/Pods.build/Debug-iphonesimulator/React-RCTFBReactNativeSpec.build/PkgInfo
    export PLATFORM_DEVELOPER_APPLICATIONS_DIR\=/Applications/Xcode.app/Contents/Developer/Platforms/iPhoneSimulator.platform/Developer/Applications
    export PLATFORM_DEVELOPER_BIN_DIR\=/Applications/Xcode.app/Contents/Developer/Platforms/iPhoneSimulator.platform/Developer/usr/bin
    export PLATFORM_DEVELOPER_LIBRARY_DIR\=/Applications/Xcode.app/Contents/Developer/Platforms/iPhoneSimulator.platform/Developer/Library
    export PLATFORM_DEVELOPER_SDK_DIR\=/Applications/Xcode.app/Contents/Developer/Platforms/iPhoneSimulator.platform/Developer/SDKs
    export PLATFORM_DEVELOPER_TOOLS_DIR\=/Applications/Xcode.app/Contents/Developer/Platforms/iPhoneSimulator.platform/Developer/Tools
    export PLATFORM_DEVELOPER_USR_DIR\=/Applications/Xcode.app/Contents/Developer/Platforms/iPhoneSimulator.platform/Developer/usr
    export PLATFORM_DIR\=/Applications/Xcode.app/Contents/Developer/Platforms/iPhoneSimulator.platform
    export PLATFORM_DISPLAY_NAME\=iOS\ Simulator
    export PLATFORM_FAMILY_NAME\=iOS
    export PLATFORM_NAME\=iphonesimulator
    export PLATFORM_PREFERRED_ARCH\=x86_64
    export PLATFORM_PRODUCT_BUILD_VERSION\=23A339
    export PLATFORM_REQUIRES_SWIFT_AUTOLINK_EXTRACT\=NO
    export PLATFORM_REQUIRES_SWIFT_MODULEWRAP\=NO
    export PLIST_FILE_OUTPUT_FORMAT\=binary
    export PODS_BUILD_DIR\=/Users/nathannovak/Library/Developer/Xcode/DerivedData/StraboSpot2-gztieqkdzpsbarfnoxqpkwxgfcqj/Build/Products
    export PODS_CONFIGURATION_BUILD_DIR\=/Users/nathannovak/Library/Developer/Xcode/DerivedData/StraboSpot2-gztieqkdzpsbarfnoxqpkwxgfcqj/Build/Products/Debug-iphonesimulator
    export PODS_DEVELOPMENT_LANGUAGE\=en
    export PODS_ROOT\=/Users/nathannovak/Development/Apps/StraboSpot2/ios/Pods
    export PODS_TARGET_SRCROOT\=/Users/nathannovak/Development/Apps/StraboSpot2/ios/Pods/../../node_modules/react-native/React
    export PODS_XCFRAMEWORKS_BUILD_DIR\=/Users/nathannovak/Library/Developer/Xcode/DerivedData/StraboSpot2-gztieqkdzpsbarfnoxqpkwxgfcqj/Build/Products/Debug-iphonesimulator/XCFrameworkIntermediates
    export PRECOMPS_INCLUDE_HEADERS_FROM_BUILT_PRODUCTS_DIR\=YES
    export PRECOMP_DESTINATION_DIR\=/Users/nathannovak/Library/Developer/Xcode/DerivedData/StraboSpot2-gztieqkdzpsbarfnoxqpkwxgfcqj/Build/Intermediates.noindex/Pods.build/Debug-iphonesimulator/React-RCTFBReactNativeSpec.build/PrefixHeaders
    export PROCESSED_INFOPLIST_PATH\=/Users/nathannovak/Library/Developer/Xcode/DerivedData/StraboSpot2-gztieqkdzpsbarfnoxqpkwxgfcqj/Build/Intermediates.noindex/Pods.build/Debug-iphonesimulator/React-RCTFBReactNativeSpec.build/Objects-normal/undefined_arch/Processed-Info.plist
    export PRODUCT_BUNDLE_IDENTIFIER\=org.cocoapods.React-RCTFBReactNativeSpec
    export PRODUCT_MODULE_NAME\=FBReactNativeSpec
    export PRODUCT_NAME\=React-RCTFBReactNativeSpec
    export PRODUCT_SETTINGS_PATH\=
    export PRODUCT_TYPE\=com.apple.product-type.library.static
    export PROFILING_CODE\=NO
    export PROJECT\=Pods
    export PROJECT_DERIVED_FILE_DIR\=/Users/nathannovak/Library/Developer/Xcode/DerivedData/StraboSpot2-gztieqkdzpsbarfnoxqpkwxgfcqj/Build/Intermediates.noindex/Pods.build/DerivedSources
    export PROJECT_DIR\=/Users/nathannovak/Development/Apps/StraboSpot2/ios/Pods
    export PROJECT_FILE_PATH\=/Users/nathannovak/Development/Apps/StraboSpot2/ios/Pods/Pods.xcodeproj
    export PROJECT_GUID\=8699adb1dd336b26511df848a716bd42
    export PROJECT_NAME\=Pods
    export PROJECT_TEMP_DIR\=/Users/nathannovak/Library/Developer/Xcode/DerivedData/StraboSpot2-gztieqkdzpsbarfnoxqpkwxgfcqj/Build/Intermediates.noindex/Pods.build
    export PROJECT_TEMP_ROOT\=/Users/nathannovak/Library/Developer/Xcode/DerivedData/StraboSpot2-gztieqkdzpsbarfnoxqpkwxgfcqj/Build/Intermediates.noindex
    export REACT_NATIVE_PATH\=/Users/nathannovak/Development/Apps/StraboSpot2/ios/Pods/../../node_modules/react-native
    export RECOMMENDED_IPHONEOS_DEPLOYMENT_TARGET\=15.0
    export RECURSIVE_SEARCH_PATHS_FOLLOW_SYMLINKS\=YES
    export REMOVE_CVS_FROM_RESOURCES\=YES
    export REMOVE_GIT_FROM_RESOURCES\=YES
    export REMOVE_HEADERS_FROM_EMBEDDED_BUNDLES\=YES
    export REMOVE_HG_FROM_RESOURCES\=YES
    export REMOVE_STATIC_EXECUTABLES_FROM_EMBEDDED_BUNDLES\=YES
    export REMOVE_SVN_FROM_RESOURCES\=YES
    export RESCHEDULE_INDEPENDENT_HEADERS_PHASES\=YES
    export REZ_COLLECTOR_DIR\=/Users/nathannovak/Library/Developer/Xcode/DerivedData/StraboSpot2-gztieqkdzpsbarfnoxqpkwxgfcqj/Build/Intermediates.noindex/Pods.build/Debug-iphonesimulator/React-RCTFBReactNativeSpec.build/ResourceManagerResources
    export REZ_EXECUTABLE\=YES
    export REZ_OBJECTS_DIR\=/Users/nathannovak/Library/Developer/Xcode/DerivedData/StraboSpot2-gztieqkdzpsbarfnoxqpkwxgfcqj/Build/Intermediates.noindex/Pods.build/Debug-iphonesimulator/React-RCTFBReactNativeSpec.build/ResourceManagerResources/Objects
    export REZ_SEARCH_PATHS\=/Users/nathannovak/Library/Developer/Xcode/DerivedData/StraboSpot2-gztieqkdzpsbarfnoxqpkwxgfcqj/Build/Products/Debug-iphonesimulator/React-RCTFBReactNativeSpec\ 
    export RUNTIME_EXCEPTION_ALLOW_DYLD_ENVIRONMENT_VARIABLES\=NO
    export RUNTIME_EXCEPTION_ALLOW_JIT\=NO
    export RUNTIME_EXCEPTION_ALLOW_UNSIGNED_EXECUTABLE_MEMORY\=NO
    export RUNTIME_EXCEPTION_DEBUGGING_TOOL\=NO
    export RUNTIME_EXCEPTION_DISABLE_EXECUTABLE_PAGE_PROTECTION\=NO
    export RUNTIME_EXCEPTION_DISABLE_LIBRARY_VALIDATION\=NO
    export SCAN_ALL_SOURCE_FILES_FOR_INCLUDES\=NO
    export SCRIPT_INPUT_FILE_COUNT\=0
    export SCRIPT_INPUT_FILE_LIST_COUNT\=0
    export SCRIPT_OUTPUT_FILE_COUNT\=0
    export SCRIPT_OUTPUT_FILE_LIST_COUNT\=0
    export SDKROOT\=/Applications/Xcode.app/Contents/Developer/Platforms/iPhoneSimulator.platform/Developer/SDKs/iPhoneSimulator26.0.sdk
    export SDK_DIR\=/Applications/Xcode.app/Contents/Developer/Platforms/iPhoneSimulator.platform/Developer/SDKs/iPhoneSimulator26.0.sdk
    export SDK_DIR_iphonesimulator\=/Applications/Xcode.app/Contents/Developer/Platforms/iPhoneSimulator.platform/Developer/SDKs/iPhoneSimulator26.0.sdk
    export SDK_DIR_iphonesimulator26_0\=/Applications/Xcode.app/Contents/Developer/Platforms/iPhoneSimulator.platform/Developer/SDKs/iPhoneSimulator26.0.sdk
    export SDK_NAME\=iphonesimulator26.0
    export SDK_NAMES\=iphonesimulator26.0
    export SDK_PRODUCT_BUILD_VERSION\=23A339
    export SDK_STAT_CACHE_DIR\=/Users/nathannovak/Library/Developer/Xcode/DerivedData
    export SDK_STAT_CACHE_ENABLE\=YES
    export SDK_STAT_CACHE_PATH\=/Users/nathannovak/Library/Developer/Xcode/DerivedData/SDKStatCaches.noindex/iphonesimulator26.0-23A339-26257891a6c027eb51374368541b8346.sdkstatcache
    export SDK_VERSION\=26.0
    export SDK_VERSION_ACTUAL\=260000
    export SDK_VERSION_MAJOR\=260000
    export SDK_VERSION_MINOR\=260000
    export SED\=/usr/bin/sed
    export SEPARATE_STRIP\=NO
    export SEPARATE_SYMBOL_EDIT\=NO
    export SET_DIR_MODE_OWNER_GROUP\=YES
    export SET_FILE_MODE_OWNER_GROUP\=NO
    export SHALLOW_BUNDLE\=NO
    export SHARED_DERIVED_FILE_DIR\=/Users/nathannovak/Library/Developer/Xcode/DerivedData/StraboSpot2-gztieqkdzpsbarfnoxqpkwxgfcqj/Build/Products/Debug-iphonesimulator/React-RCTFBReactNativeSpec/DerivedSources
    export SHARED_PRECOMPS_DIR\=/Users/nathannovak/Library/Developer/Xcode/DerivedData/StraboSpot2-gztieqkdzpsbarfnoxqpkwxgfcqj/Build/Intermediates.noindex/PrecompiledHeaders
    export SKIP_INSTALL\=YES
    export SOURCE_ROOT\=/Users/nathannovak/Development/Apps/StraboSpot2/ios/Pods
    export SRCROOT\=/Users/nathannovak/Development/Apps/StraboSpot2/ios/Pods
    export STRINGSDATA_DIR\=/Users/nathannovak/Library/Developer/Xcode/DerivedData/StraboSpot2-gztieqkdzpsbarfnoxqpkwxgfcqj/Build/Intermediates.noindex/Pods.build/Debug-iphonesimulator/React-RCTFBReactNativeSpec.build/Objects-normal/undefined_arch
    export STRINGSDATA_ROOT\=/Users/nathannovak/Library/Developer/Xcode/DerivedData/StraboSpot2-gztieqkdzpsbarfnoxqpkwxgfcqj/Build/Intermediates.noindex/Pods.build/Debug-iphonesimulator/React-RCTFBReactNativeSpec.build
    export STRINGS_FILE_INFOPLIST_RENAME\=YES
    export STRINGS_FILE_OUTPUT_ENCODING\=binary
    export STRING_CATALOG_GENERATE_SYMBOLS\=NO
    export STRIP_BITCODE_FROM_COPIED_FILES\=NO
    export STRIP_INSTALLED_PRODUCT\=NO
    export STRIP_STYLE\=debugging
    export STRIP_SWIFT_SYMBOLS\=YES
    export SUPPORTED_DEVICE_FAMILIES\=1,2
    export SUPPORTED_PLATFORMS\=iphoneos\ iphonesimulator
    export SUPPORTS_TEXT_BASED_API\=NO
    export SUPPRESS_WARNINGS\=NO
    export SWIFT_ACTIVE_COMPILATION_CONDITIONS\=\ DEBUG\ 
    export SWIFT_EMIT_CONST_VALUE_PROTOCOLS\=AppIntent\ EntityQuery\ AppEntity\ TransientEntity\ AppEnum\ AppShortcutProviding\ AppShortcutsProvider\ AnyResolverProviding\ AppIntentsPackage\ DynamicOptionsProvider\ _IntentValueRepresentable\ _AssistantIntentsProvider\ _GenerativeFunctionExtractable\ IntentValueQuery\ Resolver\ AppExtension\ ExtensionPointDefining
    export SWIFT_EMIT_LOC_STRINGS\=NO
    export SWIFT_ENABLE_EXPLICIT_MODULES\=YES
    export SWIFT_OPTIMIZATION_LEVEL\=-Onone
    export SWIFT_PLATFORM_TARGET_PREFIX\=ios
    export SWIFT_RESPONSE_FILE_PATH_normal_x86_64\=/Users/nathannovak/Library/Developer/Xcode/DerivedData/StraboSpot2-gztieqkdzpsbarfnoxqpkwxgfcqj/Build/Intermediates.noindex/Pods.build/Debug-iphonesimulator/React-RCTFBReactNativeSpec.build/Objects-normal/x86_64/React-RCTFBReactNativeSpec.SwiftFileList
    export SWIFT_VERSION\=5.0
    export SYMROOT\=/Users/nathannovak/Library/Developer/Xcode/DerivedData/StraboSpot2-gztieqkdzpsbarfnoxqpkwxgfcqj/Build/Products
    export SYSTEM_ADMIN_APPS_DIR\=/Applications/Utilities
    export SYSTEM_APPS_DIR\=/Applications
    export SYSTEM_CORE_SERVICES_DIR\=/System/Library/CoreServices
    export SYSTEM_DEMOS_DIR\=/Applications/Extras
    export SYSTEM_DEVELOPER_APPS_DIR\=/Applications/Xcode.app/Contents/Developer/Applications
    export SYSTEM_DEVELOPER_BIN_DIR\=/Applications/Xcode.app/Contents/Developer/usr/bin
    export SYSTEM_DEVELOPER_DEMOS_DIR\=/Applications/Xcode.app/Contents/Developer/Applications/Utilities/Built\ Examples
    export SYSTEM_DEVELOPER_DIR\=/Applications/Xcode.app/Contents/Developer
    export SYSTEM_DEVELOPER_DOC_DIR\=/Applications/Xcode.app/Contents/Developer/ADC\ Reference\ Library
    export SYSTEM_DEVELOPER_GRAPHICS_TOOLS_DIR\=/Applications/Xcode.app/Contents/Developer/Applications/Graphics\ Tools
    export SYSTEM_DEVELOPER_JAVA_TOOLS_DIR\=/Applications/Xcode.app/Contents/Developer/Applications/Java\ Tools
    export SYSTEM_DEVELOPER_PERFORMANCE_TOOLS_DIR\=/Applications/Xcode.app/Contents/Developer/Applications/Performance\ Tools
    export SYSTEM_DEVELOPER_RELEASENOTES_DIR\=/Applications/Xcode.app/Contents/Developer/ADC\ Reference\ Library/releasenotes
    export SYSTEM_DEVELOPER_TOOLS\=/Applications/Xcode.app/Contents/Developer/Tools
    export SYSTEM_DEVELOPER_TOOLS_DOC_DIR\=/Applications/Xcode.app/Contents/Developer/ADC\ Reference\ Library/documentation/DeveloperTools
    export SYSTEM_DEVELOPER_TOOLS_RELEASENOTES_DIR\=/Applications/Xcode.app/Contents/Developer/ADC\ Reference\ Library/releasenotes/DeveloperTools
    export SYSTEM_DEVELOPER_USR_DIR\=/Applications/Xcode.app/Contents/Developer/usr
    export SYSTEM_DEVELOPER_UTILITIES_DIR\=/Applications/Xcode.app/Contents/Developer/Applications/Utilities
    export SYSTEM_DEXT_INSTALL_PATH\=/System/Library/DriverExtensions
    export SYSTEM_DOCUMENTATION_DIR\=/Library/Documentation
    export SYSTEM_KEXT_INSTALL_PATH\=/System/Library/Extensions
    export SYSTEM_LIBRARY_DIR\=/System/Library
    export TAPI_DEMANGLE\=YES
    export TAPI_ENABLE_PROJECT_HEADERS\=NO
    export TAPI_LANGUAGE\=objective-c
    export TAPI_LANGUAGE_STANDARD\=compiler-default
    export TAPI_USE_SRCROOT\=YES
    export TAPI_VERIFY_MODE\=Pedantic
    export TARGETED_DEVICE_FAMILY\=1,2
    export TARGETNAME\=React-RCTFBReactNativeSpec
    export TARGET_BUILD_DIR\=/Users/nathannovak/Library/Developer/Xcode/DerivedData/StraboSpot2-gztieqkdzpsbarfnoxqpkwxgfcqj/Build/Products/Debug-iphonesimulator/React-RCTFBReactNativeSpec
    export TARGET_DEVICE_IDENTIFIER\=74C76BE2-3534-4702-95EC-116B7842C0E9
    export TARGET_DEVICE_MODEL\=iPad14,3
    export TARGET_DEVICE_OS_VERSION\=18.0
    export TARGET_DEVICE_PLATFORM_NAME\=iphonesimulator
    export TARGET_NAME\=React-RCTFBReactNativeSpec
    export TARGET_TEMP_DIR\=/Users/nathannovak/Library/Developer/Xcode/DerivedData/StraboSpot2-gztieqkdzpsbarfnoxqpkwxgfcqj/Build/Intermediates.noindex/Pods.build/Debug-iphonesimulator/React-RCTFBReactNativeSpec.build
    export TEMP_DIR\=/Users/nathannovak/Library/Developer/Xcode/DerivedData/StraboSpot2-gztieqkdzpsbarfnoxqpkwxgfcqj/Build/Intermediates.noindex/Pods.build/Debug-iphonesimulator/React-RCTFBReactNativeSpec.build
    export TEMP_FILES_DIR\=/Users/nathannovak/Library/Developer/Xcode/DerivedData/StraboSpot2-gztieqkdzpsbarfnoxqpkwxgfcqj/Build/Intermediates.noindex/Pods.build/Debug-iphonesimulator/React-RCTFBReactNativeSpec.build
    export TEMP_FILE_DIR\=/Users/nathannovak/Library/Developer/Xcode/DerivedData/StraboSpot2-gztieqkdzpsbarfnoxqpkwxgfcqj/Build/Intermediates.noindex/Pods.build/Debug-iphonesimulator/React-RCTFBReactNativeSpec.build
    export TEMP_ROOT\=/Users/nathannovak/Library/Developer/Xcode/DerivedData/StraboSpot2-gztieqkdzpsbarfnoxqpkwxgfcqj/Build/Intermediates.noindex
    export TEMP_SANDBOX_DIR\=/Users/nathannovak/Library/Developer/Xcode/DerivedData/StraboSpot2-gztieqkdzpsbarfnoxqpkwxgfcqj/Build/Intermediates.noindex/TemporaryTaskSandboxes
    export TEST_FRAMEWORK_SEARCH_PATHS\=\ /Applications/Xcode.app/Contents/Developer/Platforms/iPhoneSimulator.platform/Developer/Library/Frameworks\ /Applications/Xcode.app/Contents/Developer/Platforms/iPhoneSimulator.platform/Developer/SDKs/iPhoneSimulator26.0.sdk/Developer/Library/Frameworks
    export TEST_LIBRARY_SEARCH_PATHS\=\ /Applications/Xcode.app/Contents/Developer/Platforms/iPhoneSimulator.platform/Developer/usr/lib
    export TOOLCHAINS\=com.apple.dt.toolchain.XcodeDefault
    export TOOLCHAIN_DIR\=/Applications/Xcode.app/Contents/Developer/Toolchains/XcodeDefault.xctoolchain
    export TREAT_MISSING_BASELINES_AS_TEST_FAILURES\=NO
    export TREAT_MISSING_SCRIPT_PHASE_OUTPUTS_AS_ERRORS\=NO
    export UID\=501
    export UNINSTALLED_PRODUCTS_DIR\=/Users/nathannovak/Library/Developer/Xcode/DerivedData/StraboSpot2-gztieqkdzpsbarfnoxqpkwxgfcqj/Build/Intermediates.noindex/UninstalledProducts
    export UNSTRIPPED_PRODUCT\=NO
    export USER\=nathannovak
    export USER_APPS_DIR\=/Users/nathannovak/Applications
    export USER_LIBRARY_DIR\=/Users/nathannovak/Library
    export USE_DYNAMIC_NO_PIC\=YES
    export USE_HEADERMAP\=YES
    export USE_HEADER_SYMLINKS\=NO
    export USE_HERMES\=true
    export USE_RECURSIVE_SCRIPT_INPUTS_IN_SCRIPT_PHASES\=YES
    export VALIDATE_DEVELOPMENT_ASSET_PATHS\=YES_ERROR
    export VALIDATE_PRODUCT\=NO
    export VALID_ARCHS\=arm64\ x86_64
    export VERBOSE_PBXCP\=NO
    export VERSION_INFO_BUILDER\=nathannovak
    export VERSION_INFO_FILE\=React-RCTFBReactNativeSpec_vers.c
    export VERSION_INFO_STRING\=\"@\(\#\)PROGRAM:React-RCTFBReactNativeSpec\ \ PROJECT:Pods-\"
    export WORKSPACE_DIR\=/Users/nathannovak/Development/Apps/StraboSpot2/ios
    export WRAP_ASSET_PACKS_IN_SEPARATE_DIRECTORIES\=NO
    export XCODE_APP_SUPPORT_DIR\=/Applications/Xcode.app/Contents/Developer/Library/Xcode
    export XCODE_PRODUCT_BUILD_VERSION\=17A400
    export XCODE_VERSION_ACTUAL\=2601
    export XCODE_VERSION_MAJOR\=2600
    export XCODE_VERSION_MINOR\=2600
    export XPCSERVICES_FOLDER_PATH\=/XPCServices
    export YACC\=yacc
    export _DISCOVER_COMMAND_LINE_LINKER_INPUTS\=YES
    export _DISCOVER_COMMAND_LINE_LINKER_INPUTS_INCLUDE_WL\=YES
    export _LD_MULTIARCH\=YES
    export __DIAGNOSE_DEPRECATED_ARCHS\=YES
    export arch\=undefined_arch
    export variant\=normal
    /bin/sh -c /Users/nathannovak/Library/Developer/Xcode/DerivedData/StraboSpot2-gztieqkdzpsbarfnoxqpkwxgfcqj/Build/Intermediates.noindex/Pods.build/Debug-iphonesimulator/React-RCTFBReactNativeSpec.build/Script-46EB2E000361B0.sh
Checking whether Codegen has run...

ProcessInfoPlistFile /Users/nathannovak/Library/Developer/Xcode/DerivedData/StraboSpot2-gztieqkdzpsbarfnoxqpkwxgfcqj/Build/Products/Debug-iphonesimulator/EXConstants/EXConstants.bundle/Info.plist /Users/nathannovak/Development/Apps/StraboSpot2/ios/Pods/Target\ Support\ Files/EXConstants/ResourceBundle-EXConstants-EXConstants-Info.plist (in target 'EXConstants-EXConstants' from project 'Pods')
    cd /Users/nathannovak/Development/Apps/StraboSpot2/ios/Pods
    builtin-infoPlistUtility /Users/nathannovak/Development/Apps/StraboSpot2/ios/Pods/Target\ Support\ Files/EXConstants/ResourceBundle-EXConstants-EXConstants-Info.plist -producttype com.apple.product-type.bundle -expandbuildsettings -format binary -platform iphonesimulator -o /Users/nathannovak/Library/Developer/Xcode/DerivedData/StraboSpot2-gztieqkdzpsbarfnoxqpkwxgfcqj/Build/Products/Debug-iphonesimulator/EXConstants/EXConstants.bundle/Info.plist

ProcessInfoPlistFile /Users/nathannovak/Library/Developer/Xcode/DerivedData/StraboSpot2-gztieqkdzpsbarfnoxqpkwxgfcqj/Build/Products/Debug-iphonesimulator/EXConstants/ExpoConstants_privacy.bundle/Info.plist /Users/nathannovak/Development/Apps/StraboSpot2/ios/Pods/Target\ Support\ Files/EXConstants/ResourceBundle-ExpoConstants_privacy-EXConstants-Info.plist (in target 'EXConstants-ExpoConstants_privacy' from project 'Pods')
    cd /Users/nathannovak/Development/Apps/StraboSpot2/ios/Pods
    builtin-infoPlistUtility /Users/nathannovak/Development/Apps/StraboSpot2/ios/Pods/Target\ Support\ Files/EXConstants/ResourceBundle-ExpoConstants_privacy-EXConstants-Info.plist -producttype com.apple.product-type.bundle -expandbuildsettings -format binary -platform iphonesimulator -o /Users/nathannovak/Library/Developer/Xcode/DerivedData/StraboSpot2-gztieqkdzpsbarfnoxqpkwxgfcqj/Build/Products/Debug-iphonesimulator/EXConstants/ExpoConstants_privacy.bundle/Info.plist

note: Run script build phase '[CP-User] Generate app.config for prebuilt Constants.manifest' will be run during every build because the option to run the script phase "Based on dependency analysis" is unchecked. (in target 'EXConstants' from project 'Pods')
PhaseScriptExecution [CP-User]\ Generate\ app.config\ for\ prebuilt\ Constants.manifest /Users/nathannovak/Library/Developer/Xcode/DerivedData/StraboSpot2-gztieqkdzpsbarfnoxqpkwxgfcqj/Build/Intermediates.noindex/Pods.build/Debug-iphonesimulator/EXConstants.build/Script-46EB2E00036140.sh (in target 'EXConstants' from project 'Pods')
    cd /Users/nathannovak/Development/Apps/StraboSpot2/ios/Pods
    export ACTION\=build
    export AD_HOC_CODE_SIGNING_ALLOWED\=YES
    export ALLOW_BUILD_REQUEST_OVERRIDES\=NO
    export ALLOW_TARGET_PLATFORM_SPECIALIZATION\=NO
    export ALTERNATE_GROUP\=staff
    export ALTERNATE_MODE\=u+w,go-w,a+rX
    export ALTERNATE_OWNER\=nathannovak
    export ALTERNATIVE_DISTRIBUTION_WEB\=NO
    export ALWAYS_EMBED_SWIFT_STANDARD_LIBRARIES\=NO
    export ALWAYS_SEARCH_USER_PATHS\=NO
    export ALWAYS_USE_SEPARATE_HEADERMAPS\=NO
    export ANDROID_DEPLOYMENT_TARGET\=21.0
    export APPLICATION_EXTENSION_API_ONLY\=NO
    export APPLY_RULES_IN_COPY_FILES\=NO
    export APPLY_RULES_IN_COPY_HEADERS\=NO
    export APP_SHORTCUTS_ENABLE_FLEXIBLE_MATCHING\=YES
    export ARCHS\=x86_64
    export ARCHS_STANDARD\=arm64\ x86_64
    export ARCHS_STANDARD_32_64_BIT\=arm64\ x86_64
    export ARCHS_STANDARD_64_BIT\=arm64\ x86_64
    export ARCHS_STANDARD_INCLUDING_64_BIT\=arm64\ x86_64
    export ARCHS_UNIVERSAL_IPHONE_OS\=arm64\ x86_64
    export ASSETCATALOG_FILTER_FOR_DEVICE_MODEL\=iPad14,3-A
    export ASSETCATALOG_FILTER_FOR_DEVICE_OS_VERSION\=18.0
    export ASSETCATALOG_FILTER_FOR_THINNING_DEVICE_CONFIGURATION\=iPad14,3-A
    export AUTOMATICALLY_MERGE_DEPENDENCIES\=NO
    export AUTOMATION_APPLE_EVENTS\=NO
    export AVAILABLE_PLATFORMS\=android\ appletvos\ appletvsimulator\ driverkit\ iphoneos\ iphonesimulator\ macosx\ qnx\ watchos\ watchsimulator\ webassembly\ xros\ xrsimulator
    export BUILD_ACTIVE_RESOURCES_ONLY\=YES
    export BUILD_COMPONENTS\=headers\ build
    export BUILD_DIR\=/Users/nathannovak/Library/Developer/Xcode/DerivedData/StraboSpot2-gztieqkdzpsbarfnoxqpkwxgfcqj/Build/Products
    export BUILD_LIBRARY_FOR_DISTRIBUTION\=NO
    export BUILD_ROOT\=/Users/nathannovak/Library/Developer/Xcode/DerivedData/StraboSpot2-gztieqkdzpsbarfnoxqpkwxgfcqj/Build/Products
    export BUILD_STYLE\=
    export BUILD_VARIANTS\=normal
    export BUILT_PRODUCTS_DIR\=/Users/nathannovak/Library/Developer/Xcode/DerivedData/StraboSpot2-gztieqkdzpsbarfnoxqpkwxgfcqj/Build/Products/Debug-iphonesimulator/EXConstants
    export BUNDLE_CONTENTS_FOLDER_PATH_deep\=Contents/
    export BUNDLE_EXECUTABLE_FOLDER_NAME_deep\=MacOS
    export BUNDLE_EXTENSIONS_FOLDER_PATH\=Extensions
    export BUNDLE_FORMAT\=shallow
    export BUNDLE_FRAMEWORKS_FOLDER_PATH\=Frameworks
    export BUNDLE_PLUGINS_FOLDER_PATH\=PlugIns
    export BUNDLE_PRIVATE_HEADERS_FOLDER_PATH\=PrivateHeaders
    export BUNDLE_PUBLIC_HEADERS_FOLDER_PATH\=Headers
    export CACHE_ROOT\=/var/folders/pj/76qzdyzd0077fjwvf34jpht00000gn/C/com.apple.DeveloperTools/26.0.1-17A400/Xcode
    export CCHROOT\=/var/folders/pj/76qzdyzd0077fjwvf34jpht00000gn/C/com.apple.DeveloperTools/26.0.1-17A400/Xcode
    export CHMOD\=/bin/chmod
    export CHOWN\=/usr/sbin/chown
    export CLANG_ANALYZER_LOCALIZABILITY_NONLOCALIZED\=YES
    export CLANG_ANALYZER_NONNULL\=YES
    export CLANG_ANALYZER_NUMBER_OBJECT_CONVERSION\=YES_AGGRESSIVE
    export CLANG_CACHE_FINE_GRAINED_OUTPUTS\=YES
    export CLANG_CXX_LANGUAGE_STANDARD\=c++20
    export CLANG_CXX_LIBRARY\=libc++
    export CLANG_ENABLE_EXPLICIT_MODULES\=YES
    export CLANG_ENABLE_MODULES\=YES
    export CLANG_ENABLE_MODULE_DEBUGGING\=NO
    export CLANG_ENABLE_OBJC_ARC\=YES
    export CLANG_ENABLE_OBJC_WEAK\=NO
    export CLANG_MODULES_BUILD_SESSION_FILE\=/Users/nathannovak/Library/Developer/Xcode/DerivedData/ModuleCache.noindex/Session.modulevalidation
    export CLANG_WARN_BLOCK_CAPTURE_AUTORELEASING\=YES
    export CLANG_WARN_BOOL_CONVERSION\=YES
    export CLANG_WARN_COMMA\=YES
    export CLANG_WARN_CONSTANT_CONVERSION\=YES
    export CLANG_WARN_DEPRECATED_OBJC_IMPLEMENTATIONS\=YES
    export CLANG_WARN_DIRECT_OBJC_ISA_USAGE\=YES_ERROR
    export CLANG_WARN_DOCUMENTATION_COMMENTS\=YES
    export CLANG_WARN_EMPTY_BODY\=YES
    export CLANG_WARN_ENUM_CONVERSION\=YES
    export CLANG_WARN_INFINITE_RECURSION\=YES
    export CLANG_WARN_INT_CONVERSION\=YES
    export CLANG_WARN_NON_LITERAL_NULL_CONVERSION\=YES
    export CLANG_WARN_OBJC_IMPLICIT_RETAIN_SELF\=YES
    export CLANG_WARN_OBJC_LITERAL_CONVERSION\=YES
    export CLANG_WARN_OBJC_ROOT_CLASS\=YES_ERROR
    export CLANG_WARN_QUOTED_INCLUDE_IN_FRAMEWORK_HEADER\=NO
    export CLANG_WARN_RANGE_LOOP_ANALYSIS\=YES
    export CLANG_WARN_STRICT_PROTOTYPES\=YES
    export CLANG_WARN_SUSPICIOUS_MOVE\=YES
    export CLANG_WARN_UNGUARDED_AVAILABILITY\=YES_AGGRESSIVE
    export CLANG_WARN_UNREACHABLE_CODE\=YES
    export CLANG_WARN__DUPLICATE_METHOD_MATCH\=YES
    export CLASS_FILE_DIR\=/Users/nathannovak/Library/Developer/Xcode/DerivedData/StraboSpot2-gztieqkdzpsbarfnoxqpkwxgfcqj/Build/Intermediates.noindex/Pods.build/Debug-iphonesimulator/EXConstants.build/JavaClasses
    export CLEAN_PRECOMPS\=YES
    export CLONE_HEADERS\=NO
    export CODESIGNING_FOLDER_PATH\=/Users/nathannovak/Library/Developer/Xcode/DerivedData/StraboSpot2-gztieqkdzpsbarfnoxqpkwxgfcqj/Build/Products/Debug-iphonesimulator/EXConstants/libEXConstants.a
    export CODE_SIGNING_ALLOWED\=NO
    export CODE_SIGNING_REQUIRED\=YES
    export CODE_SIGN_CONTEXT_CLASS\=XCiPhoneSimulatorCodeSignContext
    export CODE_SIGN_IDENTITY\=-
    export CODE_SIGN_INJECT_BASE_ENTITLEMENTS\=YES
    export COLOR_DIAGNOSTICS\=NO
    export COMBINE_HIDPI_IMAGES\=NO
    export COMPILATION_CACHE_CAS_PATH\=/Users/nathannovak/Library/Developer/Xcode/DerivedData/CompilationCache.noindex
    export COMPILATION_CACHE_KEEP_CAS_DIRECTORY\=YES
    export COMPILER_INDEX_STORE_ENABLE\=Default
    export COMPOSITE_SDK_DIRS\=/Users/nathannovak/Library/Developer/Xcode/DerivedData/StraboSpot2-gztieqkdzpsbarfnoxqpkwxgfcqj/Build/Intermediates.noindex/CompositeSDKs
    export COMPRESS_PNG_FILES\=YES
    export CONFIGURATION\=Debug
    export CONFIGURATION_BUILD_DIR\=/Users/nathannovak/Library/Developer/Xcode/DerivedData/StraboSpot2-gztieqkdzpsbarfnoxqpkwxgfcqj/Build/Products/Debug-iphonesimulator/EXConstants
    export CONFIGURATION_TEMP_DIR\=/Users/nathannovak/Library/Developer/Xcode/DerivedData/StraboSpot2-gztieqkdzpsbarfnoxqpkwxgfcqj/Build/Intermediates.noindex/Pods.build/Debug-iphonesimulator
    export COPYING_PRESERVES_HFS_DATA\=NO
    export COPY_HEADERS_RUN_UNIFDEF\=NO
    export COPY_PHASE_STRIP\=NO
    export CORRESPONDING_DEVICE_PLATFORM_DIR\=/Applications/Xcode.app/Contents/Developer/Platforms/iPhoneOS.platform
    export CORRESPONDING_DEVICE_PLATFORM_NAME\=iphoneos
    export CORRESPONDING_DEVICE_SDK_DIR\=/Applications/Xcode.app/Contents/Developer/Platforms/iPhoneOS.platform/Developer/SDKs/iPhoneOS26.0.sdk
    export CORRESPONDING_DEVICE_SDK_NAME\=iphoneos26.0
    export CP\=/bin/cp
    export CREATE_INFOPLIST_SECTION_IN_BINARY\=NO
    export CURRENT_ARCH\=undefined_arch
    export CURRENT_VARIANT\=normal
    export DEAD_CODE_STRIPPING\=YES
    export DEBUGGING_SYMBOLS\=YES
    export DEBUG_INFORMATION_FORMAT\=dwarf
    export DEBUG_INFORMATION_VERSION\=compiler-default
    export DEFAULT_COMPILER\=com.apple.compilers.llvm.clang.1_0
    export DEFAULT_DEXT_INSTALL_PATH\=/System/Library/DriverExtensions
    export DEFAULT_KEXT_INSTALL_PATH\=/System/Library/Extensions
    export DEFINES_MODULE\=YES
    export DEPLOYMENT_LOCATION\=NO
    export DEPLOYMENT_POSTPROCESSING\=NO
    export DEPLOYMENT_TARGET_SETTING_NAME\=IPHONEOS_DEPLOYMENT_TARGET
    export DEPLOYMENT_TARGET_SUGGESTED_VALUES\=12.0\ 12.1\ 12.2\ 12.3\ 12.4\ 13.0\ 13.1\ 13.2\ 13.3\ 13.4\ 13.5\ 13.6\ 14.0\ 14.1\ 14.2\ 14.3\ 14.4\ 14.5\ 14.6\ 14.7\ 15.0\ 15.1\ 15.2\ 15.3\ 15.4\ 15.5\ 15.6\ 16.0\ 16.1\ 16.2\ 16.3\ 16.4\ 16.5\ 16.6\ 17.0\ 17.1\ 17.2\ 17.3\ 17.4\ 17.5\ 17.6\ 18.0\ 18.1\ 18.2\ 18.3\ 18.4\ 18.5\ 18.6\ 26.0
    export DERIVED_FILES_DIR\=/Users/nathannovak/Library/Developer/Xcode/DerivedData/StraboSpot2-gztieqkdzpsbarfnoxqpkwxgfcqj/Build/Intermediates.noindex/Pods.build/Debug-iphonesimulator/EXConstants.build/DerivedSources
    export DERIVED_FILE_DIR\=/Users/nathannovak/Library/Developer/Xcode/DerivedData/StraboSpot2-gztieqkdzpsbarfnoxqpkwxgfcqj/Build/Intermediates.noindex/Pods.build/Debug-iphonesimulator/EXConstants.build/DerivedSources
    export DERIVED_SOURCES_DIR\=/Users/nathannovak/Library/Developer/Xcode/DerivedData/StraboSpot2-gztieqkdzpsbarfnoxqpkwxgfcqj/Build/Intermediates.noindex/Pods.build/Debug-iphonesimulator/EXConstants.build/DerivedSources
    export DEVELOPER_APPLICATIONS_DIR\=/Applications/Xcode.app/Contents/Developer/Applications
    export DEVELOPER_BIN_DIR\=/Applications/Xcode.app/Contents/Developer/usr/bin
    export DEVELOPER_DIR\=/Applications/Xcode.app/Contents/Developer
    export DEVELOPER_FRAMEWORKS_DIR\=/Applications/Xcode.app/Contents/Developer/Library/Frameworks
    export DEVELOPER_FRAMEWORKS_DIR_QUOTED\=/Applications/Xcode.app/Contents/Developer/Library/Frameworks
    export DEVELOPER_LIBRARY_DIR\=/Applications/Xcode.app/Contents/Developer/Library
    export DEVELOPER_SDK_DIR\=/Applications/Xcode.app/Contents/Developer/Platforms/MacOSX.platform/Developer/SDKs
    export DEVELOPER_TOOLS_DIR\=/Applications/Xcode.app/Contents/Developer/Tools
    export DEVELOPER_USR_DIR\=/Applications/Xcode.app/Contents/Developer/usr
    export DEVELOPMENT_LANGUAGE\=en
    export DIAGNOSE_MISSING_TARGET_DEPENDENCIES\=YES
    export DIFF\=/usr/bin/diff
    export DONT_GENERATE_INFOPLIST_FILE\=NO
    export DSTROOT\=/tmp/Pods.dst
    export DT_TOOLCHAIN_DIR\=/Applications/Xcode.app/Contents/Developer/Toolchains/XcodeDefault.xctoolchain
    export DWARF_DSYM_FILE_NAME\=libEXConstants.a.dSYM
    export DWARF_DSYM_FILE_SHOULD_ACCOMPANY_PRODUCT\=NO
    export DWARF_DSYM_FOLDER_PATH\=/Users/nathannovak/Library/Developer/Xcode/DerivedData/StraboSpot2-gztieqkdzpsbarfnoxqpkwxgfcqj/Build/Products/Debug-iphonesimulator/EXConstants
    export DYNAMIC_LIBRARY_EXTENSION\=dylib
    export EAGER_COMPILATION_ALLOW_SCRIPTS\=NO
    export EAGER_LINKING\=NO
    export EFFECTIVE_PLATFORM_NAME\=-iphonesimulator
    export EMBEDDED_CONTENT_CONTAINS_SWIFT\=NO
    export EMBED_ASSET_PACKS_IN_PRODUCT_BUNDLE\=NO
    export ENABLE_APP_SANDBOX\=NO
    export ENABLE_CODE_COVERAGE\=YES
    export ENABLE_CPLUSPLUS_BOUNDS_SAFE_BUFFERS\=NO
    export ENABLE_C_BOUNDS_SAFETY\=NO
    export ENABLE_DEFAULT_HEADER_SEARCH_PATHS\=YES
    export ENABLE_DEFAULT_SEARCH_PATHS\=YES
    export ENABLE_ENHANCED_SECURITY\=NO
    export ENABLE_HARDENED_RUNTIME\=NO
    export ENABLE_HEADER_DEPENDENCIES\=YES
    export ENABLE_INCOMING_NETWORK_CONNECTIONS\=NO
    export ENABLE_ON_DEMAND_RESOURCES\=NO
    export ENABLE_OUTGOING_NETWORK_CONNECTIONS\=NO
    export ENABLE_POINTER_AUTHENTICATION\=NO
    export ENABLE_PREVIEWS\=NO
    export ENABLE_RESOURCE_ACCESS_AUDIO_INPUT\=NO
    export ENABLE_RESOURCE_ACCESS_BLUETOOTH\=NO
    export ENABLE_RESOURCE_ACCESS_CALENDARS\=NO
    export ENABLE_RESOURCE_ACCESS_CAMERA\=NO
    export ENABLE_RESOURCE_ACCESS_CONTACTS\=NO
    export ENABLE_RESOURCE_ACCESS_LOCATION\=NO
    export ENABLE_RESOURCE_ACCESS_PHOTO_LIBRARY\=NO
    export ENABLE_RESOURCE_ACCESS_PRINTING\=NO
    export ENABLE_RESOURCE_ACCESS_USB\=NO
    export ENABLE_SDK_IMPORTS\=NO
    export ENABLE_SECURITY_COMPILER_WARNINGS\=NO
    export ENABLE_STRICT_OBJC_MSGSEND\=YES
    export ENABLE_TESTABILITY\=YES
    export ENABLE_TESTING_SEARCH_PATHS\=NO
    export ENABLE_USER_SCRIPT_SANDBOXING\=NO
    export ENABLE_XOJIT_PREVIEWS\=YES
    export ENFORCE_VALID_ARCHS\=YES
    export ENTITLEMENTS_DESTINATION\=__entitlements
    export ENTITLEMENTS_REQUIRED\=YES
    export EXCLUDED_INSTALLSRC_SUBDIRECTORY_PATTERNS\=.DS_Store\ .svn\ .git\ .hg\ CVS
    export EXCLUDED_RECURSIVE_SEARCH_PATH_SUBDIRECTORIES\=\*.nib\ \*.lproj\ \*.framework\ \*.gch\ \*.xcode\*\ \*.xcassets\ \*.icon\ \(\*\)\ .DS_Store\ CVS\ .svn\ .git\ .hg\ \*.pbproj\ \*.pbxproj
    export EXECUTABLE_EXTENSION\=a
    export EXECUTABLE_NAME\=libEXConstants.a
    export EXECUTABLE_PATH\=libEXConstants.a
    export EXECUTABLE_PREFIX\=lib
    export EXECUTABLE_SUFFIX\=.a
    export FILE_LIST\=/Users/nathannovak/Library/Developer/Xcode/DerivedData/StraboSpot2-gztieqkdzpsbarfnoxqpkwxgfcqj/Build/Intermediates.noindex/Pods.build/Debug-iphonesimulator/EXConstants.build/Objects/LinkFileList
    export FIXED_FILES_DIR\=/Users/nathannovak/Library/Developer/Xcode/DerivedData/StraboSpot2-gztieqkdzpsbarfnoxqpkwxgfcqj/Build/Intermediates.noindex/Pods.build/Debug-iphonesimulator/EXConstants.build/FixedFiles
    export FRAMEWORK_FLAG_PREFIX\=-framework
    export FRAMEWORK_SEARCH_PATHS\=/Users/nathannovak/Library/Developer/Xcode/DerivedData/StraboSpot2-gztieqkdzpsbarfnoxqpkwxgfcqj/Build/Products/Debug-iphonesimulator/EXConstants\ \ \"/Users/nathannovak/Development/Apps/StraboSpot2/ios/Pods/hermes-engine/destroot/Library/Frameworks/universal\"\ \"/Users/nathannovak/Library/Developer/Xcode/DerivedData/StraboSpot2-gztieqkdzpsbarfnoxqpkwxgfcqj/Build/Products/Debug-iphonesimulator/XCFrameworkIntermediates/hermes-engine/Pre-built\"
    export FRAMEWORK_VERSION\=A
    export FULL_PRODUCT_NAME\=libEXConstants.a
    export FUSE_BUILD_PHASES\=YES
    export FUSE_BUILD_SCRIPT_PHASES\=NO
    export GCC3_VERSION\=3.3
    export GCC_C_LANGUAGE_STANDARD\=gnu11
    export GCC_DYNAMIC_NO_PIC\=NO
    export GCC_NO_COMMON_BLOCKS\=YES
    export GCC_OBJC_LEGACY_DISPATCH\=YES
    export GCC_OPTIMIZATION_LEVEL\=0
    export GCC_PFE_FILE_C_DIALECTS\=c\ objective-c\ c++\ objective-c++
    export GCC_PREFIX_HEADER\=Target\ Support\ Files/EXConstants/EXConstants-prefix.pch
    export GCC_PREPROCESSOR_DEFINITIONS\=POD_CONFIGURATION_DEBUG\=1\ DEBUG\=1\ \ COCOAPODS\=1
    export GCC_TREAT_WARNINGS_AS_ERRORS\=NO
    export GCC_VERSION\=com.apple.compilers.llvm.clang.1_0
    export GCC_VERSION_IDENTIFIER\=com_apple_compilers_llvm_clang_1_0
    export GCC_WARN_64_TO_32_BIT_CONVERSION\=YES
    export GCC_WARN_ABOUT_RETURN_TYPE\=YES_ERROR
    export GCC_WARN_UNDECLARED_SELECTOR\=YES
    export GCC_WARN_UNINITIALIZED_AUTOS\=YES_AGGRESSIVE
    export GCC_WARN_UNUSED_FUNCTION\=YES
    export GCC_WARN_UNUSED_VARIABLE\=YES
    export GENERATED_MODULEMAP_DIR\=/Users/nathannovak/Library/Developer/Xcode/DerivedData/StraboSpot2-gztieqkdzpsbarfnoxqpkwxgfcqj/Build/Intermediates.noindex/GeneratedModuleMaps-iphonesimulator
    export GENERATE_INFOPLIST_FILE\=NO
    export GENERATE_INTERMEDIATE_TEXT_BASED_STUBS\=YES
    export GENERATE_PKGINFO_FILE\=NO
    export GENERATE_PRELINK_OBJECT_FILE\=NO
    export GENERATE_PROFILING_CODE\=NO
    export GENERATE_TEXT_BASED_STUBS\=NO
    export GID\=20
    export GROUP\=staff
    export HEADERMAP_INCLUDES_FLAT_ENTRIES_FOR_TARGET_BEING_BUILT\=YES
    export HEADERMAP_INCLUDES_FRAMEWORK_ENTRIES_FOR_ALL_PRODUCT_TYPES\=YES
    export HEADERMAP_INCLUDES_FRAMEWORK_ENTRIES_FOR_TARGETS_NOT_BEING_BUILT\=YES
    export HEADERMAP_INCLUDES_NONPUBLIC_NONPRIVATE_HEADERS\=YES
    export HEADERMAP_INCLUDES_PROJECT_HEADERS\=YES
    export HEADERMAP_USES_FRAMEWORK_PREFIX_ENTRIES\=YES
    export HEADERMAP_USES_VFS\=YES
    export HEADER_SEARCH_PATHS\=/Users/nathannovak/Library/Developer/Xcode/DerivedData/StraboSpot2-gztieqkdzpsbarfnoxqpkwxgfcqj/Build/Products/Debug-iphonesimulator/EXConstants/include\ \ \"/Users/nathannovak/Development/Apps/StraboSpot2/ios/Pods/Headers/Private\"\ \"/Users/nathannovak/Development/Apps/StraboSpot2/ios/Pods/Headers/Private/EXConstants\"\ \"/Users/nathannovak/Development/Apps/StraboSpot2/ios/Pods/Headers/Public\"\ \"/Users/nathannovak/Development/Apps/StraboSpot2/ios/Pods/Headers/Public/DoubleConversion\"\ \"/Users/nathannovak/Development/Apps/StraboSpot2/ios/Pods/Headers/Public/ExpoModulesCore\"\ \"/Users/nathannovak/Development/Apps/StraboSpot2/ios/Pods/Headers/Public/FBLazyVector\"\ \"/Users/nathannovak/Development/Apps/StraboSpot2/ios/Pods/Headers/Public/RCT-Folly\"\ \"/Users/nathannovak/Development/Apps/StraboSpot2/ios/Pods/Headers/Public/RCTRequired\"\ \"/Users/nathannovak/Development/Apps/StraboSpot2/ios/Pods/Headers/Public/RCTTypeSafety\"\ \"/Users/nathannovak/Development/Apps/StraboSpot2/ios/Pods/Headers/Public/React-Core\"\ \"/Users/nathannovak/Development/Apps/StraboSpot2/ios/Pods/Headers/Public/React-Fabric\"\ \"/Users/nathannovak/Development/Apps/StraboSpot2/ios/Pods/Headers/Public/React-FabricComponents\"\ \"/Users/nathannovak/Development/Apps/StraboSpot2/ios/Pods/Headers/Public/React-FabricImage\"\ \"/Users/nathannovak/Development/Apps/StraboSpot2/ios/Pods/Headers/Public/React-ImageManager\"\ \"/Users/nathannovak/Development/Apps/StraboSpot2/ios/Pods/Headers/Public/React-Mapbuffer\"\ \"/Users/nathannovak/Development/Apps/StraboSpot2/ios/Pods/Headers/Public/React-NativeModulesApple\"\ \"/Users/nathannovak/Development/Apps/StraboSpot2/ios/Pods/Headers/Public/React-RCTAnimation\"\ \"/Users/nathannovak/Development/Apps/StraboSpot2/ios/Pods/Headers/Public/React-RCTBlob\"\ \"/Users/nathannovak/Development/Apps/StraboSpot2/ios/Pods/Headers/Public/React-RCTFBReactNativeSpec\"\ \"/Users/nathannovak/Development/Apps/StraboSpot2/ios/Pods/Headers/Public/React-RCTFabric\"\ \"/Users/nathannovak/Development/Apps/StraboSpot2/ios/Pods/Headers/Public/React-RCTRuntime\"\ \"/Users/nathannovak/Development/Apps/StraboSpot2/ios/Pods/Headers/Public/React-RCTText\"\ \"/Users/nathannovak/Development/Apps/StraboSpot2/ios/Pods/Headers/Public/React-RuntimeApple\"\ \"/Users/nathannovak/Development/Apps/StraboSpot2/ios/Pods/Headers/Public/React-RuntimeCore\"\ \"/Users/nathannovak/Development/Apps/StraboSpot2/ios/Pods/Headers/Public/React-RuntimeHermes\"\ \"/Users/nathannovak/Development/Apps/StraboSpot2/ios/Pods/Headers/Public/React-callinvoker\"\ \"/Users/nathannovak/Development/Apps/StraboSpot2/ios/Pods/Headers/Public/React-cxxreact\"\ \"/Users/nathannovak/Development/Apps/StraboSpot2/ios/Pods/Headers/Public/React-debug\"\ \"/Users/nathannovak/Development/Apps/StraboSpot2/ios/Pods/Headers/Public/React-defaultsnativemodule\"\ \"/Users/nathannovak/Development/Apps/StraboSpot2/ios/Pods/Headers/Public/React-domnativemodule\"\ \"/Users/nathannovak/Development/Apps/StraboSpot2/ios/Pods/Headers/Public/React-featureflags\"\ \"/Users/nathannovak/Development/Apps/StraboSpot2/ios/Pods/Headers/Public/React-featureflagsnativemodule\"\ \"/Users/nathannovak/Development/Apps/StraboSpot2/ios/Pods/Headers/Public/React-graphics\"\ \"/Users/nathannovak/Development/Apps/StraboSpot2/ios/Pods/Headers/Public/React-hermes\"\ \"/Users/nathannovak/Development/Apps/StraboSpot2/ios/Pods/Headers/Public/React-idlecallbacksnativemodule\"\ \"/Users/nathannovak/Development/Apps/StraboSpot2/ios/Pods/Headers/Public/React-jserrorhandler\"\ \"/Users/nathannovak/Development/Apps/StraboSpot2/ios/Pods/Headers/Public/React-jsi\"\ \"/Users/nathannovak/Development/Apps/StraboSpot2/ios/Pods/Headers/Public/React-jsiexecutor\"\ \"/Users/nathannovak/Development/Apps/StraboSpot2/ios/Pods/Headers/Public/React-jsinspector\"\ \"/Users/nathannovak/Development/Apps/StraboSpot2/ios/Pods/Headers/Public/React-jsinspectortracing\"\ \"/Users/nathannovak/Development/Apps/StraboSpot2/ios/Pods/Headers/Public/React-jsitooling\"\ \"/Users/nathannovak/Development/Apps/StraboSpot2/ios/Pods/Headers/Public/React-logger\"\ \"/Users/nathannovak/Development/Apps/StraboSpot2/ios/Pods/Headers/Public/React-microtasksnativemodule\"\ \"/Users/nathannovak/Development/Apps/StraboSpot2/ios/Pods/Headers/Public/React-oscompat\"\ \"/Users/nathannovak/Development/Apps/StraboSpot2/ios/Pods/Headers/Public/React-perflogger\"\ \"/Users/nathannovak/Development/Apps/StraboSpot2/ios/Pods/Headers/Public/React-performancetimeline\"\ \"/Users/nathannovak/Development/Apps/StraboSpot2/ios/Pods/Headers/Public/React-rendererconsistency\"\ \"/Users/nathannovak/Development/Apps/StraboSpot2/ios/Pods/Headers/Public/React-renderercss\"\ \"/Users/nathannovak/Development/Apps/StraboSpot2/ios/Pods/Headers/Public/React-rendererdebug\"\ \"/Users/nathannovak/Development/Apps/StraboSpot2/ios/Pods/Headers/Public/React-runtimeexecutor\"\ \"/Users/nathannovak/Development/Apps/StraboSpot2/ios/Pods/Headers/Public/React-runtimescheduler\"\ \"/Users/nathannovak/Development/Apps/StraboSpot2/ios/Pods/Headers/Public/React-timing\"\ \"/Users/nathannovak/Development/Apps/StraboSpot2/ios/Pods/Headers/Public/React-utils\"\ \"/Users/nathannovak/Development/Apps/StraboSpot2/ios/Pods/Headers/Public/ReactCodegen\"\ \"/Users/nathannovak/Development/Apps/StraboSpot2/ios/Pods/Headers/Public/ReactCommon\"\ \"/Users/nathannovak/Development/Apps/StraboSpot2/ios/Pods/Headers/Public/Yoga\"\ \"/Users/nathannovak/Development/Apps/StraboSpot2/ios/Pods/Headers/Public/boost\"\ \"/Users/nathannovak/Development/Apps/StraboSpot2/ios/Pods/Headers/Public/fast_float\"\ \"/Users/nathannovak/Development/Apps/StraboSpot2/ios/Pods/Headers/Public/fmt\"\ \"/Users/nathannovak/Development/Apps/StraboSpot2/ios/Pods/Headers/Public/glog\"\ \"/Users/nathannovak/Development/Apps/StraboSpot2/ios/Pods/Headers/Public/hermes-engine\"
    export HOME\=/Users/nathannovak
    export HOST_ARCH\=x86_64
    export HOST_PLATFORM\=macosx
    export ICONV\=/usr/bin/iconv
    export IMPLICIT_DEPENDENCY_DOMAIN\=default
    export INFOPLIST_ENABLE_CFBUNDLEICONS_MERGE\=YES
    export INFOPLIST_EXPAND_BUILD_SETTINGS\=YES
    export INFOPLIST_OUTPUT_FORMAT\=binary
    export INFOPLIST_PREPROCESS\=NO
    export INLINE_PRIVATE_FRAMEWORKS\=NO
    export INSTALLAPI_IGNORE_SKIP_INSTALL\=YES
    export INSTALLHDRS_COPY_PHASE\=NO
    export INSTALLHDRS_SCRIPT_PHASE\=NO
    export INSTALL_DIR\=/tmp/Pods.dst/usr/local/lib
    export INSTALL_GROUP\=staff
    export INSTALL_MODE_FLAG\=u+w,go-w,a+rX
    export INSTALL_OWNER\=nathannovak
    export INSTALL_PATH\=/usr/local/lib
    export INSTALL_ROOT\=/tmp/Pods.dst
    export IPHONEOS_DEPLOYMENT_TARGET\=15.1
    export IS_UNOPTIMIZED_BUILD\=YES
    export JAVAC_DEFAULT_FLAGS\=-J-Xms64m\ -J-XX:NewSize\=4M\ -J-Dfile.encoding\=UTF8
    export JAVA_APP_STUB\=/System/Library/Frameworks/JavaVM.framework/Resources/MacOS/JavaApplicationStub
    export JAVA_ARCHIVE_CLASSES\=YES
    export JAVA_ARCHIVE_TYPE\=JAR
    export JAVA_COMPILER\=/usr/bin/javac
    export JAVA_FRAMEWORK_RESOURCES_DIRS\=Resources
    export JAVA_JAR_FLAGS\=cv
    export JAVA_SOURCE_SUBDIR\=.
    export JAVA_USE_DEPENDENCIES\=YES
    export JAVA_ZIP_FLAGS\=-urg
    export JIKES_DEFAULT_FLAGS\=+E\ +OLDCSO
    export KEEP_PRIVATE_EXTERNS\=NO
    export LD_DEPENDENCY_INFO_FILE\=/Users/nathannovak/Library/Developer/Xcode/DerivedData/StraboSpot2-gztieqkdzpsbarfnoxqpkwxgfcqj/Build/Intermediates.noindex/Pods.build/Debug-iphonesimulator/EXConstants.build/Objects-normal/undefined_arch/EXConstants_dependency_info.dat
    export LD_EXPORT_SYMBOLS\=YES
    export LD_GENERATE_MAP_FILE\=NO
    export LD_MAP_FILE_PATH\=/Users/nathannovak/Library/Developer/Xcode/DerivedData/StraboSpot2-gztieqkdzpsbarfnoxqpkwxgfcqj/Build/Intermediates.noindex/Pods.build/Debug-iphonesimulator/EXConstants.build/EXConstants-LinkMap-normal-undefined_arch.txt
    export LD_NO_PIE\=NO
    export LD_QUOTE_LINKER_ARGUMENTS_FOR_COMPILER_DRIVER\=YES
    export LD_SHARED_CACHE_ELIGIBLE\=Automatic
    export LD_WARN_DUPLICATE_LIBRARIES\=NO
    export LD_WARN_UNUSED_DYLIBS\=NO
    export LEGACY_DEVELOPER_DIR\=/Applications/Xcode.app/Contents/PlugIns/Xcode3Core.ideplugin/Contents/SharedSupport/Developer
    export LEX\=lex
    export LIBRARY_DEXT_INSTALL_PATH\=/Library/DriverExtensions
    export LIBRARY_FLAG_NOSPACE\=YES
    export LIBRARY_FLAG_PREFIX\=-l
    export LIBRARY_KEXT_INSTALL_PATH\=/Library/Extensions
    export LIBRARY_SEARCH_PATHS\=/Users/nathannovak/Library/Developer/Xcode/DerivedData/StraboSpot2-gztieqkdzpsbarfnoxqpkwxgfcqj/Build/Products/Debug-iphonesimulator/EXConstants\ 
    export LINKER_DISPLAYS_MANGLED_NAMES\=NO
    export LINK_FILE_LIST_normal_x86_64\=/Users/nathannovak/Library/Developer/Xcode/DerivedData/StraboSpot2-gztieqkdzpsbarfnoxqpkwxgfcqj/Build/Intermediates.noindex/Pods.build/Debug-iphonesimulator/EXConstants.build/Objects-normal/x86_64/EXConstants.LinkFileList
    export LINK_OBJC_RUNTIME\=YES
    export LINK_WITH_STANDARD_LIBRARIES\=YES
    export LLVM_TARGET_TRIPLE_OS_VERSION\=ios15.1
    export LLVM_TARGET_TRIPLE_SUFFIX\=-simulator
    export LLVM_TARGET_TRIPLE_VENDOR\=apple
    export LM_AUX_CONST_METADATA_LIST_PATH_normal_x86_64\=/Users/nathannovak/Library/Developer/Xcode/DerivedData/StraboSpot2-gztieqkdzpsbarfnoxqpkwxgfcqj/Build/Intermediates.noindex/Pods.build/Debug-iphonesimulator/EXConstants.build/Objects-normal/x86_64/EXConstants.SwiftConstValuesFileList
    export LOCALIZATION_EXPORT_SUPPORTED\=YES
    export LOCALIZATION_PREFERS_STRING_CATALOGS\=NO
    export LOCALIZED_STRING_MACRO_NAMES\=NSLocalizedString\ CFCopyLocalizedString
    export LOCALIZED_STRING_SWIFTUI_SUPPORT\=YES
    export LOCAL_ADMIN_APPS_DIR\=/Applications/Utilities
    export LOCAL_APPS_DIR\=/Applications
    export LOCAL_DEVELOPER_DIR\=/Library/Developer
    export LOCAL_LIBRARY_DIR\=/Library
    export LOCROOT\=/Users/nathannovak/Development/Apps/StraboSpot2/ios/Pods
    export LOCSYMROOT\=/Users/nathannovak/Development/Apps/StraboSpot2/ios/Pods
    export MACH_O_TYPE\=staticlib
    export MAC_OS_X_PRODUCT_BUILD_VERSION\=24G231
    export MAC_OS_X_VERSION_ACTUAL\=150701
    export MAC_OS_X_VERSION_MAJOR\=150000
    export MAC_OS_X_VERSION_MINOR\=150700
    export MAKE_MERGEABLE\=NO
    export MERGEABLE_LIBRARY\=NO
    export MERGED_BINARY_TYPE\=none
    export MERGE_LINKED_LIBRARIES\=NO
    export METAL_LIBRARY_FILE_BASE\=default
    export METAL_LIBRARY_OUTPUT_DIR\=/Users/nathannovak/Library/Developer/Xcode/DerivedData/StraboSpot2-gztieqkdzpsbarfnoxqpkwxgfcqj/Build/Products/Debug-iphonesimulator/EXConstants/
    export MODULEMAP_FILE\=Headers/Public/EXConstants/EXConstants.modulemap
    export MODULE_CACHE_DIR\=/Users/nathannovak/Library/Developer/Xcode/DerivedData/ModuleCache.noindex
    export MTL_ENABLE_DEBUG_INFO\=INCLUDE_SOURCE
    export MTL_FAST_MATH\=YES
    export NATIVE_ARCH\=x86_64
    export NATIVE_ARCH_32_BIT\=i386
    export NATIVE_ARCH_64_BIT\=x86_64
    export NATIVE_ARCH_ACTUAL\=x86_64
    export NO_COMMON\=YES
    export OBJC_ABI_VERSION\=2
    export OBJECT_FILE_DIR\=/Users/nathannovak/Library/Developer/Xcode/DerivedData/StraboSpot2-gztieqkdzpsbarfnoxqpkwxgfcqj/Build/Intermediates.noindex/Pods.build/Debug-iphonesimulator/EXConstants.build/Objects
    export OBJECT_FILE_DIR_normal\=/Users/nathannovak/Library/Developer/Xcode/DerivedData/StraboSpot2-gztieqkdzpsbarfnoxqpkwxgfcqj/Build/Intermediates.noindex/Pods.build/Debug-iphonesimulator/EXConstants.build/Objects-normal
    export OBJROOT\=/Users/nathannovak/Library/Developer/Xcode/DerivedData/StraboSpot2-gztieqkdzpsbarfnoxqpkwxgfcqj/Build/Intermediates.noindex
    export ONLY_ACTIVE_ARCH\=YES
    export OS\=MACOS
    export OSAC\=/usr/bin/osacompile
    export OTHER_CFLAGS\=\ -fmodule-map-file\=\"/Users/nathannovak/Library/Developer/Xcode/DerivedData/StraboSpot2-gztieqkdzpsbarfnoxqpkwxgfcqj/Build/Products/Debug-iphonesimulator/ExpoModulesCore/ExpoModulesCore.modulemap\"\ -fmodule-map-file\=\"/Users/nathannovak/Development/Apps/StraboSpot2/ios/Pods/Headers/Public/DoubleConversion/DoubleConversion.modulemap\"\ -fmodule-map-file\=\"/Users/nathannovak/Development/Apps/StraboSpot2/ios/Pods/Headers/Public/RCTDeprecation/RCTDeprecation.modulemap\"\ -fmodule-map-file\=\"/Users/nathannovak/Development/Apps/StraboSpot2/ios/Pods/Headers/Public/RCTFabric/React-RCTFabric.modulemap\"\ -fmodule-map-file\=\"/Users/nathannovak/Development/Apps/StraboSpot2/ios/Pods/Headers/Public/RCTRuntime/React-RCTRuntime.modulemap\"\ -fmodule-map-file\=\"/Users/nathannovak/Development/Apps/StraboSpot2/ios/Pods/Headers/Public/RCTTypeSafety/RCTTypeSafety.modulemap\"\ -fmodule-map-file\=\"/Users/nathannovak/Development/Apps/StraboSpot2/ios/Pods/Headers/Public/React/React-Core.modulemap\"\ -fmodule-map-file\=\"/Users/nathannovak/Development/Apps/StraboSpot2/ios/Pods/Headers/Public/ReactCodegen/ReactCodegen.modulemap\"\ -fmodule-map-file\=\"/Users/nathannovak/Development/Apps/StraboSpot2/ios/Pods/Headers/Public/ReactCommon/ReactCommon.modulemap\"\ -fmodule-map-file\=\"/Users/nathannovak/Development/Apps/StraboSpot2/ios/Pods/Headers/Public/React_Fabric/React-Fabric.modulemap\"\ -fmodule-map-file\=\"/Users/nathannovak/Development/Apps/StraboSpot2/ios/Pods/Headers/Public/React_FabricComponents/React-FabricComponents.modulemap\"\ -fmodule-map-file\=\"/Users/nathannovak/Development/Apps/StraboSpot2/ios/Pods/Headers/Public/React_NativeModulesApple/React-NativeModulesApple.modulemap\"\ -fmodule-map-file\=\"/Users/nathannovak/Development/Apps/StraboSpot2/ios/Pods/Headers/Public/React_RCTAppDelegate/React-RCTAppDelegate.modulemap\"\ -fmodule-map-file\=\"/Users/nathannovak/Development/Apps/StraboSpot2/ios/Pods/Headers/Public/folly/RCT-Folly.modulemap\"\ -fmodule-map-file\=\"/Users/nathannovak/Development/Apps/StraboSpot2/ios/Pods/Headers/Public/glog/glog.modulemap\"\ -fmodule-map-file\=\"/Users/nathannovak/Development/Apps/StraboSpot2/ios/Pods/Headers/Public/jsi/React-jsi.modulemap\"\ -fmodule-map-file\=\"/Users/nathannovak/Development/Apps/StraboSpot2/ios/Pods/Headers/Public/jsinspector_modern/React-jsinspector.modulemap\"\ -fmodule-map-file\=\"/Users/nathannovak/Development/Apps/StraboSpot2/ios/Pods/Headers/Public/jsinspector_modern_tracing/React-jsinspectortracing.modulemap\"\ -fmodule-map-file\=\"/Users/nathannovak/Development/Apps/StraboSpot2/ios/Pods/Headers/Public/react_debug/React-debug.modulemap\"\ -fmodule-map-file\=\"/Users/nathannovak/Development/Apps/StraboSpot2/ios/Pods/Headers/Public/react_featureflags/React-featureflags.modulemap\"\ -fmodule-map-file\=\"/Users/nathannovak/Development/Apps/StraboSpot2/ios/Pods/Headers/Public/react_nativemodule_defaults/React-defaultsnativemodule.modulemap\"\ -fmodule-map-file\=\"/Users/nathannovak/Development/Apps/StraboSpot2/ios/Pods/Headers/Public/react_nativemodule_dom/React-domnativemodule.modulemap\"\ -fmodule-map-file\=\"/Users/nathannovak/Development/Apps/StraboSpot2/ios/Pods/Headers/Public/react_nativemodule_featureflags/React-featureflagsnativemodule.modulemap\"\ -fmodule-map-file\=\"/Users/nathannovak/Development/Apps/StraboSpot2/ios/Pods/Headers/Public/react_nativemodule_idlecallbacks/React-idlecallbacksnativemodule.modulemap\"\ -fmodule-map-file\=\"/Users/nathannovak/Development/Apps/StraboSpot2/ios/Pods/Headers/Public/react_nativemodule_microtasks/React-microtasksnativemodule.modulemap\"\ -fmodule-map-file\=\"/Users/nathannovak/Development/Apps/StraboSpot2/ios/Pods/Headers/Public/react_renderer_css/React-renderercss.modulemap\"\ -fmodule-map-file\=\"/Users/nathannovak/Development/Apps/StraboSpot2/ios/Pods/Headers/Public/react_renderer_debug/React-rendererdebug.modulemap\"\ -fmodule-map-file\=\"/Users/nathannovak/Development/Apps/StraboSpot2/ios/Pods/Headers/Public/react_renderer_graphics/React-graphics.modulemap\"\ -fmodule-map-file\=\"/Users/nathannovak/Development/Apps/StraboSpot2/ios/Pods/Headers/Public/react_renderer_imagemanager/React-ImageManager.modulemap\"\ -fmodule-map-file\=\"/Users/nathannovak/Development/Apps/StraboSpot2/ios/Pods/Headers/Public/react_runtime/React-jsitooling.modulemap\"\ -fmodule-map-file\=\"/Users/nathannovak/Development/Apps/StraboSpot2/ios/Pods/Headers/Public/react_utils/React-utils.modulemap\"\ -fmodule-map-file\=\"/Users/nathannovak/Development/Apps/StraboSpot2/ios/Pods/Headers/Public/reacthermes/React-hermes.modulemap\"\ -fmodule-map-file\=\"/Users/nathannovak/Development/Apps/StraboSpot2/ios/Pods/Headers/Public/yoga/Yoga.modulemap\"
    export OTHER_CPLUSPLUSFLAGS\=\ -fmodule-map-file\=\"/Users/nathannovak/Library/Developer/Xcode/DerivedData/StraboSpot2-gztieqkdzpsbarfnoxqpkwxgfcqj/Build/Products/Debug-iphonesimulator/ExpoModulesCore/ExpoModulesCore.modulemap\"\ -fmodule-map-file\=\"/Users/nathannovak/Development/Apps/StraboSpot2/ios/Pods/Headers/Public/DoubleConversion/DoubleConversion.modulemap\"\ -fmodule-map-file\=\"/Users/nathannovak/Development/Apps/StraboSpot2/ios/Pods/Headers/Public/RCTDeprecation/RCTDeprecation.modulemap\"\ -fmodule-map-file\=\"/Users/nathannovak/Development/Apps/StraboSpot2/ios/Pods/Headers/Public/RCTFabric/React-RCTFabric.modulemap\"\ -fmodule-map-file\=\"/Users/nathannovak/Development/Apps/StraboSpot2/ios/Pods/Headers/Public/RCTRuntime/React-RCTRuntime.modulemap\"\ -fmodule-map-file\=\"/Users/nathannovak/Development/Apps/StraboSpot2/ios/Pods/Headers/Public/RCTTypeSafety/RCTTypeSafety.modulemap\"\ -fmodule-map-file\=\"/Users/nathannovak/Development/Apps/StraboSpot2/ios/Pods/Headers/Public/React/React-Core.modulemap\"\ -fmodule-map-file\=\"/Users/nathannovak/Development/Apps/StraboSpot2/ios/Pods/Headers/Public/ReactCodegen/ReactCodegen.modulemap\"\ -fmodule-map-file\=\"/Users/nathannovak/Development/Apps/StraboSpot2/ios/Pods/Headers/Public/ReactCommon/ReactCommon.modulemap\"\ -fmodule-map-file\=\"/Users/nathannovak/Development/Apps/StraboSpot2/ios/Pods/Headers/Public/React_Fabric/React-Fabric.modulemap\"\ -fmodule-map-file\=\"/Users/nathannovak/Development/Apps/StraboSpot2/ios/Pods/Headers/Public/React_FabricComponents/React-FabricComponents.modulemap\"\ -fmodule-map-file\=\"/Users/nathannovak/Development/Apps/StraboSpot2/ios/Pods/Headers/Public/React_NativeModulesApple/React-NativeModulesApple.modulemap\"\ -fmodule-map-file\=\"/Users/nathannovak/Development/Apps/StraboSpot2/ios/Pods/Headers/Public/React_RCTAppDelegate/React-RCTAppDelegate.modulemap\"\ -fmodule-map-file\=\"/Users/nathannovak/Development/Apps/StraboSpot2/ios/Pods/Headers/Public/folly/RCT-Folly.modulemap\"\ -fmodule-map-file\=\"/Users/nathannovak/Development/Apps/StraboSpot2/ios/Pods/Headers/Public/glog/glog.modulemap\"\ -fmodule-map-file\=\"/Users/nathannovak/Development/Apps/StraboSpot2/ios/Pods/Headers/Public/jsi/React-jsi.modulemap\"\ -fmodule-map-file\=\"/Users/nathannovak/Development/Apps/StraboSpot2/ios/Pods/Headers/Public/jsinspector_modern/React-jsinspector.modulemap\"\ -fmodule-map-file\=\"/Users/nathannovak/Development/Apps/StraboSpot2/ios/Pods/Headers/Public/jsinspector_modern_tracing/React-jsinspectortracing.modulemap\"\ -fmodule-map-file\=\"/Users/nathannovak/Development/Apps/StraboSpot2/ios/Pods/Headers/Public/react_debug/React-debug.modulemap\"\ -fmodule-map-file\=\"/Users/nathannovak/Development/Apps/StraboSpot2/ios/Pods/Headers/Public/react_featureflags/React-featureflags.modulemap\"\ -fmodule-map-file\=\"/Users/nathannovak/Development/Apps/StraboSpot2/ios/Pods/Headers/Public/react_nativemodule_defaults/React-defaultsnativemodule.modulemap\"\ -fmodule-map-file\=\"/Users/nathannovak/Development/Apps/StraboSpot2/ios/Pods/Headers/Public/react_nativemodule_dom/React-domnativemodule.modulemap\"\ -fmodule-map-file\=\"/Users/nathannovak/Development/Apps/StraboSpot2/ios/Pods/Headers/Public/react_nativemodule_featureflags/React-featureflagsnativemodule.modulemap\"\ -fmodule-map-file\=\"/Users/nathannovak/Development/Apps/StraboSpot2/ios/Pods/Headers/Public/react_nativemodule_idlecallbacks/React-idlecallbacksnativemodule.modulemap\"\ -fmodule-map-file\=\"/Users/nathannovak/Development/Apps/StraboSpot2/ios/Pods/Headers/Public/react_nativemodule_microtasks/React-microtasksnativemodule.modulemap\"\ -fmodule-map-file\=\"/Users/nathannovak/Development/Apps/StraboSpot2/ios/Pods/Headers/Public/react_renderer_css/React-renderercss.modulemap\"\ -fmodule-map-file\=\"/Users/nathannovak/Development/Apps/StraboSpot2/ios/Pods/Headers/Public/react_renderer_debug/React-rendererdebug.modulemap\"\ -fmodule-map-file\=\"/Users/nathannovak/Development/Apps/StraboSpot2/ios/Pods/Headers/Public/react_renderer_graphics/React-graphics.modulemap\"\ -fmodule-map-file\=\"/Users/nathannovak/Development/Apps/StraboSpot2/ios/Pods/Headers/Public/react_renderer_imagemanager/React-ImageManager.modulemap\"\ -fmodule-map-file\=\"/Users/nathannovak/Development/Apps/StraboSpot2/ios/Pods/Headers/Public/react_runtime/React-jsitooling.modulemap\"\ -fmodule-map-file\=\"/Users/nathannovak/Development/Apps/StraboSpot2/ios/Pods/Headers/Public/react_utils/React-utils.modulemap\"\ -fmodule-map-file\=\"/Users/nathannovak/Development/Apps/StraboSpot2/ios/Pods/Headers/Public/reacthermes/React-hermes.modulemap\"\ -fmodule-map-file\=\"/Users/nathannovak/Development/Apps/StraboSpot2/ios/Pods/Headers/Public/yoga/Yoga.modulemap\"
    export OTHER_SWIFT_FLAGS\=\ -D\ COCOAPODS\ -Xcc\ -fmodule-map-file\=\"/Users/nathannovak/Library/Developer/Xcode/DerivedData/StraboSpot2-gztieqkdzpsbarfnoxqpkwxgfcqj/Build/Products/Debug-iphonesimulator/ExpoModulesCore/ExpoModulesCore.modulemap\"\ -Xcc\ -fmodule-map-file\=\"/Users/nathannovak/Development/Apps/StraboSpot2/ios/Pods/Headers/Public/DoubleConversion/DoubleConversion.modulemap\"\ -Xcc\ -fmodule-map-file\=\"/Users/nathannovak/Development/Apps/StraboSpot2/ios/Pods/Headers/Public/RCTDeprecation/RCTDeprecation.modulemap\"\ -Xcc\ -fmodule-map-file\=\"/Users/nathannovak/Development/Apps/StraboSpot2/ios/Pods/Headers/Public/RCTFabric/React-RCTFabric.modulemap\"\ -Xcc\ -fmodule-map-file\=\"/Users/nathannovak/Development/Apps/StraboSpot2/ios/Pods/Headers/Public/RCTRuntime/React-RCTRuntime.modulemap\"\ -Xcc\ -fmodule-map-file\=\"/Users/nathannovak/Development/Apps/StraboSpot2/ios/Pods/Headers/Public/RCTTypeSafety/RCTTypeSafety.modulemap\"\ -Xcc\ -fmodule-map-file\=\"/Users/nathannovak/Development/Apps/StraboSpot2/ios/Pods/Headers/Public/React/React-Core.modulemap\"\ -Xcc\ -fmodule-map-file\=\"/Users/nathannovak/Development/Apps/StraboSpot2/ios/Pods/Headers/Public/ReactCodegen/ReactCodegen.modulemap\"\ -Xcc\ -fmodule-map-file\=\"/Users/nathannovak/Development/Apps/StraboSpot2/ios/Pods/Headers/Public/ReactCommon/ReactCommon.modulemap\"\ -Xcc\ -fmodule-map-file\=\"/Users/nathannovak/Development/Apps/StraboSpot2/ios/Pods/Headers/Public/React_Fabric/React-Fabric.modulemap\"\ -Xcc\ -fmodule-map-file\=\"/Users/nathannovak/Development/Apps/StraboSpot2/ios/Pods/Headers/Public/React_FabricComponents/React-FabricComponents.modulemap\"\ -Xcc\ -fmodule-map-file\=\"/Users/nathannovak/Development/Apps/StraboSpot2/ios/Pods/Headers/Public/React_NativeModulesApple/React-NativeModulesApple.modulemap\"\ -Xcc\ -fmodule-map-file\=\"/Users/nathannovak/Development/Apps/StraboSpot2/ios/Pods/Headers/Public/React_RCTAppDelegate/React-RCTAppDelegate.modulemap\"\ -Xcc\ -fmodule-map-file\=\"/Users/nathannovak/Development/Apps/StraboSpot2/ios/Pods/Headers/Public/folly/RCT-Folly.modulemap\"\ -Xcc\ -fmodule-map-file\=\"/Users/nathannovak/Development/Apps/StraboSpot2/ios/Pods/Headers/Public/glog/glog.modulemap\"\ -Xcc\ -fmodule-map-file\=\"/Users/nathannovak/Development/Apps/StraboSpot2/ios/Pods/Headers/Public/jsi/React-jsi.modulemap\"\ -Xcc\ -fmodule-map-file\=\"/Users/nathannovak/Development/Apps/StraboSpot2/ios/Pods/Headers/Public/jsinspector_modern/React-jsinspector.modulemap\"\ -Xcc\ -fmodule-map-file\=\"/Users/nathannovak/Development/Apps/StraboSpot2/ios/Pods/Headers/Public/jsinspector_modern_tracing/React-jsinspectortracing.modulemap\"\ -Xcc\ -fmodule-map-file\=\"/Users/nathannovak/Development/Apps/StraboSpot2/ios/Pods/Headers/Public/react_debug/React-debug.modulemap\"\ -Xcc\ -fmodule-map-file\=\"/Users/nathannovak/Development/Apps/StraboSpot2/ios/Pods/Headers/Public/react_featureflags/React-featureflags.modulemap\"\ -Xcc\ -fmodule-map-file\=\"/Users/nathannovak/Development/Apps/StraboSpot2/ios/Pods/Headers/Public/react_nativemodule_defaults/React-defaultsnativemodule.modulemap\"\ -Xcc\ -fmodule-map-file\=\"/Users/nathannovak/Development/Apps/StraboSpot2/ios/Pods/Headers/Public/react_nativemodule_dom/React-domnativemodule.modulemap\"\ -Xcc\ -fmodule-map-file\=\"/Users/nathannovak/Development/Apps/StraboSpot2/ios/Pods/Headers/Public/react_nativemodule_featureflags/React-featureflagsnativemodule.modulemap\"\ -Xcc\ -fmodule-map-file\=\"/Users/nathannovak/Development/Apps/StraboSpot2/ios/Pods/Headers/Public/react_nativemodule_idlecallbacks/React-idlecallbacksnativemodule.modulemap\"\ -Xcc\ -fmodule-map-file\=\"/Users/nathannovak/Development/Apps/StraboSpot2/ios/Pods/Headers/Public/react_nativemodule_microtasks/React-microtasksnativemodule.modulemap\"\ -Xcc\ -fmodule-map-file\=\"/Users/nathannovak/Development/Apps/StraboSpot2/ios/Pods/Headers/Public/react_renderer_css/React-renderercss.modulemap\"\ -Xcc\ -fmodule-map-file\=\"/Users/nathannovak/Development/Apps/StraboSpot2/ios/Pods/Headers/Public/react_renderer_debug/React-rendererdebug.modulemap\"\ -Xcc\ -fmodule-map-file\=\"/Users/nathannovak/Development/Apps/StraboSpot2/ios/Pods/Headers/Public/react_renderer_graphics/React-graphics.modulemap\"\ -Xcc\ -fmodule-map-file\=\"/Users/nathannovak/Development/Apps/StraboSpot2/ios/Pods/Headers/Public/react_renderer_imagemanager/React-ImageManager.modulemap\"\ -Xcc\ -fmodule-map-file\=\"/Users/nathannovak/Development/Apps/StraboSpot2/ios/Pods/Headers/Public/react_runtime/React-jsitooling.modulemap\"\ -Xcc\ -fmodule-map-file\=\"/Users/nathannovak/Development/Apps/StraboSpot2/ios/Pods/Headers/Public/react_utils/React-utils.modulemap\"\ -Xcc\ -fmodule-map-file\=\"/Users/nathannovak/Development/Apps/StraboSpot2/ios/Pods/Headers/Public/reacthermes/React-hermes.modulemap\"\ -Xcc\ -fmodule-map-file\=\"/Users/nathannovak/Development/Apps/StraboSpot2/ios/Pods/Headers/Public/yoga/Yoga.modulemap\"\ -import-underlying-module\ -Xcc\ -fmodule-map-file\=\"/Users/nathannovak/Development/Apps/StraboSpot2/ios/Pods/Headers/Public/EXConstants/EXConstants.modulemap\"
    export PACKAGE_TYPE\=com.apple.package-type.static-library
    export PASCAL_STRINGS\=YES
    export PATH\=/Applications/Xcode.app/Contents/SharedFrameworks/SwiftBuild.framework/Versions/A/PlugIns/SWBBuildService.bundle/Contents/PlugIns/SWBUniversalPlatformPlugin.bundle/Contents/Frameworks/SWBUniversalPlatform.framework/Resources:/Applications/Xcode.app/Contents/Developer/Toolchains/XcodeDefault.xctoolchain/usr/bin:/Applications/Xcode.app/Contents/Developer/Toolchains/XcodeDefault.xctoolchain/usr/local/bin:/Applications/Xcode.app/Contents/Developer/Toolchains/XcodeDefault.xctoolchain/usr/libexec:/Applications/Xcode.app/Contents/Developer/Platforms/iPhoneSimulator.platform/usr/bin:/Applications/Xcode.app/Contents/Developer/Platforms/iPhoneSimulator.platform/usr/local/bin:/Applications/Xcode.app/Contents/Developer/Platforms/iPhoneSimulator.platform/Developer/usr/bin:/Applications/Xcode.app/Contents/Developer/Platforms/iPhoneSimulator.platform/Developer/usr/local/bin:/Applications/Xcode.app/Contents/Developer/usr/bin:/Applications/Xcode.app/Contents/Developer/usr/local/bin:/Users/nathannovak/Development/Apps/StraboSpot2/node_modules/.bin:/Users/nathannovak/Development/Apps/node_modules/.bin:/Users/nathannovak/Development/node_modules/.bin:/Users/nathannovak/node_modules/.bin:/Users/node_modules/.bin:/node_modules/.bin:/Users/nathannovak/.nvm/versions/node/v22.16.0/lib/node_modules/npm/node_modules/@npmcli/run-script/lib/node-gyp-bin:/Users/nathannovak/.flashlight/bin:/Users/nathannovak/.nvm/versions/node/v22.16.0/bin:/Users/nathannovak/google-cloud-sdk/bin:/Users/nathannovak/.rbenv/shims:/Library/Frameworks/Python.framework/Versions/3.10/bin:/Library/Frameworks/Python.framework/Versions/3.6/bin:/usr/local/bin:/System/Cryptexes/App/usr/bin:/usr/bin:/bin:/usr/sbin:/sbin:/var/run/com.apple.security.cryptexd/codex.system/bootstrap/usr/local/bin:/var/run/com.apple.security.cryptexd/codex.system/bootstrap/usr/bin:/var/run/com.apple.security.cryptexd/codex.system/bootstrap/usr/appleinternal/bin:/Library/Apple/usr/bin:/Library/TeX/texbin:/Users/nathannovak/Library/Android/sdk/emulator:/Users/nathannovak/Library/Android/sdk/platform-tools
    export PATH_PREFIXES_EXCLUDED_FROM_HEADER_DEPENDENCIES\=/usr/include\ /usr/local/include\ /System/Library/Frameworks\ /System/Library/PrivateFrameworks\ /Applications/Xcode.app/Contents/Developer/Headers\ /Applications/Xcode.app/Contents/Developer/SDKs\ /Applications/Xcode.app/Contents/Developer/Platforms
    export PER_ARCH_MODULE_FILE_DIR\=/Users/nathannovak/Library/Developer/Xcode/DerivedData/StraboSpot2-gztieqkdzpsbarfnoxqpkwxgfcqj/Build/Intermediates.noindex/Pods.build/Debug-iphonesimulator/EXConstants.build/Objects-normal/undefined_arch
    export PER_ARCH_OBJECT_FILE_DIR\=/Users/nathannovak/Library/Developer/Xcode/DerivedData/StraboSpot2-gztieqkdzpsbarfnoxqpkwxgfcqj/Build/Intermediates.noindex/Pods.build/Debug-iphonesimulator/EXConstants.build/Objects-normal/undefined_arch
    export PER_VARIANT_OBJECT_FILE_DIR\=/Users/nathannovak/Library/Developer/Xcode/DerivedData/StraboSpot2-gztieqkdzpsbarfnoxqpkwxgfcqj/Build/Intermediates.noindex/Pods.build/Debug-iphonesimulator/EXConstants.build/Objects-normal
    export PKGINFO_FILE_PATH\=/Users/nathannovak/Library/Developer/Xcode/DerivedData/StraboSpot2-gztieqkdzpsbarfnoxqpkwxgfcqj/Build/Intermediates.noindex/Pods.build/Debug-iphonesimulator/EXConstants.build/PkgInfo
    export PLATFORM_DEVELOPER_APPLICATIONS_DIR\=/Applications/Xcode.app/Contents/Developer/Platforms/iPhoneSimulator.platform/Developer/Applications
    export PLATFORM_DEVELOPER_BIN_DIR\=/Applications/Xcode.app/Contents/Developer/Platforms/iPhoneSimulator.platform/Developer/usr/bin
    export PLATFORM_DEVELOPER_LIBRARY_DIR\=/Applications/Xcode.app/Contents/Developer/Platforms/iPhoneSimulator.platform/Developer/Library
    export PLATFORM_DEVELOPER_SDK_DIR\=/Applications/Xcode.app/Contents/Developer/Platforms/iPhoneSimulator.platform/Developer/SDKs
    export PLATFORM_DEVELOPER_TOOLS_DIR\=/Applications/Xcode.app/Contents/Developer/Platforms/iPhoneSimulator.platform/Developer/Tools
    export PLATFORM_DEVELOPER_USR_DIR\=/Applications/Xcode.app/Contents/Developer/Platforms/iPhoneSimulator.platform/Developer/usr
    export PLATFORM_DIR\=/Applications/Xcode.app/Contents/Developer/Platforms/iPhoneSimulator.platform
    export PLATFORM_DISPLAY_NAME\=iOS\ Simulator
    export PLATFORM_FAMILY_NAME\=iOS
    export PLATFORM_NAME\=iphonesimulator
    export PLATFORM_PREFERRED_ARCH\=x86_64
    export PLATFORM_PRODUCT_BUILD_VERSION\=23A339
    export PLATFORM_REQUIRES_SWIFT_AUTOLINK_EXTRACT\=NO
    export PLATFORM_REQUIRES_SWIFT_MODULEWRAP\=NO
    export PLIST_FILE_OUTPUT_FORMAT\=binary
    export PODS_BUILD_DIR\=/Users/nathannovak/Library/Developer/Xcode/DerivedData/StraboSpot2-gztieqkdzpsbarfnoxqpkwxgfcqj/Build/Products
    export PODS_CONFIGURATION_BUILD_DIR\=/Users/nathannovak/Library/Developer/Xcode/DerivedData/StraboSpot2-gztieqkdzpsbarfnoxqpkwxgfcqj/Build/Products/Debug-iphonesimulator
    export PODS_DEVELOPMENT_LANGUAGE\=en
    export PODS_ROOT\=/Users/nathannovak/Development/Apps/StraboSpot2/ios/Pods
    export PODS_TARGET_SRCROOT\=/Users/nathannovak/Development/Apps/StraboSpot2/ios/Pods/../../node_modules/expo-constants/ios
    export PODS_XCFRAMEWORKS_BUILD_DIR\=/Users/nathannovak/Library/Developer/Xcode/DerivedData/StraboSpot2-gztieqkdzpsbarfnoxqpkwxgfcqj/Build/Products/Debug-iphonesimulator/XCFrameworkIntermediates
    export PRECOMPS_INCLUDE_HEADERS_FROM_BUILT_PRODUCTS_DIR\=YES
    export PRECOMP_DESTINATION_DIR\=/Users/nathannovak/Library/Developer/Xcode/DerivedData/StraboSpot2-gztieqkdzpsbarfnoxqpkwxgfcqj/Build/Intermediates.noindex/Pods.build/Debug-iphonesimulator/EXConstants.build/PrefixHeaders
    export PROCESSED_INFOPLIST_PATH\=/Users/nathannovak/Library/Developer/Xcode/DerivedData/StraboSpot2-gztieqkdzpsbarfnoxqpkwxgfcqj/Build/Intermediates.noindex/Pods.build/Debug-iphonesimulator/EXConstants.build/Objects-normal/undefined_arch/Processed-Info.plist
    export PRODUCT_BUNDLE_IDENTIFIER\=org.cocoapods.EXConstants
    export PRODUCT_MODULE_NAME\=EXConstants
    export PRODUCT_NAME\=EXConstants
    export PRODUCT_SETTINGS_PATH\=
    export PRODUCT_TYPE\=com.apple.product-type.library.static
    export PROFILING_CODE\=NO
    export PROJECT\=Pods
    export PROJECT_DERIVED_FILE_DIR\=/Users/nathannovak/Library/Developer/Xcode/DerivedData/StraboSpot2-gztieqkdzpsbarfnoxqpkwxgfcqj/Build/Intermediates.noindex/Pods.build/DerivedSources
    export PROJECT_DIR\=/Users/nathannovak/Development/Apps/StraboSpot2/ios/Pods
    export PROJECT_FILE_PATH\=/Users/nathannovak/Development/Apps/StraboSpot2/ios/Pods/Pods.xcodeproj
    export PROJECT_GUID\=8699adb1dd336b26511df848a716bd42
    export PROJECT_NAME\=Pods
    export PROJECT_TEMP_DIR\=/Users/nathannovak/Library/Developer/Xcode/DerivedData/StraboSpot2-gztieqkdzpsbarfnoxqpkwxgfcqj/Build/Intermediates.noindex/Pods.build
    export PROJECT_TEMP_ROOT\=/Users/nathannovak/Library/Developer/Xcode/DerivedData/StraboSpot2-gztieqkdzpsbarfnoxqpkwxgfcqj/Build/Intermediates.noindex
    export REACT_NATIVE_PATH\=/Users/nathannovak/Development/Apps/StraboSpot2/ios/Pods/../../node_modules/react-native
    export RECOMMENDED_IPHONEOS_DEPLOYMENT_TARGET\=15.0
    export RECURSIVE_SEARCH_PATHS_FOLLOW_SYMLINKS\=YES
    export REMOVE_CVS_FROM_RESOURCES\=YES
    export REMOVE_GIT_FROM_RESOURCES\=YES
    export REMOVE_HEADERS_FROM_EMBEDDED_BUNDLES\=YES
    export REMOVE_HG_FROM_RESOURCES\=YES
    export REMOVE_STATIC_EXECUTABLES_FROM_EMBEDDED_BUNDLES\=YES
    export REMOVE_SVN_FROM_RESOURCES\=YES
    export RESCHEDULE_INDEPENDENT_HEADERS_PHASES\=YES
    export REZ_COLLECTOR_DIR\=/Users/nathannovak/Library/Developer/Xcode/DerivedData/StraboSpot2-gztieqkdzpsbarfnoxqpkwxgfcqj/Build/Intermediates.noindex/Pods.build/Debug-iphonesimulator/EXConstants.build/ResourceManagerResources
    export REZ_EXECUTABLE\=YES
    export REZ_OBJECTS_DIR\=/Users/nathannovak/Library/Developer/Xcode/DerivedData/StraboSpot2-gztieqkdzpsbarfnoxqpkwxgfcqj/Build/Intermediates.noindex/Pods.build/Debug-iphonesimulator/EXConstants.build/ResourceManagerResources/Objects
    export REZ_SEARCH_PATHS\=/Users/nathannovak/Library/Developer/Xcode/DerivedData/StraboSpot2-gztieqkdzpsbarfnoxqpkwxgfcqj/Build/Products/Debug-iphonesimulator/EXConstants\ 
    export RUNTIME_EXCEPTION_ALLOW_DYLD_ENVIRONMENT_VARIABLES\=NO
    export RUNTIME_EXCEPTION_ALLOW_JIT\=NO
    export RUNTIME_EXCEPTION_ALLOW_UNSIGNED_EXECUTABLE_MEMORY\=NO
    export RUNTIME_EXCEPTION_DEBUGGING_TOOL\=NO
    export RUNTIME_EXCEPTION_DISABLE_EXECUTABLE_PAGE_PROTECTION\=NO
    export RUNTIME_EXCEPTION_DISABLE_LIBRARY_VALIDATION\=NO
    export SCAN_ALL_SOURCE_FILES_FOR_INCLUDES\=NO
    export SCRIPT_INPUT_FILE_COUNT\=0
    export SCRIPT_INPUT_FILE_LIST_COUNT\=0
    export SCRIPT_OUTPUT_FILE_COUNT\=0
    export SCRIPT_OUTPUT_FILE_LIST_COUNT\=0
    export SDKROOT\=/Applications/Xcode.app/Contents/Developer/Platforms/iPhoneSimulator.platform/Developer/SDKs/iPhoneSimulator26.0.sdk
    export SDK_DIR\=/Applications/Xcode.app/Contents/Developer/Platforms/iPhoneSimulator.platform/Developer/SDKs/iPhoneSimulator26.0.sdk
    export SDK_DIR_iphonesimulator\=/Applications/Xcode.app/Contents/Developer/Platforms/iPhoneSimulator.platform/Developer/SDKs/iPhoneSimulator26.0.sdk
    export SDK_DIR_iphonesimulator26_0\=/Applications/Xcode.app/Contents/Developer/Platforms/iPhoneSimulator.platform/Developer/SDKs/iPhoneSimulator26.0.sdk
    export SDK_NAME\=iphonesimulator26.0
    export SDK_NAMES\=iphonesimulator26.0
    export SDK_PRODUCT_BUILD_VERSION\=23A339
    export SDK_STAT_CACHE_DIR\=/Users/nathannovak/Library/Developer/Xcode/DerivedData
    export SDK_STAT_CACHE_ENABLE\=YES
    export SDK_STAT_CACHE_PATH\=/Users/nathannovak/Library/Developer/Xcode/DerivedData/SDKStatCaches.noindex/iphonesimulator26.0-23A339-26257891a6c027eb51374368541b8346.sdkstatcache
    export SDK_VERSION\=26.0
    export SDK_VERSION_ACTUAL\=260000
    export SDK_VERSION_MAJOR\=260000
    export SDK_VERSION_MINOR\=260000
    export SED\=/usr/bin/sed
    export SEPARATE_STRIP\=NO
    export SEPARATE_SYMBOL_EDIT\=NO
    export SET_DIR_MODE_OWNER_GROUP\=YES
    export SET_FILE_MODE_OWNER_GROUP\=NO
    export SHALLOW_BUNDLE\=NO
    export SHARED_DERIVED_FILE_DIR\=/Users/nathannovak/Library/Developer/Xcode/DerivedData/StraboSpot2-gztieqkdzpsbarfnoxqpkwxgfcqj/Build/Products/Debug-iphonesimulator/EXConstants/DerivedSources
    export SHARED_PRECOMPS_DIR\=/Users/nathannovak/Library/Developer/Xcode/DerivedData/StraboSpot2-gztieqkdzpsbarfnoxqpkwxgfcqj/Build/Intermediates.noindex/PrecompiledHeaders
    export SKIP_INSTALL\=YES
    export SOURCE_ROOT\=/Users/nathannovak/Development/Apps/StraboSpot2/ios/Pods
    export SRCROOT\=/Users/nathannovak/Development/Apps/StraboSpot2/ios/Pods
    export STRINGSDATA_DIR\=/Users/nathannovak/Library/Developer/Xcode/DerivedData/StraboSpot2-gztieqkdzpsbarfnoxqpkwxgfcqj/Build/Intermediates.noindex/Pods.build/Debug-iphonesimulator/EXConstants.build/Objects-normal/undefined_arch
    export STRINGSDATA_ROOT\=/Users/nathannovak/Library/Developer/Xcode/DerivedData/StraboSpot2-gztieqkdzpsbarfnoxqpkwxgfcqj/Build/Intermediates.noindex/Pods.build/Debug-iphonesimulator/EXConstants.build
    export STRINGS_FILE_INFOPLIST_RENAME\=YES
    export STRINGS_FILE_OUTPUT_ENCODING\=binary
    export STRING_CATALOG_GENERATE_SYMBOLS\=NO
    export STRIP_BITCODE_FROM_COPIED_FILES\=NO
    export STRIP_INSTALLED_PRODUCT\=NO
    export STRIP_STYLE\=debugging
    export STRIP_SWIFT_SYMBOLS\=YES
    export SUPPORTED_DEVICE_FAMILIES\=1,2
    export SUPPORTED_PLATFORMS\=iphoneos\ iphonesimulator
    export SUPPORTS_TEXT_BASED_API\=NO
    export SUPPRESS_WARNINGS\=NO
    export SWIFT_ACTIVE_COMPILATION_CONDITIONS\=\ DEBUG\ 
    export SWIFT_COMPILATION_MODE\=wholemodule
    export SWIFT_EMIT_CONST_VALUE_PROTOCOLS\=AppIntent\ EntityQuery\ AppEntity\ TransientEntity\ AppEnum\ AppShortcutProviding\ AppShortcutsProvider\ AnyResolverProviding\ AppIntentsPackage\ DynamicOptionsProvider\ _IntentValueRepresentable\ _AssistantIntentsProvider\ _GenerativeFunctionExtractable\ IntentValueQuery\ Resolver\ AppExtension\ ExtensionPointDefining
    export SWIFT_EMIT_LOC_STRINGS\=NO
    export SWIFT_ENABLE_EXPLICIT_MODULES\=YES
    export SWIFT_INCLUDE_PATHS\=/Users/nathannovak/Library/Developer/Xcode/DerivedData/StraboSpot2-gztieqkdzpsbarfnoxqpkwxgfcqj/Build/Products/Debug-iphonesimulator/EXConstants\ \ \"/Users/nathannovak/Library/Developer/Xcode/DerivedData/StraboSpot2-gztieqkdzpsbarfnoxqpkwxgfcqj/Build/Products/Debug-iphonesimulator/ExpoModulesCore\"
    export SWIFT_OPTIMIZATION_LEVEL\=-Onone
    export SWIFT_PLATFORM_TARGET_PREFIX\=ios
    export SWIFT_RESPONSE_FILE_PATH_normal_x86_64\=/Users/nathannovak/Library/Developer/Xcode/DerivedData/StraboSpot2-gztieqkdzpsbarfnoxqpkwxgfcqj/Build/Intermediates.noindex/Pods.build/Debug-iphonesimulator/EXConstants.build/Objects-normal/x86_64/EXConstants.SwiftFileList
    export SWIFT_VERSION\=5.9
    export SYMROOT\=/Users/nathannovak/Library/Developer/Xcode/DerivedData/StraboSpot2-gztieqkdzpsbarfnoxqpkwxgfcqj/Build/Products
    export SYSTEM_ADMIN_APPS_DIR\=/Applications/Utilities
    export SYSTEM_APPS_DIR\=/Applications
    export SYSTEM_CORE_SERVICES_DIR\=/System/Library/CoreServices
    export SYSTEM_DEMOS_DIR\=/Applications/Extras
    export SYSTEM_DEVELOPER_APPS_DIR\=/Applications/Xcode.app/Contents/Developer/Applications
    export SYSTEM_DEVELOPER_BIN_DIR\=/Applications/Xcode.app/Contents/Developer/usr/bin
    export SYSTEM_DEVELOPER_DEMOS_DIR\=/Applications/Xcode.app/Contents/Developer/Applications/Utilities/Built\ Examples
    export SYSTEM_DEVELOPER_DIR\=/Applications/Xcode.app/Contents/Developer
    export SYSTEM_DEVELOPER_DOC_DIR\=/Applications/Xcode.app/Contents/Developer/ADC\ Reference\ Library
    export SYSTEM_DEVELOPER_GRAPHICS_TOOLS_DIR\=/Applications/Xcode.app/Contents/Developer/Applications/Graphics\ Tools
    export SYSTEM_DEVELOPER_JAVA_TOOLS_DIR\=/Applications/Xcode.app/Contents/Developer/Applications/Java\ Tools
    export SYSTEM_DEVELOPER_PERFORMANCE_TOOLS_DIR\=/Applications/Xcode.app/Contents/Developer/Applications/Performance\ Tools
    export SYSTEM_DEVELOPER_RELEASENOTES_DIR\=/Applications/Xcode.app/Contents/Developer/ADC\ Reference\ Library/releasenotes
    export SYSTEM_DEVELOPER_TOOLS\=/Applications/Xcode.app/Contents/Developer/Tools
    export SYSTEM_DEVELOPER_TOOLS_DOC_DIR\=/Applications/Xcode.app/Contents/Developer/ADC\ Reference\ Library/documentation/DeveloperTools
    export SYSTEM_DEVELOPER_TOOLS_RELEASENOTES_DIR\=/Applications/Xcode.app/Contents/Developer/ADC\ Reference\ Library/releasenotes/DeveloperTools
    export SYSTEM_DEVELOPER_USR_DIR\=/Applications/Xcode.app/Contents/Developer/usr
    export SYSTEM_DEVELOPER_UTILITIES_DIR\=/Applications/Xcode.app/Contents/Developer/Applications/Utilities
    export SYSTEM_DEXT_INSTALL_PATH\=/System/Library/DriverExtensions
    export SYSTEM_DOCUMENTATION_DIR\=/Library/Documentation
    export SYSTEM_KEXT_INSTALL_PATH\=/System/Library/Extensions
    export SYSTEM_LIBRARY_DIR\=/System/Library
    export TAPI_DEMANGLE\=YES
    export TAPI_ENABLE_PROJECT_HEADERS\=NO
    export TAPI_LANGUAGE\=objective-c
    export TAPI_LANGUAGE_STANDARD\=compiler-default
    export TAPI_USE_SRCROOT\=YES
    export TAPI_VERIFY_MODE\=Pedantic
    export TARGETED_DEVICE_FAMILY\=1,2
    export TARGETNAME\=EXConstants
    export TARGET_BUILD_DIR\=/Users/nathannovak/Library/Developer/Xcode/DerivedData/StraboSpot2-gztieqkdzpsbarfnoxqpkwxgfcqj/Build/Products/Debug-iphonesimulator/EXConstants
    export TARGET_DEVICE_IDENTIFIER\=74C76BE2-3534-4702-95EC-116B7842C0E9
    export TARGET_DEVICE_MODEL\=iPad14,3
    export TARGET_DEVICE_OS_VERSION\=18.0
    export TARGET_DEVICE_PLATFORM_NAME\=iphonesimulator
    export TARGET_NAME\=EXConstants
    export TARGET_TEMP_DIR\=/Users/nathannovak/Library/Developer/Xcode/DerivedData/StraboSpot2-gztieqkdzpsbarfnoxqpkwxgfcqj/Build/Intermediates.noindex/Pods.build/Debug-iphonesimulator/EXConstants.build
    export TEMP_DIR\=/Users/nathannovak/Library/Developer/Xcode/DerivedData/StraboSpot2-gztieqkdzpsbarfnoxqpkwxgfcqj/Build/Intermediates.noindex/Pods.build/Debug-iphonesimulator/EXConstants.build
    export TEMP_FILES_DIR\=/Users/nathannovak/Library/Developer/Xcode/DerivedData/StraboSpot2-gztieqkdzpsbarfnoxqpkwxgfcqj/Build/Intermediates.noindex/Pods.build/Debug-iphonesimulator/EXConstants.build
    export TEMP_FILE_DIR\=/Users/nathannovak/Library/Developer/Xcode/DerivedData/StraboSpot2-gztieqkdzpsbarfnoxqpkwxgfcqj/Build/Intermediates.noindex/Pods.build/Debug-iphonesimulator/EXConstants.build
    export TEMP_ROOT\=/Users/nathannovak/Library/Developer/Xcode/DerivedData/StraboSpot2-gztieqkdzpsbarfnoxqpkwxgfcqj/Build/Intermediates.noindex
    export TEMP_SANDBOX_DIR\=/Users/nathannovak/Library/Developer/Xcode/DerivedData/StraboSpot2-gztieqkdzpsbarfnoxqpkwxgfcqj/Build/Intermediates.noindex/TemporaryTaskSandboxes
    export TEST_FRAMEWORK_SEARCH_PATHS\=\ /Applications/Xcode.app/Contents/Developer/Platforms/iPhoneSimulator.platform/Developer/Library/Frameworks\ /Applications/Xcode.app/Contents/Developer/Platforms/iPhoneSimulator.platform/Developer/SDKs/iPhoneSimulator26.0.sdk/Developer/Library/Frameworks
    export TEST_LIBRARY_SEARCH_PATHS\=\ /Applications/Xcode.app/Contents/Developer/Platforms/iPhoneSimulator.platform/Developer/usr/lib
    export TOOLCHAINS\=com.apple.dt.toolchain.XcodeDefault
    export TOOLCHAIN_DIR\=/Applications/Xcode.app/Contents/Developer/Toolchains/XcodeDefault.xctoolchain
    export TREAT_MISSING_BASELINES_AS_TEST_FAILURES\=NO
    export TREAT_MISSING_SCRIPT_PHASE_OUTPUTS_AS_ERRORS\=NO
    export UID\=501
    export UNINSTALLED_PRODUCTS_DIR\=/Users/nathannovak/Library/Developer/Xcode/DerivedData/StraboSpot2-gztieqkdzpsbarfnoxqpkwxgfcqj/Build/Intermediates.noindex/UninstalledProducts
    export UNSTRIPPED_PRODUCT\=NO
    export USER\=nathannovak
    export USER_APPS_DIR\=/Users/nathannovak/Applications
    export USER_LIBRARY_DIR\=/Users/nathannovak/Library
    export USE_DYNAMIC_NO_PIC\=YES
    export USE_HEADERMAP\=YES
    export USE_HEADER_SYMLINKS\=NO
    export USE_HERMES\=true
    export USE_RECURSIVE_SCRIPT_INPUTS_IN_SCRIPT_PHASES\=YES
    export VALIDATE_DEVELOPMENT_ASSET_PATHS\=YES_ERROR
    export VALIDATE_PRODUCT\=NO
    export VALID_ARCHS\=arm64\ x86_64
    export VERBOSE_PBXCP\=NO
    export VERSION_INFO_BUILDER\=nathannovak
    export VERSION_INFO_FILE\=EXConstants_vers.c
    export VERSION_INFO_STRING\=\"@\(\#\)PROGRAM:EXConstants\ \ PROJECT:Pods-\"
    export WORKSPACE_DIR\=/Users/nathannovak/Development/Apps/StraboSpot2/ios
    export WRAP_ASSET_PACKS_IN_SEPARATE_DIRECTORIES\=NO
    export XCODE_APP_SUPPORT_DIR\=/Applications/Xcode.app/Contents/Developer/Library/Xcode
    export XCODE_PRODUCT_BUILD_VERSION\=17A400
    export XCODE_VERSION_ACTUAL\=2601
    export XCODE_VERSION_MAJOR\=2600
    export XCODE_VERSION_MINOR\=2600
    export XPCSERVICES_FOLDER_PATH\=/XPCServices
    export YACC\=yacc
    export _DISCOVER_COMMAND_LINE_LINKER_INPUTS\=YES
    export _DISCOVER_COMMAND_LINE_LINKER_INPUTS_INCLUDE_WL\=YES
    export _LD_MULTIARCH\=YES
    export __DIAGNOSE_DEPRECATED_ARCHS\=YES
    export arch\=undefined_arch
    export variant\=normal
    /bin/sh -c /Users/nathannovak/Library/Developer/Xcode/DerivedData/StraboSpot2-gztieqkdzpsbarfnoxqpkwxgfcqj/Build/Intermediates.noindex/Pods.build/Debug-iphonesimulator/EXConstants.build/Script-46EB2E00036140.sh
Node found at: /usr/local/bin/node

ProcessInfoPlistFile /Users/nathannovak/Library/Developer/Xcode/DerivedData/StraboSpot2-gztieqkdzpsbarfnoxqpkwxgfcqj/Build/Products/Debug-iphonesimulator/ReachabilitySwift/ReachabilitySwift.bundle/Info.plist /Users/nathannovak/Development/Apps/StraboSpot2/ios/Pods/Target\ Support\ Files/ReachabilitySwift/ResourceBundle-ReachabilitySwift-ReachabilitySwift-Info.plist (in target 'ReachabilitySwift-ReachabilitySwift' from project 'Pods')
    cd /Users/nathannovak/Development/Apps/StraboSpot2/ios/Pods
    builtin-infoPlistUtility /Users/nathannovak/Development/Apps/StraboSpot2/ios/Pods/Target\ Support\ Files/ReachabilitySwift/ResourceBundle-ReachabilitySwift-ReachabilitySwift-Info.plist -producttype com.apple.product-type.bundle -expandbuildsettings -format binary -platform iphonesimulator -o /Users/nathannovak/Library/Developer/Xcode/DerivedData/StraboSpot2-gztieqkdzpsbarfnoxqpkwxgfcqj/Build/Products/Debug-iphonesimulator/ReachabilitySwift/ReachabilitySwift.bundle/Info.plist

ProcessInfoPlistFile /Users/nathannovak/Library/Developer/Xcode/DerivedData/StraboSpot2-gztieqkdzpsbarfnoxqpkwxgfcqj/Build/Products/Debug-iphonesimulator/EXUpdates/EXUpdates.bundle/Info.plist /Users/nathannovak/Development/Apps/StraboSpot2/ios/Pods/Target\ Support\ Files/EXUpdates/ResourceBundle-EXUpdates-EXUpdates-Info.plist (in target 'EXUpdates-EXUpdates' from project 'Pods')
    cd /Users/nathannovak/Development/Apps/StraboSpot2/ios/Pods
    builtin-infoPlistUtility /Users/nathannovak/Development/Apps/StraboSpot2/ios/Pods/Target\ Support\ Files/EXUpdates/ResourceBundle-EXUpdates-EXUpdates-Info.plist -producttype com.apple.product-type.bundle -expandbuildsettings -format binary -platform iphonesimulator -o /Users/nathannovak/Library/Developer/Xcode/DerivedData/StraboSpot2-gztieqkdzpsbarfnoxqpkwxgfcqj/Build/Products/Debug-iphonesimulator/EXUpdates/EXUpdates.bundle/Info.plist

warning: Run script build phase '[CP-User] Generate updates resources for expo-updates' will be run during every build because it does not specify any outputs. To address this issue, either add output dependencies to the script phase, or configure it to run in every build by unchecking "Based on dependency analysis" in the script phase. (in target 'EXUpdates' from project 'Pods')
PhaseScriptExecution [CP-User]\ Generate\ updates\ resources\ for\ expo-updates /Users/nathannovak/Library/Developer/Xcode/DerivedData/StraboSpot2-gztieqkdzpsbarfnoxqpkwxgfcqj/Build/Intermediates.noindex/Pods.build/Debug-iphonesimulator/EXUpdates.build/Script-46EB2E00036150.sh (in target 'EXUpdates' from project 'Pods')
    cd /Users/nathannovak/Development/Apps/StraboSpot2/ios/Pods
    export ACTION\=build
    export AD_HOC_CODE_SIGNING_ALLOWED\=YES
    export ALLOW_BUILD_REQUEST_OVERRIDES\=NO
    export ALLOW_TARGET_PLATFORM_SPECIALIZATION\=NO
    export ALTERNATE_GROUP\=staff
    export ALTERNATE_MODE\=u+w,go-w,a+rX
    export ALTERNATE_OWNER\=nathannovak
    export ALTERNATIVE_DISTRIBUTION_WEB\=NO
    export ALWAYS_EMBED_SWIFT_STANDARD_LIBRARIES\=NO
    export ALWAYS_SEARCH_USER_PATHS\=NO
    export ALWAYS_USE_SEPARATE_HEADERMAPS\=NO
    export ANDROID_DEPLOYMENT_TARGET\=21.0
    export APPLICATION_EXTENSION_API_ONLY\=NO
    export APPLY_RULES_IN_COPY_FILES\=NO
    export APPLY_RULES_IN_COPY_HEADERS\=NO
    export APP_SHORTCUTS_ENABLE_FLEXIBLE_MATCHING\=YES
    export ARCHS\=x86_64
    export ARCHS_STANDARD\=arm64\ x86_64
    export ARCHS_STANDARD_32_64_BIT\=arm64\ x86_64
    export ARCHS_STANDARD_64_BIT\=arm64\ x86_64
    export ARCHS_STANDARD_INCLUDING_64_BIT\=arm64\ x86_64
    export ARCHS_UNIVERSAL_IPHONE_OS\=arm64\ x86_64
    export ASSETCATALOG_FILTER_FOR_DEVICE_MODEL\=iPad14,3-A
    export ASSETCATALOG_FILTER_FOR_DEVICE_OS_VERSION\=18.0
    export ASSETCATALOG_FILTER_FOR_THINNING_DEVICE_CONFIGURATION\=iPad14,3-A
    export AUTOMATICALLY_MERGE_DEPENDENCIES\=NO
    export AUTOMATION_APPLE_EVENTS\=NO
    export AVAILABLE_PLATFORMS\=android\ appletvos\ appletvsimulator\ driverkit\ iphoneos\ iphonesimulator\ macosx\ qnx\ watchos\ watchsimulator\ webassembly\ xros\ xrsimulator
    export BUILD_ACTIVE_RESOURCES_ONLY\=YES
    export BUILD_COMPONENTS\=headers\ build
    export BUILD_DIR\=/Users/nathannovak/Library/Developer/Xcode/DerivedData/StraboSpot2-gztieqkdzpsbarfnoxqpkwxgfcqj/Build/Products
    export BUILD_LIBRARY_FOR_DISTRIBUTION\=NO
    export BUILD_ROOT\=/Users/nathannovak/Library/Developer/Xcode/DerivedData/StraboSpot2-gztieqkdzpsbarfnoxqpkwxgfcqj/Build/Products
    export BUILD_STYLE\=
    export BUILD_VARIANTS\=normal
    export BUILT_PRODUCTS_DIR\=/Users/nathannovak/Library/Developer/Xcode/DerivedData/StraboSpot2-gztieqkdzpsbarfnoxqpkwxgfcqj/Build/Products/Debug-iphonesimulator/EXUpdates
    export BUNDLE_CONTENTS_FOLDER_PATH_deep\=Contents/
    export BUNDLE_EXECUTABLE_FOLDER_NAME_deep\=MacOS
    export BUNDLE_EXTENSIONS_FOLDER_PATH\=Extensions
    export BUNDLE_FORMAT\=shallow
    export BUNDLE_FRAMEWORKS_FOLDER_PATH\=Frameworks
    export BUNDLE_PLUGINS_FOLDER_PATH\=PlugIns
    export BUNDLE_PRIVATE_HEADERS_FOLDER_PATH\=PrivateHeaders
    export BUNDLE_PUBLIC_HEADERS_FOLDER_PATH\=Headers
    export CACHE_ROOT\=/var/folders/pj/76qzdyzd0077fjwvf34jpht00000gn/C/com.apple.DeveloperTools/26.0.1-17A400/Xcode
    export CCHROOT\=/var/folders/pj/76qzdyzd0077fjwvf34jpht00000gn/C/com.apple.DeveloperTools/26.0.1-17A400/Xcode
    export CHMOD\=/bin/chmod
    export CHOWN\=/usr/sbin/chown
    export CLANG_ANALYZER_LOCALIZABILITY_NONLOCALIZED\=YES
    export CLANG_ANALYZER_NONNULL\=YES
    export CLANG_ANALYZER_NUMBER_OBJECT_CONVERSION\=YES_AGGRESSIVE
    export CLANG_CACHE_FINE_GRAINED_OUTPUTS\=YES
    export CLANG_CXX_LANGUAGE_STANDARD\=c++20
    export CLANG_CXX_LIBRARY\=libc++
    export CLANG_ENABLE_EXPLICIT_MODULES\=YES
    export CLANG_ENABLE_MODULES\=YES
    export CLANG_ENABLE_MODULE_DEBUGGING\=NO
    export CLANG_ENABLE_OBJC_ARC\=YES
    export CLANG_ENABLE_OBJC_WEAK\=NO
    export CLANG_MODULES_BUILD_SESSION_FILE\=/Users/nathannovak/Library/Developer/Xcode/DerivedData/ModuleCache.noindex/Session.modulevalidation
    export CLANG_WARN_BLOCK_CAPTURE_AUTORELEASING\=YES
    export CLANG_WARN_BOOL_CONVERSION\=YES
    export CLANG_WARN_COMMA\=YES
    export CLANG_WARN_CONSTANT_CONVERSION\=YES
    export CLANG_WARN_DEPRECATED_OBJC_IMPLEMENTATIONS\=YES
    export CLANG_WARN_DIRECT_OBJC_ISA_USAGE\=YES_ERROR
    export CLANG_WARN_DOCUMENTATION_COMMENTS\=YES
    export CLANG_WARN_EMPTY_BODY\=YES
    export CLANG_WARN_ENUM_CONVERSION\=YES
    export CLANG_WARN_INFINITE_RECURSION\=YES
    export CLANG_WARN_INT_CONVERSION\=YES
    export CLANG_WARN_NON_LITERAL_NULL_CONVERSION\=YES
    export CLANG_WARN_OBJC_IMPLICIT_RETAIN_SELF\=YES
    export CLANG_WARN_OBJC_LITERAL_CONVERSION\=YES
    export CLANG_WARN_OBJC_ROOT_CLASS\=YES_ERROR
    export CLANG_WARN_QUOTED_INCLUDE_IN_FRAMEWORK_HEADER\=NO
    export CLANG_WARN_RANGE_LOOP_ANALYSIS\=YES
    export CLANG_WARN_STRICT_PROTOTYPES\=YES
    export CLANG_WARN_SUSPICIOUS_MOVE\=YES
    export CLANG_WARN_UNGUARDED_AVAILABILITY\=YES_AGGRESSIVE
    export CLANG_WARN_UNREACHABLE_CODE\=YES
    export CLANG_WARN__DUPLICATE_METHOD_MATCH\=YES
    export CLASS_FILE_DIR\=/Users/nathannovak/Library/Developer/Xcode/DerivedData/StraboSpot2-gztieqkdzpsbarfnoxqpkwxgfcqj/Build/Intermediates.noindex/Pods.build/Debug-iphonesimulator/EXUpdates.build/JavaClasses
    export CLEAN_PRECOMPS\=YES
    export CLONE_HEADERS\=NO
    export CODESIGNING_FOLDER_PATH\=/Users/nathannovak/Library/Developer/Xcode/DerivedData/StraboSpot2-gztieqkdzpsbarfnoxqpkwxgfcqj/Build/Products/Debug-iphonesimulator/EXUpdates/libEXUpdates.a
    export CODE_SIGNING_ALLOWED\=NO
    export CODE_SIGNING_REQUIRED\=YES
    export CODE_SIGN_CONTEXT_CLASS\=XCiPhoneSimulatorCodeSignContext
    export CODE_SIGN_IDENTITY\=-
    export CODE_SIGN_INJECT_BASE_ENTITLEMENTS\=YES
    export COLOR_DIAGNOSTICS\=NO
    export COMBINE_HIDPI_IMAGES\=NO
    export COMPILATION_CACHE_CAS_PATH\=/Users/nathannovak/Library/Developer/Xcode/DerivedData/CompilationCache.noindex
    export COMPILATION_CACHE_KEEP_CAS_DIRECTORY\=YES
    export COMPILER_INDEX_STORE_ENABLE\=Default
    export COMPOSITE_SDK_DIRS\=/Users/nathannovak/Library/Developer/Xcode/DerivedData/StraboSpot2-gztieqkdzpsbarfnoxqpkwxgfcqj/Build/Intermediates.noindex/CompositeSDKs
    export COMPRESS_PNG_FILES\=YES
    export CONFIGURATION\=Debug
    export CONFIGURATION_BUILD_DIR\=/Users/nathannovak/Library/Developer/Xcode/DerivedData/StraboSpot2-gztieqkdzpsbarfnoxqpkwxgfcqj/Build/Products/Debug-iphonesimulator/EXUpdates
    export CONFIGURATION_TEMP_DIR\=/Users/nathannovak/Library/Developer/Xcode/DerivedData/StraboSpot2-gztieqkdzpsbarfnoxqpkwxgfcqj/Build/Intermediates.noindex/Pods.build/Debug-iphonesimulator
    export COPYING_PRESERVES_HFS_DATA\=NO
    export COPY_HEADERS_RUN_UNIFDEF\=NO
    export COPY_PHASE_STRIP\=NO
    export CORRESPONDING_DEVICE_PLATFORM_DIR\=/Applications/Xcode.app/Contents/Developer/Platforms/iPhoneOS.platform
    export CORRESPONDING_DEVICE_PLATFORM_NAME\=iphoneos
    export CORRESPONDING_DEVICE_SDK_DIR\=/Applications/Xcode.app/Contents/Developer/Platforms/iPhoneOS.platform/Developer/SDKs/iPhoneOS26.0.sdk
    export CORRESPONDING_DEVICE_SDK_NAME\=iphoneos26.0
    export CP\=/bin/cp
    export CREATE_INFOPLIST_SECTION_IN_BINARY\=NO
    export CURRENT_ARCH\=undefined_arch
    export CURRENT_VARIANT\=normal
    export DEAD_CODE_STRIPPING\=YES
    export DEBUGGING_SYMBOLS\=YES
    export DEBUG_INFORMATION_FORMAT\=dwarf
    export DEBUG_INFORMATION_VERSION\=compiler-default
    export DEFAULT_COMPILER\=com.apple.compilers.llvm.clang.1_0
    export DEFAULT_DEXT_INSTALL_PATH\=/System/Library/DriverExtensions
    export DEFAULT_KEXT_INSTALL_PATH\=/System/Library/Extensions
    export DEFINES_MODULE\=YES
    export DEPLOYMENT_LOCATION\=NO
    export DEPLOYMENT_POSTPROCESSING\=NO
    export DEPLOYMENT_TARGET_SETTING_NAME\=IPHONEOS_DEPLOYMENT_TARGET
    export DEPLOYMENT_TARGET_SUGGESTED_VALUES\=12.0\ 12.1\ 12.2\ 12.3\ 12.4\ 13.0\ 13.1\ 13.2\ 13.3\ 13.4\ 13.5\ 13.6\ 14.0\ 14.1\ 14.2\ 14.3\ 14.4\ 14.5\ 14.6\ 14.7\ 15.0\ 15.1\ 15.2\ 15.3\ 15.4\ 15.5\ 15.6\ 16.0\ 16.1\ 16.2\ 16.3\ 16.4\ 16.5\ 16.6\ 17.0\ 17.1\ 17.2\ 17.3\ 17.4\ 17.5\ 17.6\ 18.0\ 18.1\ 18.2\ 18.3\ 18.4\ 18.5\ 18.6\ 26.0
    export DERIVED_FILES_DIR\=/Users/nathannovak/Library/Developer/Xcode/DerivedData/StraboSpot2-gztieqkdzpsbarfnoxqpkwxgfcqj/Build/Intermediates.noindex/Pods.build/Debug-iphonesimulator/EXUpdates.build/DerivedSources
    export DERIVED_FILE_DIR\=/Users/nathannovak/Library/Developer/Xcode/DerivedData/StraboSpot2-gztieqkdzpsbarfnoxqpkwxgfcqj/Build/Intermediates.noindex/Pods.build/Debug-iphonesimulator/EXUpdates.build/DerivedSources
    export DERIVED_SOURCES_DIR\=/Users/nathannovak/Library/Developer/Xcode/DerivedData/StraboSpot2-gztieqkdzpsbarfnoxqpkwxgfcqj/Build/Intermediates.noindex/Pods.build/Debug-iphonesimulator/EXUpdates.build/DerivedSources
    export DEVELOPER_APPLICATIONS_DIR\=/Applications/Xcode.app/Contents/Developer/Applications
    export DEVELOPER_BIN_DIR\=/Applications/Xcode.app/Contents/Developer/usr/bin
    export DEVELOPER_DIR\=/Applications/Xcode.app/Contents/Developer
    export DEVELOPER_FRAMEWORKS_DIR\=/Applications/Xcode.app/Contents/Developer/Library/Frameworks
    export DEVELOPER_FRAMEWORKS_DIR_QUOTED\=/Applications/Xcode.app/Contents/Developer/Library/Frameworks
    export DEVELOPER_LIBRARY_DIR\=/Applications/Xcode.app/Contents/Developer/Library
    export DEVELOPER_SDK_DIR\=/Applications/Xcode.app/Contents/Developer/Platforms/MacOSX.platform/Developer/SDKs
    export DEVELOPER_TOOLS_DIR\=/Applications/Xcode.app/Contents/Developer/Tools
    export DEVELOPER_USR_DIR\=/Applications/Xcode.app/Contents/Developer/usr
    export DEVELOPMENT_LANGUAGE\=en
    export DIAGNOSE_MISSING_TARGET_DEPENDENCIES\=YES
    export DIFF\=/usr/bin/diff
    export DONT_GENERATE_INFOPLIST_FILE\=NO
    export DSTROOT\=/tmp/Pods.dst
    export DT_TOOLCHAIN_DIR\=/Applications/Xcode.app/Contents/Developer/Toolchains/XcodeDefault.xctoolchain
    export DWARF_DSYM_FILE_NAME\=libEXUpdates.a.dSYM
    export DWARF_DSYM_FILE_SHOULD_ACCOMPANY_PRODUCT\=NO
    export DWARF_DSYM_FOLDER_PATH\=/Users/nathannovak/Library/Developer/Xcode/DerivedData/StraboSpot2-gztieqkdzpsbarfnoxqpkwxgfcqj/Build/Products/Debug-iphonesimulator/EXUpdates
    export DYNAMIC_LIBRARY_EXTENSION\=dylib
    export EAGER_COMPILATION_ALLOW_SCRIPTS\=NO
    export EAGER_LINKING\=NO
    export EFFECTIVE_PLATFORM_NAME\=-iphonesimulator
    export EMBEDDED_CONTENT_CONTAINS_SWIFT\=NO
    export EMBED_ASSET_PACKS_IN_PRODUCT_BUNDLE\=NO
    export ENABLE_APP_SANDBOX\=NO
    export ENABLE_CODE_COVERAGE\=YES
    export ENABLE_CPLUSPLUS_BOUNDS_SAFE_BUFFERS\=NO
    export ENABLE_C_BOUNDS_SAFETY\=NO
    export ENABLE_DEFAULT_HEADER_SEARCH_PATHS\=YES
    export ENABLE_DEFAULT_SEARCH_PATHS\=YES
    export ENABLE_ENHANCED_SECURITY\=NO
    export ENABLE_HARDENED_RUNTIME\=NO
    export ENABLE_HEADER_DEPENDENCIES\=YES
    export ENABLE_INCOMING_NETWORK_CONNECTIONS\=NO
    export ENABLE_ON_DEMAND_RESOURCES\=NO
    export ENABLE_OUTGOING_NETWORK_CONNECTIONS\=NO
    export ENABLE_POINTER_AUTHENTICATION\=NO
    export ENABLE_PREVIEWS\=NO
    export ENABLE_RESOURCE_ACCESS_AUDIO_INPUT\=NO
    export ENABLE_RESOURCE_ACCESS_BLUETOOTH\=NO
    export ENABLE_RESOURCE_ACCESS_CALENDARS\=NO
    export ENABLE_RESOURCE_ACCESS_CAMERA\=NO
    export ENABLE_RESOURCE_ACCESS_CONTACTS\=NO
    export ENABLE_RESOURCE_ACCESS_LOCATION\=NO
    export ENABLE_RESOURCE_ACCESS_PHOTO_LIBRARY\=NO
    export ENABLE_RESOURCE_ACCESS_PRINTING\=NO
    export ENABLE_RESOURCE_ACCESS_USB\=NO
    export ENABLE_SDK_IMPORTS\=NO
    export ENABLE_SECURITY_COMPILER_WARNINGS\=NO
    export ENABLE_STRICT_OBJC_MSGSEND\=YES
    export ENABLE_TESTABILITY\=YES
    export ENABLE_TESTING_SEARCH_PATHS\=NO
    export ENABLE_USER_SCRIPT_SANDBOXING\=NO
    export ENABLE_XOJIT_PREVIEWS\=YES
    export ENFORCE_VALID_ARCHS\=YES
    export ENTITLEMENTS_DESTINATION\=__entitlements
    export ENTITLEMENTS_REQUIRED\=YES
    export EXCLUDED_INSTALLSRC_SUBDIRECTORY_PATTERNS\=.DS_Store\ .svn\ .git\ .hg\ CVS
    export EXCLUDED_RECURSIVE_SEARCH_PATH_SUBDIRECTORIES\=\*.nib\ \*.lproj\ \*.framework\ \*.gch\ \*.xcode\*\ \*.xcassets\ \*.icon\ \(\*\)\ .DS_Store\ CVS\ .svn\ .git\ .hg\ \*.pbproj\ \*.pbxproj
    export EXECUTABLE_EXTENSION\=a
    export EXECUTABLE_NAME\=libEXUpdates.a
    export EXECUTABLE_PATH\=libEXUpdates.a
    export EXECUTABLE_PREFIX\=lib
    export EXECUTABLE_SUFFIX\=.a
    export FILE_LIST\=/Users/nathannovak/Library/Developer/Xcode/DerivedData/StraboSpot2-gztieqkdzpsbarfnoxqpkwxgfcqj/Build/Intermediates.noindex/Pods.build/Debug-iphonesimulator/EXUpdates.build/Objects/LinkFileList
    export FIXED_FILES_DIR\=/Users/nathannovak/Library/Developer/Xcode/DerivedData/StraboSpot2-gztieqkdzpsbarfnoxqpkwxgfcqj/Build/Intermediates.noindex/Pods.build/Debug-iphonesimulator/EXUpdates.build/FixedFiles
    export FRAMEWORK_FLAG_PREFIX\=-framework
    export FRAMEWORK_SEARCH_PATHS\=/Users/nathannovak/Library/Developer/Xcode/DerivedData/StraboSpot2-gztieqkdzpsbarfnoxqpkwxgfcqj/Build/Products/Debug-iphonesimulator/EXUpdates\ \ \"/Users/nathannovak/Development/Apps/StraboSpot2/ios/Pods/hermes-engine/destroot/Library/Frameworks/universal\"\ \"/Users/nathannovak/Library/Developer/Xcode/DerivedData/StraboSpot2-gztieqkdzpsbarfnoxqpkwxgfcqj/Build/Products/Debug-iphonesimulator/XCFrameworkIntermediates/hermes-engine/Pre-built\"
    export FRAMEWORK_VERSION\=A
    export FULL_PRODUCT_NAME\=libEXUpdates.a
    export FUSE_BUILD_PHASES\=YES
    export FUSE_BUILD_SCRIPT_PHASES\=NO
    export GCC3_VERSION\=3.3
    export GCC_C_LANGUAGE_STANDARD\=gnu11
    export GCC_DYNAMIC_NO_PIC\=NO
    export GCC_NO_COMMON_BLOCKS\=YES
    export GCC_OBJC_LEGACY_DISPATCH\=YES
    export GCC_OPTIMIZATION_LEVEL\=0
    export GCC_PFE_FILE_C_DIALECTS\=c\ objective-c\ c++\ objective-c++
    export GCC_PREFIX_HEADER\=Target\ Support\ Files/EXUpdates/EXUpdates-prefix.pch
    export GCC_PREPROCESSOR_DEFINITIONS\=POD_CONFIGURATION_DEBUG\=1\ DEBUG\=1\ \ COCOAPODS\=1
    export GCC_TREAT_IMPLICIT_FUNCTION_DECLARATIONS_AS_ERRORS\=YES
    export GCC_TREAT_INCOMPATIBLE_POINTER_TYPE_WARNINGS_AS_ERRORS\=YES
    export GCC_TREAT_WARNINGS_AS_ERRORS\=NO
    export GCC_VERSION\=com.apple.compilers.llvm.clang.1_0
    export GCC_VERSION_IDENTIFIER\=com_apple_compilers_llvm_clang_1_0
    export GCC_WARN_64_TO_32_BIT_CONVERSION\=YES
    export GCC_WARN_ABOUT_RETURN_TYPE\=YES_ERROR
    export GCC_WARN_UNDECLARED_SELECTOR\=YES
    export GCC_WARN_UNINITIALIZED_AUTOS\=YES_AGGRESSIVE
    export GCC_WARN_UNUSED_FUNCTION\=YES
    export GCC_WARN_UNUSED_VARIABLE\=YES
    export GENERATED_MODULEMAP_DIR\=/Users/nathannovak/Library/Developer/Xcode/DerivedData/StraboSpot2-gztieqkdzpsbarfnoxqpkwxgfcqj/Build/Intermediates.noindex/GeneratedModuleMaps-iphonesimulator
    export GENERATE_INFOPLIST_FILE\=NO
    export GENERATE_INTERMEDIATE_TEXT_BASED_STUBS\=YES
    export GENERATE_PKGINFO_FILE\=NO
    export GENERATE_PRELINK_OBJECT_FILE\=NO
    export GENERATE_PROFILING_CODE\=NO
    export GENERATE_TEXT_BASED_STUBS\=NO
    export GID\=20
    export GROUP\=staff
    export HEADERMAP_INCLUDES_FLAT_ENTRIES_FOR_TARGET_BEING_BUILT\=YES
    export HEADERMAP_INCLUDES_FRAMEWORK_ENTRIES_FOR_ALL_PRODUCT_TYPES\=YES
    export HEADERMAP_INCLUDES_FRAMEWORK_ENTRIES_FOR_TARGETS_NOT_BEING_BUILT\=YES
    export HEADERMAP_INCLUDES_NONPUBLIC_NONPRIVATE_HEADERS\=YES
    export HEADERMAP_INCLUDES_PROJECT_HEADERS\=YES
    export HEADERMAP_USES_FRAMEWORK_PREFIX_ENTRIES\=YES
    export HEADERMAP_USES_VFS\=YES
    export HEADER_SEARCH_PATHS\=/Users/nathannovak/Library/Developer/Xcode/DerivedData/StraboSpot2-gztieqkdzpsbarfnoxqpkwxgfcqj/Build/Products/Debug-iphonesimulator/EXUpdates/include\ \ \"/Users/nathannovak/Development/Apps/StraboSpot2/ios/Pods/Headers/Private\"\ \"/Users/nathannovak/Development/Apps/StraboSpot2/ios/Pods/Headers/Private/EXUpdates\"\ \"/Users/nathannovak/Development/Apps/StraboSpot2/ios/Pods/Headers/Public\"\ \"/Users/nathannovak/Development/Apps/StraboSpot2/ios/Pods/Headers/Public/DoubleConversion\"\ \"/Users/nathannovak/Development/Apps/StraboSpot2/ios/Pods/Headers/Public/ExpoModulesCore\"\ \"/Users/nathannovak/Development/Apps/StraboSpot2/ios/Pods/Headers/Public/FBLazyVector\"\ \"/Users/nathannovak/Development/Apps/StraboSpot2/ios/Pods/Headers/Public/RCT-Folly\"\ \"/Users/nathannovak/Development/Apps/StraboSpot2/ios/Pods/Headers/Public/RCTRequired\"\ \"/Users/nathannovak/Development/Apps/StraboSpot2/ios/Pods/Headers/Public/RCTTypeSafety\"\ \"/Users/nathannovak/Development/Apps/StraboSpot2/ios/Pods/Headers/Public/React-Core\"\ \"/Users/nathannovak/Development/Apps/StraboSpot2/ios/Pods/Headers/Public/React-Fabric\"\ \"/Users/nathannovak/Development/Apps/StraboSpot2/ios/Pods/Headers/Public/React-FabricComponents\"\ \"/Users/nathannovak/Development/Apps/StraboSpot2/ios/Pods/Headers/Public/React-FabricImage\"\ \"/Users/nathannovak/Development/Apps/StraboSpot2/ios/Pods/Headers/Public/React-ImageManager\"\ \"/Users/nathannovak/Development/Apps/StraboSpot2/ios/Pods/Headers/Public/React-Mapbuffer\"\ \"/Users/nathannovak/Development/Apps/StraboSpot2/ios/Pods/Headers/Public/React-NativeModulesApple\"\ \"/Users/nathannovak/Development/Apps/StraboSpot2/ios/Pods/Headers/Public/React-RCTAnimation\"\ \"/Users/nathannovak/Development/Apps/StraboSpot2/ios/Pods/Headers/Public/React-RCTBlob\"\ \"/Users/nathannovak/Development/Apps/StraboSpot2/ios/Pods/Headers/Public/React-RCTFBReactNativeSpec\"\ \"/Users/nathannovak/Development/Apps/StraboSpot2/ios/Pods/Headers/Public/React-RCTFabric\"\ \"/Users/nathannovak/Development/Apps/StraboSpot2/ios/Pods/Headers/Public/React-RCTRuntime\"\ \"/Users/nathannovak/Development/Apps/StraboSpot2/ios/Pods/Headers/Public/React-RCTText\"\ \"/Users/nathannovak/Development/Apps/StraboSpot2/ios/Pods/Headers/Public/React-RuntimeApple\"\ \"/Users/nathannovak/Development/Apps/StraboSpot2/ios/Pods/Headers/Public/React-RuntimeCore\"\ \"/Users/nathannovak/Development/Apps/StraboSpot2/ios/Pods/Headers/Public/React-RuntimeHermes\"\ \"/Users/nathannovak/Development/Apps/StraboSpot2/ios/Pods/Headers/Public/React-callinvoker\"\ \"/Users/nathannovak/Development/Apps/StraboSpot2/ios/Pods/Headers/Public/React-cxxreact\"\ \"/Users/nathannovak/Development/Apps/StraboSpot2/ios/Pods/Headers/Public/React-debug\"\ \"/Users/nathannovak/Development/Apps/StraboSpot2/ios/Pods/Headers/Public/React-defaultsnativemodule\"\ \"/Users/nathannovak/Development/Apps/StraboSpot2/ios/Pods/Headers/Public/React-domnativemodule\"\ \"/Users/nathannovak/Development/Apps/StraboSpot2/ios/Pods/Headers/Public/React-featureflags\"\ \"/Users/nathannovak/Development/Apps/StraboSpot2/ios/Pods/Headers/Public/React-featureflagsnativemodule\"\ \"/Users/nathannovak/Development/Apps/StraboSpot2/ios/Pods/Headers/Public/React-graphics\"\ \"/Users/nathannovak/Development/Apps/StraboSpot2/ios/Pods/Headers/Public/React-hermes\"\ \"/Users/nathannovak/Development/Apps/StraboSpot2/ios/Pods/Headers/Public/React-idlecallbacksnativemodule\"\ \"/Users/nathannovak/Development/Apps/StraboSpot2/ios/Pods/Headers/Public/React-jserrorhandler\"\ \"/Users/nathannovak/Development/Apps/StraboSpot2/ios/Pods/Headers/Public/React-jsi\"\ \"/Users/nathannovak/Development/Apps/StraboSpot2/ios/Pods/Headers/Public/React-jsiexecutor\"\ \"/Users/nathannovak/Development/Apps/StraboSpot2/ios/Pods/Headers/Public/React-jsinspector\"\ \"/Users/nathannovak/Development/Apps/StraboSpot2/ios/Pods/Headers/Public/React-jsinspectortracing\"\ \"/Users/nathannovak/Development/Apps/StraboSpot2/ios/Pods/Headers/Public/React-jsitooling\"\ \"/Users/nathannovak/Development/Apps/StraboSpot2/ios/Pods/Headers/Public/React-logger\"\ \"/Users/nathannovak/Development/Apps/StraboSpot2/ios/Pods/Headers/Public/React-microtasksnativemodule\"\ \"/Users/nathannovak/Development/Apps/StraboSpot2/ios/Pods/Headers/Public/React-oscompat\"\ \"/Users/nathannovak/Development/Apps/StraboSpot2/ios/Pods/Headers/Public/React-perflogger\"\ \"/Users/nathannovak/Development/Apps/StraboSpot2/ios/Pods/Headers/Public/React-performancetimeline\"\ \"/Users/nathannovak/Development/Apps/StraboSpot2/ios/Pods/Headers/Public/React-rendererconsistency\"\ \"/Users/nathannovak/Development/Apps/StraboSpot2/ios/Pods/Headers/Public/React-renderercss\"\ \"/Users/nathannovak/Development/Apps/StraboSpot2/ios/Pods/Headers/Public/React-rendererdebug\"\ \"/Users/nathannovak/Development/Apps/StraboSpot2/ios/Pods/Headers/Public/React-runtimeexecutor\"\ \"/Users/nathannovak/Development/Apps/StraboSpot2/ios/Pods/Headers/Public/React-runtimescheduler\"\ \"/Users/nathannovak/Development/Apps/StraboSpot2/ios/Pods/Headers/Public/React-timing\"\ \"/Users/nathannovak/Development/Apps/StraboSpot2/ios/Pods/Headers/Public/React-utils\"\ \"/Users/nathannovak/Development/Apps/StraboSpot2/ios/Pods/Headers/Public/ReactCodegen\"\ \"/Users/nathannovak/Development/Apps/StraboSpot2/ios/Pods/Headers/Public/ReactCommon\"\ \"/Users/nathannovak/Development/Apps/StraboSpot2/ios/Pods/Headers/Public/Yoga\"\ \"/Users/nathannovak/Development/Apps/StraboSpot2/ios/Pods/Headers/Public/boost\"\ \"/Users/nathannovak/Development/Apps/StraboSpot2/ios/Pods/Headers/Public/fast_float\"\ \"/Users/nathannovak/Development/Apps/StraboSpot2/ios/Pods/Headers/Public/fmt\"\ \"/Users/nathannovak/Development/Apps/StraboSpot2/ios/Pods/Headers/Public/glog\"\ \"/Users/nathannovak/Development/Apps/StraboSpot2/ios/Pods/Headers/Public/hermes-engine\"
    export HOME\=/Users/nathannovak
    export HOST_ARCH\=x86_64
    export HOST_PLATFORM\=macosx
    export ICONV\=/usr/bin/iconv
    export IMPLICIT_DEPENDENCY_DOMAIN\=default
    export INFOPLIST_ENABLE_CFBUNDLEICONS_MERGE\=YES
    export INFOPLIST_EXPAND_BUILD_SETTINGS\=YES
    export INFOPLIST_OUTPUT_FORMAT\=binary
    export INFOPLIST_PREPROCESS\=NO
    export INLINE_PRIVATE_FRAMEWORKS\=NO
    export INSTALLAPI_IGNORE_SKIP_INSTALL\=YES
    export INSTALLHDRS_COPY_PHASE\=NO
    export INSTALLHDRS_SCRIPT_PHASE\=NO
    export INSTALL_DIR\=/tmp/Pods.dst/usr/local/lib
    export INSTALL_GROUP\=staff
    export INSTALL_MODE_FLAG\=u+w,go-w,a+rX
    export INSTALL_OWNER\=nathannovak
    export INSTALL_PATH\=/usr/local/lib
    export INSTALL_ROOT\=/tmp/Pods.dst
    export IPHONEOS_DEPLOYMENT_TARGET\=15.1
    export IS_UNOPTIMIZED_BUILD\=YES
    export JAVAC_DEFAULT_FLAGS\=-J-Xms64m\ -J-XX:NewSize\=4M\ -J-Dfile.encoding\=UTF8
    export JAVA_APP_STUB\=/System/Library/Frameworks/JavaVM.framework/Resources/MacOS/JavaApplicationStub
    export JAVA_ARCHIVE_CLASSES\=YES
    export JAVA_ARCHIVE_TYPE\=JAR
    export JAVA_COMPILER\=/usr/bin/javac
    export JAVA_FRAMEWORK_RESOURCES_DIRS\=Resources
    export JAVA_JAR_FLAGS\=cv
    export JAVA_SOURCE_SUBDIR\=.
    export JAVA_USE_DEPENDENCIES\=YES
    export JAVA_ZIP_FLAGS\=-urg
    export JIKES_DEFAULT_FLAGS\=+E\ +OLDCSO
    export KEEP_PRIVATE_EXTERNS\=NO
    export LD_DEPENDENCY_INFO_FILE\=/Users/nathannovak/Library/Developer/Xcode/DerivedData/StraboSpot2-gztieqkdzpsbarfnoxqpkwxgfcqj/Build/Intermediates.noindex/Pods.build/Debug-iphonesimulator/EXUpdates.build/Objects-normal/undefined_arch/EXUpdates_dependency_info.dat
    export LD_EXPORT_SYMBOLS\=YES
    export LD_GENERATE_MAP_FILE\=NO
    export LD_MAP_FILE_PATH\=/Users/nathannovak/Library/Developer/Xcode/DerivedData/StraboSpot2-gztieqkdzpsbarfnoxqpkwxgfcqj/Build/Intermediates.noindex/Pods.build/Debug-iphonesimulator/EXUpdates.build/EXUpdates-LinkMap-normal-undefined_arch.txt
    export LD_NO_PIE\=NO
    export LD_QUOTE_LINKER_ARGUMENTS_FOR_COMPILER_DRIVER\=YES
    export LD_SHARED_CACHE_ELIGIBLE\=Automatic
    export LD_WARN_DUPLICATE_LIBRARIES\=NO
    export LD_WARN_UNUSED_DYLIBS\=NO
    export LEGACY_DEVELOPER_DIR\=/Applications/Xcode.app/Contents/PlugIns/Xcode3Core.ideplugin/Contents/SharedSupport/Developer
    export LEX\=lex
    export LIBRARY_DEXT_INSTALL_PATH\=/Library/DriverExtensions
    export LIBRARY_FLAG_NOSPACE\=YES
    export LIBRARY_FLAG_PREFIX\=-l
    export LIBRARY_KEXT_INSTALL_PATH\=/Library/Extensions
    export LIBRARY_SEARCH_PATHS\=/Users/nathannovak/Library/Developer/Xcode/DerivedData/StraboSpot2-gztieqkdzpsbarfnoxqpkwxgfcqj/Build/Products/Debug-iphonesimulator/EXUpdates\ 
    export LINKER_DISPLAYS_MANGLED_NAMES\=NO
    export LINK_FILE_LIST_normal_x86_64\=/Users/nathannovak/Library/Developer/Xcode/DerivedData/StraboSpot2-gztieqkdzpsbarfnoxqpkwxgfcqj/Build/Intermediates.noindex/Pods.build/Debug-iphonesimulator/EXUpdates.build/Objects-normal/x86_64/EXUpdates.LinkFileList
    export LINK_OBJC_RUNTIME\=YES
    export LINK_WITH_STANDARD_LIBRARIES\=YES
    export LLVM_TARGET_TRIPLE_OS_VERSION\=ios15.1
    export LLVM_TARGET_TRIPLE_SUFFIX\=-simulator
    export LLVM_TARGET_TRIPLE_VENDOR\=apple
    export LM_AUX_CONST_METADATA_LIST_PATH_normal_x86_64\=/Users/nathannovak/Library/Developer/Xcode/DerivedData/StraboSpot2-gztieqkdzpsbarfnoxqpkwxgfcqj/Build/Intermediates.noindex/Pods.build/Debug-iphonesimulator/EXUpdates.build/Objects-normal/x86_64/EXUpdates.SwiftConstValuesFileList
    export LOCALIZATION_EXPORT_SUPPORTED\=YES
    export LOCALIZATION_PREFERS_STRING_CATALOGS\=NO
    export LOCALIZED_STRING_MACRO_NAMES\=NSLocalizedString\ CFCopyLocalizedString
    export LOCALIZED_STRING_SWIFTUI_SUPPORT\=YES
    export LOCAL_ADMIN_APPS_DIR\=/Applications/Utilities
    export LOCAL_APPS_DIR\=/Applications
    export LOCAL_DEVELOPER_DIR\=/Library/Developer
    export LOCAL_LIBRARY_DIR\=/Library
    export LOCROOT\=/Users/nathannovak/Development/Apps/StraboSpot2/ios/Pods
    export LOCSYMROOT\=/Users/nathannovak/Development/Apps/StraboSpot2/ios/Pods
    export MACH_O_TYPE\=staticlib
    export MAC_OS_X_PRODUCT_BUILD_VERSION\=24G231
    export MAC_OS_X_VERSION_ACTUAL\=150701
    export MAC_OS_X_VERSION_MAJOR\=150000
    export MAC_OS_X_VERSION_MINOR\=150700
    export MAKE_MERGEABLE\=NO
    export MERGEABLE_LIBRARY\=NO
    export MERGED_BINARY_TYPE\=none
    export MERGE_LINKED_LIBRARIES\=NO
    export METAL_LIBRARY_FILE_BASE\=default
    export METAL_LIBRARY_OUTPUT_DIR\=/Users/nathannovak/Library/Developer/Xcode/DerivedData/StraboSpot2-gztieqkdzpsbarfnoxqpkwxgfcqj/Build/Products/Debug-iphonesimulator/EXUpdates/
    export MODULEMAP_FILE\=Headers/Public/EXUpdates/EXUpdates.modulemap
    export MODULE_CACHE_DIR\=/Users/nathannovak/Library/Developer/Xcode/DerivedData/ModuleCache.noindex
    export MTL_ENABLE_DEBUG_INFO\=INCLUDE_SOURCE
    export MTL_FAST_MATH\=YES
    export NATIVE_ARCH\=x86_64
    export NATIVE_ARCH_32_BIT\=i386
    export NATIVE_ARCH_64_BIT\=x86_64
    export NATIVE_ARCH_ACTUAL\=x86_64
    export NO_COMMON\=YES
    export OBJC_ABI_VERSION\=2
    export OBJECT_FILE_DIR\=/Users/nathannovak/Library/Developer/Xcode/DerivedData/StraboSpot2-gztieqkdzpsbarfnoxqpkwxgfcqj/Build/Intermediates.noindex/Pods.build/Debug-iphonesimulator/EXUpdates.build/Objects
    export OBJECT_FILE_DIR_normal\=/Users/nathannovak/Library/Developer/Xcode/DerivedData/StraboSpot2-gztieqkdzpsbarfnoxqpkwxgfcqj/Build/Intermediates.noindex/Pods.build/Debug-iphonesimulator/EXUpdates.build/Objects-normal
    export OBJROOT\=/Users/nathannovak/Library/Developer/Xcode/DerivedData/StraboSpot2-gztieqkdzpsbarfnoxqpkwxgfcqj/Build/Intermediates.noindex
    export ONLY_ACTIVE_ARCH\=YES
    export OS\=MACOS
    export OSAC\=/usr/bin/osacompile
    export OTHER_CFLAGS\=\ -fmodule-map-file\=\"/Users/nathannovak/Library/Developer/Xcode/DerivedData/StraboSpot2-gztieqkdzpsbarfnoxqpkwxgfcqj/Build/Products/Debug-iphonesimulator/EASClient/EASClient.modulemap\"\ -fmodule-map-file\=\"/Users/nathannovak/Library/Developer/Xcode/DerivedData/StraboSpot2-gztieqkdzpsbarfnoxqpkwxgfcqj/Build/Products/Debug-iphonesimulator/EXManifests/EXManifests.modulemap\"\ -fmodule-map-file\=\"/Users/nathannovak/Library/Developer/Xcode/DerivedData/StraboSpot2-gztieqkdzpsbarfnoxqpkwxgfcqj/Build/Products/Debug-iphonesimulator/EXUpdatesInterface/EXUpdatesInterface.modulemap\"\ -fmodule-map-file\=\"/Users/nathannovak/Library/Developer/Xcode/DerivedData/StraboSpot2-gztieqkdzpsbarfnoxqpkwxgfcqj/Build/Products/Debug-iphonesimulator/ExpoModulesCore/ExpoModulesCore.modulemap\"\ -fmodule-map-file\=\"/Users/nathannovak/Library/Developer/Xcode/DerivedData/StraboSpot2-gztieqkdzpsbarfnoxqpkwxgfcqj/Build/Products/Debug-iphonesimulator/ReachabilitySwift/Reachability.modulemap\"\ -fmodule-map-file\=\"/Users/nathannovak/Development/Apps/StraboSpot2/ios/Pods/Headers/Public/DoubleConversion/DoubleConversion.modulemap\"\ -fmodule-map-file\=\"/Users/nathannovak/Development/Apps/StraboSpot2/ios/Pods/Headers/Public/EXStructuredHeaders/EXStructuredHeaders.modulemap\"\ -fmodule-map-file\=\"/Users/nathannovak/Development/Apps/StraboSpot2/ios/Pods/Headers/Public/RCTDeprecation/RCTDeprecation.modulemap\"\ -fmodule-map-file\=\"/Users/nathannovak/Development/Apps/StraboSpot2/ios/Pods/Headers/Public/RCTFabric/React-RCTFabric.modulemap\"\ -fmodule-map-file\=\"/Users/nathannovak/Development/Apps/StraboSpot2/ios/Pods/Headers/Public/RCTRuntime/React-RCTRuntime.modulemap\"\ -fmodule-map-file\=\"/Users/nathannovak/Development/Apps/StraboSpot2/ios/Pods/Headers/Public/RCTTypeSafety/RCTTypeSafety.modulemap\"\ -fmodule-map-file\=\"/Users/nathannovak/Development/Apps/StraboSpot2/ios/Pods/Headers/Public/React/React-Core.modulemap\"\ -fmodule-map-file\=\"/Users/nathannovak/Development/Apps/StraboSpot2/ios/Pods/Headers/Public/ReactCodegen/ReactCodegen.modulemap\"\ -fmodule-map-file\=\"/Users/nathannovak/Development/Apps/StraboSpot2/ios/Pods/Headers/Public/ReactCommon/ReactCommon.modulemap\"\ -fmodule-map-file\=\"/Users/nathannovak/Development/Apps/StraboSpot2/ios/Pods/Headers/Public/React_Fabric/React-Fabric.modulemap\"\ -fmodule-map-file\=\"/Users/nathannovak/Development/Apps/StraboSpot2/ios/Pods/Headers/Public/React_FabricComponents/React-FabricComponents.modulemap\"\ -fmodule-map-file\=\"/Users/nathannovak/Development/Apps/StraboSpot2/ios/Pods/Headers/Public/React_NativeModulesApple/React-NativeModulesApple.modulemap\"\ -fmodule-map-file\=\"/Users/nathannovak/Development/Apps/StraboSpot2/ios/Pods/Headers/Public/React_RCTAppDelegate/React-RCTAppDelegate.modulemap\"\ -fmodule-map-file\=\"/Users/nathannovak/Development/Apps/StraboSpot2/ios/Pods/Headers/Public/folly/RCT-Folly.modulemap\"\ -fmodule-map-file\=\"/Users/nathannovak/Development/Apps/StraboSpot2/ios/Pods/Headers/Public/glog/glog.modulemap\"\ -fmodule-map-file\=\"/Users/nathannovak/Development/Apps/StraboSpot2/ios/Pods/Headers/Public/jsi/React-jsi.modulemap\"\ -fmodule-map-file\=\"/Users/nathannovak/Development/Apps/StraboSpot2/ios/Pods/Headers/Public/jsinspector_modern/React-jsinspector.modulemap\"\ -fmodule-map-file\=\"/Users/nathannovak/Development/Apps/StraboSpot2/ios/Pods/Headers/Public/jsinspector_modern_tracing/React-jsinspectortracing.modulemap\"\ -fmodule-map-file\=\"/Users/nathannovak/Development/Apps/StraboSpot2/ios/Pods/Headers/Public/react_debug/React-debug.modulemap\"\ -fmodule-map-file\=\"/Users/nathannovak/Development/Apps/StraboSpot2/ios/Pods/Headers/Public/react_featureflags/React-featureflags.modulemap\"\ -fmodule-map-file\=\"/Users/nathannovak/Development/Apps/StraboSpot2/ios/Pods/Headers/Public/react_nativemodule_defaults/React-defaultsnativemodule.modulemap\"\ -fmodule-map-file\=\"/Users/nathannovak/Development/Apps/StraboSpot2/ios/Pods/Headers/Public/react_nativemodule_dom/React-domnativemodule.modulemap\"\ -fmodule-map-file\=\"/Users/nathannovak/Development/Apps/StraboSpot2/ios/Pods/Headers/Public/react_nativemodule_featureflags/React-featureflagsnativemodule.modulemap\"\ -fmodule-map-file\=\"/Users/nathannovak/Development/Apps/StraboSpot2/ios/Pods/Headers/Public/react_nativemodule_idlecallbacks/React-idlecallbacksnativemodule.modulemap\"\ -fmodule-map-file\=\"/Users/nathannovak/Development/Apps/StraboSpot2/ios/Pods/Headers/Public/react_nativemodule_microtasks/React-microtasksnativemodule.modulemap\"\ -fmodule-map-file\=\"/Users/nathannovak/Development/Apps/StraboSpot2/ios/Pods/Headers/Public/react_renderer_css/React-renderercss.modulemap\"\ -fmodule-map-file\=\"/Users/nathannovak/Development/Apps/StraboSpot2/ios/Pods/Headers/Public/react_renderer_debug/React-rendererdebug.modulemap\"\ -fmodule-map-file\=\"/Users/nathannovak/Development/Apps/StraboSpot2/ios/Pods/Headers/Public/react_renderer_graphics/React-graphics.modulemap\"\ -fmodule-map-file\=\"/Users/nathannovak/Development/Apps/StraboSpot2/ios/Pods/Headers/Public/react_renderer_imagemanager/React-ImageManager.modulemap\"\ -fmodule-map-file\=\"/Users/nathannovak/Development/Apps/StraboSpot2/ios/Pods/Headers/Public/react_runtime/React-jsitooling.modulemap\"\ -fmodule-map-file\=\"/Users/nathannovak/Development/Apps/StraboSpot2/ios/Pods/Headers/Public/react_utils/React-utils.modulemap\"\ -fmodule-map-file\=\"/Users/nathannovak/Development/Apps/StraboSpot2/ios/Pods/Headers/Public/reacthermes/React-hermes.modulemap\"\ -fmodule-map-file\=\"/Users/nathannovak/Development/Apps/StraboSpot2/ios/Pods/Headers/Public/yoga/Yoga.modulemap\"
    export OTHER_CPLUSPLUSFLAGS\=\ -fmodule-map-file\=\"/Users/nathannovak/Library/Developer/Xcode/DerivedData/StraboSpot2-gztieqkdzpsbarfnoxqpkwxgfcqj/Build/Products/Debug-iphonesimulator/EASClient/EASClient.modulemap\"\ -fmodule-map-file\=\"/Users/nathannovak/Library/Developer/Xcode/DerivedData/StraboSpot2-gztieqkdzpsbarfnoxqpkwxgfcqj/Build/Products/Debug-iphonesimulator/EXManifests/EXManifests.modulemap\"\ -fmodule-map-file\=\"/Users/nathannovak/Library/Developer/Xcode/DerivedData/StraboSpot2-gztieqkdzpsbarfnoxqpkwxgfcqj/Build/Products/Debug-iphonesimulator/EXUpdatesInterface/EXUpdatesInterface.modulemap\"\ -fmodule-map-file\=\"/Users/nathannovak/Library/Developer/Xcode/DerivedData/StraboSpot2-gztieqkdzpsbarfnoxqpkwxgfcqj/Build/Products/Debug-iphonesimulator/ExpoModulesCore/ExpoModulesCore.modulemap\"\ -fmodule-map-file\=\"/Users/nathannovak/Library/Developer/Xcode/DerivedData/StraboSpot2-gztieqkdzpsbarfnoxqpkwxgfcqj/Build/Products/Debug-iphonesimulator/ReachabilitySwift/Reachability.modulemap\"\ -fmodule-map-file\=\"/Users/nathannovak/Development/Apps/StraboSpot2/ios/Pods/Headers/Public/DoubleConversion/DoubleConversion.modulemap\"\ -fmodule-map-file\=\"/Users/nathannovak/Development/Apps/StraboSpot2/ios/Pods/Headers/Public/EXStructuredHeaders/EXStructuredHeaders.modulemap\"\ -fmodule-map-file\=\"/Users/nathannovak/Development/Apps/StraboSpot2/ios/Pods/Headers/Public/RCTDeprecation/RCTDeprecation.modulemap\"\ -fmodule-map-file\=\"/Users/nathannovak/Development/Apps/StraboSpot2/ios/Pods/Headers/Public/RCTFabric/React-RCTFabric.modulemap\"\ -fmodule-map-file\=\"/Users/nathannovak/Development/Apps/StraboSpot2/ios/Pods/Headers/Public/RCTRuntime/React-RCTRuntime.modulemap\"\ -fmodule-map-file\=\"/Users/nathannovak/Development/Apps/StraboSpot2/ios/Pods/Headers/Public/RCTTypeSafety/RCTTypeSafety.modulemap\"\ -fmodule-map-file\=\"/Users/nathannovak/Development/Apps/StraboSpot2/ios/Pods/Headers/Public/React/React-Core.modulemap\"\ -fmodule-map-file\=\"/Users/nathannovak/Development/Apps/StraboSpot2/ios/Pods/Headers/Public/ReactCodegen/ReactCodegen.modulemap\"\ -fmodule-map-file\=\"/Users/nathannovak/Development/Apps/StraboSpot2/ios/Pods/Headers/Public/ReactCommon/ReactCommon.modulemap\"\ -fmodule-map-file\=\"/Users/nathannovak/Development/Apps/StraboSpot2/ios/Pods/Headers/Public/React_Fabric/React-Fabric.modulemap\"\ -fmodule-map-file\=\"/Users/nathannovak/Development/Apps/StraboSpot2/ios/Pods/Headers/Public/React_FabricComponents/React-FabricComponents.modulemap\"\ -fmodule-map-file\=\"/Users/nathannovak/Development/Apps/StraboSpot2/ios/Pods/Headers/Public/React_NativeModulesApple/React-NativeModulesApple.modulemap\"\ -fmodule-map-file\=\"/Users/nathannovak/Development/Apps/StraboSpot2/ios/Pods/Headers/Public/React_RCTAppDelegate/React-RCTAppDelegate.modulemap\"\ -fmodule-map-file\=\"/Users/nathannovak/Development/Apps/StraboSpot2/ios/Pods/Headers/Public/folly/RCT-Folly.modulemap\"\ -fmodule-map-file\=\"/Users/nathannovak/Development/Apps/StraboSpot2/ios/Pods/Headers/Public/glog/glog.modulemap\"\ -fmodule-map-file\=\"/Users/nathannovak/Development/Apps/StraboSpot2/ios/Pods/Headers/Public/jsi/React-jsi.modulemap\"\ -fmodule-map-file\=\"/Users/nathannovak/Development/Apps/StraboSpot2/ios/Pods/Headers/Public/jsinspector_modern/React-jsinspector.modulemap\"\ -fmodule-map-file\=\"/Users/nathannovak/Development/Apps/StraboSpot2/ios/Pods/Headers/Public/jsinspector_modern_tracing/React-jsinspectortracing.modulemap\"\ -fmodule-map-file\=\"/Users/nathannovak/Development/Apps/StraboSpot2/ios/Pods/Headers/Public/react_debug/React-debug.modulemap\"\ -fmodule-map-file\=\"/Users/nathannovak/Development/Apps/StraboSpot2/ios/Pods/Headers/Public/react_featureflags/React-featureflags.modulemap\"\ -fmodule-map-file\=\"/Users/nathannovak/Development/Apps/StraboSpot2/ios/Pods/Headers/Public/react_nativemodule_defaults/React-defaultsnativemodule.modulemap\"\ -fmodule-map-file\=\"/Users/nathannovak/Development/Apps/StraboSpot2/ios/Pods/Headers/Public/react_nativemodule_dom/React-domnativemodule.modulemap\"\ -fmodule-map-file\=\"/Users/nathannovak/Development/Apps/StraboSpot2/ios/Pods/Headers/Public/react_nativemodule_featureflags/React-featureflagsnativemodule.modulemap\"\ -fmodule-map-file\=\"/Users/nathannovak/Development/Apps/StraboSpot2/ios/Pods/Headers/Public/react_nativemodule_idlecallbacks/React-idlecallbacksnativemodule.modulemap\"\ -fmodule-map-file\=\"/Users/nathannovak/Development/Apps/StraboSpot2/ios/Pods/Headers/Public/react_nativemodule_microtasks/React-microtasksnativemodule.modulemap\"\ -fmodule-map-file\=\"/Users/nathannovak/Development/Apps/StraboSpot2/ios/Pods/Headers/Public/react_renderer_css/React-renderercss.modulemap\"\ -fmodule-map-file\=\"/Users/nathannovak/Development/Apps/StraboSpot2/ios/Pods/Headers/Public/react_renderer_debug/React-rendererdebug.modulemap\"\ -fmodule-map-file\=\"/Users/nathannovak/Development/Apps/StraboSpot2/ios/Pods/Headers/Public/react_renderer_graphics/React-graphics.modulemap\"\ -fmodule-map-file\=\"/Users/nathannovak/Development/Apps/StraboSpot2/ios/Pods/Headers/Public/react_renderer_imagemanager/React-ImageManager.modulemap\"\ -fmodule-map-file\=\"/Users/nathannovak/Development/Apps/StraboSpot2/ios/Pods/Headers/Public/react_runtime/React-jsitooling.modulemap\"\ -fmodule-map-file\=\"/Users/nathannovak/Development/Apps/StraboSpot2/ios/Pods/Headers/Public/react_utils/React-utils.modulemap\"\ -fmodule-map-file\=\"/Users/nathannovak/Development/Apps/StraboSpot2/ios/Pods/Headers/Public/reacthermes/React-hermes.modulemap\"\ -fmodule-map-file\=\"/Users/nathannovak/Development/Apps/StraboSpot2/ios/Pods/Headers/Public/yoga/Yoga.modulemap\"
    export OTHER_SWIFT_FLAGS\=\ -D\ COCOAPODS\ -Xcc\ -fmodule-map-file\=\"/Users/nathannovak/Library/Developer/Xcode/DerivedData/StraboSpot2-gztieqkdzpsbarfnoxqpkwxgfcqj/Build/Products/Debug-iphonesimulator/EASClient/EASClient.modulemap\"\ -Xcc\ -fmodule-map-file\=\"/Users/nathannovak/Library/Developer/Xcode/DerivedData/StraboSpot2-gztieqkdzpsbarfnoxqpkwxgfcqj/Build/Products/Debug-iphonesimulator/EXManifests/EXManifests.modulemap\"\ -Xcc\ -fmodule-map-file\=\"/Users/nathannovak/Library/Developer/Xcode/DerivedData/StraboSpot2-gztieqkdzpsbarfnoxqpkwxgfcqj/Build/Products/Debug-iphonesimulator/EXUpdatesInterface/EXUpdatesInterface.modulemap\"\ -Xcc\ -fmodule-map-file\=\"/Users/nathannovak/Library/Developer/Xcode/DerivedData/StraboSpot2-gztieqkdzpsbarfnoxqpkwxgfcqj/Build/Products/Debug-iphonesimulator/ExpoModulesCore/ExpoModulesCore.modulemap\"\ -Xcc\ -fmodule-map-file\=\"/Users/nathannovak/Library/Developer/Xcode/DerivedData/StraboSpot2-gztieqkdzpsbarfnoxqpkwxgfcqj/Build/Products/Debug-iphonesimulator/ReachabilitySwift/Reachability.modulemap\"\ -Xcc\ -fmodule-map-file\=\"/Users/nathannovak/Development/Apps/StraboSpot2/ios/Pods/Headers/Public/DoubleConversion/DoubleConversion.modulemap\"\ -Xcc\ -fmodule-map-file\=\"/Users/nathannovak/Development/Apps/StraboSpot2/ios/Pods/Headers/Public/EXStructuredHeaders/EXStructuredHeaders.modulemap\"\ -Xcc\ -fmodule-map-file\=\"/Users/nathannovak/Development/Apps/StraboSpot2/ios/Pods/Headers/Public/RCTDeprecation/RCTDeprecation.modulemap\"\ -Xcc\ -fmodule-map-file\=\"/Users/nathannovak/Development/Apps/StraboSpot2/ios/Pods/Headers/Public/RCTFabric/React-RCTFabric.modulemap\"\ -Xcc\ -fmodule-map-file\=\"/Users/nathannovak/Development/Apps/StraboSpot2/ios/Pods/Headers/Public/RCTRuntime/React-RCTRuntime.modulemap\"\ -Xcc\ -fmodule-map-file\=\"/Users/nathannovak/Development/Apps/StraboSpot2/ios/Pods/Headers/Public/RCTTypeSafety/RCTTypeSafety.modulemap\"\ -Xcc\ -fmodule-map-file\=\"/Users/nathannovak/Development/Apps/StraboSpot2/ios/Pods/Headers/Public/React/React-Core.modulemap\"\ -Xcc\ -fmodule-map-file\=\"/Users/nathannovak/Development/Apps/StraboSpot2/ios/Pods/Headers/Public/ReactCodegen/ReactCodegen.modulemap\"\ -Xcc\ -fmodule-map-file\=\"/Users/nathannovak/Development/Apps/StraboSpot2/ios/Pods/Headers/Public/ReactCommon/ReactCommon.modulemap\"\ -Xcc\ -fmodule-map-file\=\"/Users/nathannovak/Development/Apps/StraboSpot2/ios/Pods/Headers/Public/React_Fabric/React-Fabric.modulemap\"\ -Xcc\ -fmodule-map-file\=\"/Users/nathannovak/Development/Apps/StraboSpot2/ios/Pods/Headers/Public/React_FabricComponents/React-FabricComponents.modulemap\"\ -Xcc\ -fmodule-map-file\=\"/Users/nathannovak/Development/Apps/StraboSpot2/ios/Pods/Headers/Public/React_NativeModulesApple/React-NativeModulesApple.modulemap\"\ -Xcc\ -fmodule-map-file\=\"/Users/nathannovak/Development/Apps/StraboSpot2/ios/Pods/Headers/Public/React_RCTAppDelegate/React-RCTAppDelegate.modulemap\"\ -Xcc\ -fmodule-map-file\=\"/Users/nathannovak/Development/Apps/StraboSpot2/ios/Pods/Headers/Public/folly/RCT-Folly.modulemap\"\ -Xcc\ -fmodule-map-file\=\"/Users/nathannovak/Development/Apps/StraboSpot2/ios/Pods/Headers/Public/glog/glog.modulemap\"\ -Xcc\ -fmodule-map-file\=\"/Users/nathannovak/Development/Apps/StraboSpot2/ios/Pods/Headers/Public/jsi/React-jsi.modulemap\"\ -Xcc\ -fmodule-map-file\=\"/Users/nathannovak/Development/Apps/StraboSpot2/ios/Pods/Headers/Public/jsinspector_modern/React-jsinspector.modulemap\"\ -Xcc\ -fmodule-map-file\=\"/Users/nathannovak/Development/Apps/StraboSpot2/ios/Pods/Headers/Public/jsinspector_modern_tracing/React-jsinspectortracing.modulemap\"\ -Xcc\ -fmodule-map-file\=\"/Users/nathannovak/Development/Apps/StraboSpot2/ios/Pods/Headers/Public/react_debug/React-debug.modulemap\"\ -Xcc\ -fmodule-map-file\=\"/Users/nathannovak/Development/Apps/StraboSpot2/ios/Pods/Headers/Public/react_featureflags/React-featureflags.modulemap\"\ -Xcc\ -fmodule-map-file\=\"/Users/nathannovak/Development/Apps/StraboSpot2/ios/Pods/Headers/Public/react_nativemodule_defaults/React-defaultsnativemodule.modulemap\"\ -Xcc\ -fmodule-map-file\=\"/Users/nathannovak/Development/Apps/StraboSpot2/ios/Pods/Headers/Public/react_nativemodule_dom/React-domnativemodule.modulemap\"\ -Xcc\ -fmodule-map-file\=\"/Users/nathannovak/Development/Apps/StraboSpot2/ios/Pods/Headers/Public/react_nativemodule_featureflags/React-featureflagsnativemodule.modulemap\"\ -Xcc\ -fmodule-map-file\=\"/Users/nathannovak/Development/Apps/StraboSpot2/ios/Pods/Headers/Public/react_nativemodule_idlecallbacks/React-idlecallbacksnativemodule.modulemap\"\ -Xcc\ -fmodule-map-file\=\"/Users/nathannovak/Development/Apps/StraboSpot2/ios/Pods/Headers/Public/react_nativemodule_microtasks/React-microtasksnativemodule.modulemap\"\ -Xcc\ -fmodule-map-file\=\"/Users/nathannovak/Development/Apps/StraboSpot2/ios/Pods/Headers/Public/react_renderer_css/React-renderercss.modulemap\"\ -Xcc\ -fmodule-map-file\=\"/Users/nathannovak/Development/Apps/StraboSpot2/ios/Pods/Headers/Public/react_renderer_debug/React-rendererdebug.modulemap\"\ -Xcc\ -fmodule-map-file\=\"/Users/nathannovak/Development/Apps/StraboSpot2/ios/Pods/Headers/Public/react_renderer_graphics/React-graphics.modulemap\"\ -Xcc\ -fmodule-map-file\=\"/Users/nathannovak/Development/Apps/StraboSpot2/ios/Pods/Headers/Public/react_renderer_imagemanager/React-ImageManager.modulemap\"\ -Xcc\ -fmodule-map-file\=\"/Users/nathannovak/Development/Apps/StraboSpot2/ios/Pods/Headers/Public/react_runtime/React-jsitooling.modulemap\"\ -Xcc\ -fmodule-map-file\=\"/Users/nathannovak/Development/Apps/StraboSpot2/ios/Pods/Headers/Public/react_utils/React-utils.modulemap\"\ -Xcc\ -fmodule-map-file\=\"/Users/nathannovak/Development/Apps/StraboSpot2/ios/Pods/Headers/Public/reacthermes/React-hermes.modulemap\"\ -Xcc\ -fmodule-map-file\=\"/Users/nathannovak/Development/Apps/StraboSpot2/ios/Pods/Headers/Public/yoga/Yoga.modulemap\"\ -import-underlying-module\ -Xcc\ -fmodule-map-file\=\"/Users/nathannovak/Development/Apps/StraboSpot2/ios/Pods/Headers/Public/EXUpdates/EXUpdates.modulemap\"
    export PACKAGE_TYPE\=com.apple.package-type.static-library
    export PASCAL_STRINGS\=YES
    export PATH\=/Applications/Xcode.app/Contents/SharedFrameworks/SwiftBuild.framework/Versions/A/PlugIns/SWBBuildService.bundle/Contents/PlugIns/SWBUniversalPlatformPlugin.bundle/Contents/Frameworks/SWBUniversalPlatform.framework/Resources:/Applications/Xcode.app/Contents/Developer/Toolchains/XcodeDefault.xctoolchain/usr/bin:/Applications/Xcode.app/Contents/Developer/Toolchains/XcodeDefault.xctoolchain/usr/local/bin:/Applications/Xcode.app/Contents/Developer/Toolchains/XcodeDefault.xctoolchain/usr/libexec:/Applications/Xcode.app/Contents/Developer/Platforms/iPhoneSimulator.platform/usr/bin:/Applications/Xcode.app/Contents/Developer/Platforms/iPhoneSimulator.platform/usr/local/bin:/Applications/Xcode.app/Contents/Developer/Platforms/iPhoneSimulator.platform/Developer/usr/bin:/Applications/Xcode.app/Contents/Developer/Platforms/iPhoneSimulator.platform/Developer/usr/local/bin:/Applications/Xcode.app/Contents/Developer/usr/bin:/Applications/Xcode.app/Contents/Developer/usr/local/bin:/Users/nathannovak/Development/Apps/StraboSpot2/node_modules/.bin:/Users/nathannovak/Development/Apps/node_modules/.bin:/Users/nathannovak/Development/node_modules/.bin:/Users/nathannovak/node_modules/.bin:/Users/node_modules/.bin:/node_modules/.bin:/Users/nathannovak/.nvm/versions/node/v22.16.0/lib/node_modules/npm/node_modules/@npmcli/run-script/lib/node-gyp-bin:/Users/nathannovak/.flashlight/bin:/Users/nathannovak/.nvm/versions/node/v22.16.0/bin:/Users/nathannovak/google-cloud-sdk/bin:/Users/nathannovak/.rbenv/shims:/Library/Frameworks/Python.framework/Versions/3.10/bin:/Library/Frameworks/Python.framework/Versions/3.6/bin:/usr/local/bin:/System/Cryptexes/App/usr/bin:/usr/bin:/bin:/usr/sbin:/sbin:/var/run/com.apple.security.cryptexd/codex.system/bootstrap/usr/local/bin:/var/run/com.apple.security.cryptexd/codex.system/bootstrap/usr/bin:/var/run/com.apple.security.cryptexd/codex.system/bootstrap/usr/appleinternal/bin:/Library/Apple/usr/bin:/Library/TeX/texbin:/Users/nathannovak/Library/Android/sdk/emulator:/Users/nathannovak/Library/Android/sdk/platform-tools
    export PATH_PREFIXES_EXCLUDED_FROM_HEADER_DEPENDENCIES\=/usr/include\ /usr/local/include\ /System/Library/Frameworks\ /System/Library/PrivateFrameworks\ /Applications/Xcode.app/Contents/Developer/Headers\ /Applications/Xcode.app/Contents/Developer/SDKs\ /Applications/Xcode.app/Contents/Developer/Platforms
    export PER_ARCH_MODULE_FILE_DIR\=/Users/nathannovak/Library/Developer/Xcode/DerivedData/StraboSpot2-gztieqkdzpsbarfnoxqpkwxgfcqj/Build/Intermediates.noindex/Pods.build/Debug-iphonesimulator/EXUpdates.build/Objects-normal/undefined_arch
    export PER_ARCH_OBJECT_FILE_DIR\=/Users/nathannovak/Library/Developer/Xcode/DerivedData/StraboSpot2-gztieqkdzpsbarfnoxqpkwxgfcqj/Build/Intermediates.noindex/Pods.build/Debug-iphonesimulator/EXUpdates.build/Objects-normal/undefined_arch
    export PER_VARIANT_OBJECT_FILE_DIR\=/Users/nathannovak/Library/Developer/Xcode/DerivedData/StraboSpot2-gztieqkdzpsbarfnoxqpkwxgfcqj/Build/Intermediates.noindex/Pods.build/Debug-iphonesimulator/EXUpdates.build/Objects-normal
    export PKGINFO_FILE_PATH\=/Users/nathannovak/Library/Developer/Xcode/DerivedData/StraboSpot2-gztieqkdzpsbarfnoxqpkwxgfcqj/Build/Intermediates.noindex/Pods.build/Debug-iphonesimulator/EXUpdates.build/PkgInfo
    export PLATFORM_DEVELOPER_APPLICATIONS_DIR\=/Applications/Xcode.app/Contents/Developer/Platforms/iPhoneSimulator.platform/Developer/Applications
    export PLATFORM_DEVELOPER_BIN_DIR\=/Applications/Xcode.app/Contents/Developer/Platforms/iPhoneSimulator.platform/Developer/usr/bin
    export PLATFORM_DEVELOPER_LIBRARY_DIR\=/Applications/Xcode.app/Contents/Developer/Platforms/iPhoneSimulator.platform/Developer/Library
    export PLATFORM_DEVELOPER_SDK_DIR\=/Applications/Xcode.app/Contents/Developer/Platforms/iPhoneSimulator.platform/Developer/SDKs
    export PLATFORM_DEVELOPER_TOOLS_DIR\=/Applications/Xcode.app/Contents/Developer/Platforms/iPhoneSimulator.platform/Developer/Tools
    export PLATFORM_DEVELOPER_USR_DIR\=/Applications/Xcode.app/Contents/Developer/Platforms/iPhoneSimulator.platform/Developer/usr
    export PLATFORM_DIR\=/Applications/Xcode.app/Contents/Developer/Platforms/iPhoneSimulator.platform
    export PLATFORM_DISPLAY_NAME\=iOS\ Simulator
    export PLATFORM_FAMILY_NAME\=iOS
    export PLATFORM_NAME\=iphonesimulator
    export PLATFORM_PREFERRED_ARCH\=x86_64
    export PLATFORM_PRODUCT_BUILD_VERSION\=23A339
    export PLATFORM_REQUIRES_SWIFT_AUTOLINK_EXTRACT\=NO
    export PLATFORM_REQUIRES_SWIFT_MODULEWRAP\=NO
    export PLIST_FILE_OUTPUT_FORMAT\=binary
    export PODS_BUILD_DIR\=/Users/nathannovak/Library/Developer/Xcode/DerivedData/StraboSpot2-gztieqkdzpsbarfnoxqpkwxgfcqj/Build/Products
    export PODS_CONFIGURATION_BUILD_DIR\=/Users/nathannovak/Library/Developer/Xcode/DerivedData/StraboSpot2-gztieqkdzpsbarfnoxqpkwxgfcqj/Build/Products/Debug-iphonesimulator
    export PODS_DEVELOPMENT_LANGUAGE\=en
    export PODS_ROOT\=/Users/nathannovak/Development/Apps/StraboSpot2/ios/Pods
    export PODS_TARGET_SRCROOT\=/Users/nathannovak/Development/Apps/StraboSpot2/ios/Pods/../../node_modules/expo-updates/ios
    export PODS_XCFRAMEWORKS_BUILD_DIR\=/Users/nathannovak/Library/Developer/Xcode/DerivedData/StraboSpot2-gztieqkdzpsbarfnoxqpkwxgfcqj/Build/Products/Debug-iphonesimulator/XCFrameworkIntermediates
    export PRECOMPS_INCLUDE_HEADERS_FROM_BUILT_PRODUCTS_DIR\=YES
    export PRECOMP_DESTINATION_DIR\=/Users/nathannovak/Library/Developer/Xcode/DerivedData/StraboSpot2-gztieqkdzpsbarfnoxqpkwxgfcqj/Build/Intermediates.noindex/Pods.build/Debug-iphonesimulator/EXUpdates.build/PrefixHeaders
    export PROCESSED_INFOPLIST_PATH\=/Users/nathannovak/Library/Developer/Xcode/DerivedData/StraboSpot2-gztieqkdzpsbarfnoxqpkwxgfcqj/Build/Intermediates.noindex/Pods.build/Debug-iphonesimulator/EXUpdates.build/Objects-normal/undefined_arch/Processed-Info.plist
    export PRODUCT_BUNDLE_IDENTIFIER\=org.cocoapods.EXUpdates
    export PRODUCT_MODULE_NAME\=EXUpdates
    export PRODUCT_NAME\=EXUpdates
    export PRODUCT_SETTINGS_PATH\=
    export PRODUCT_TYPE\=com.apple.product-type.library.static
    export PROFILING_CODE\=NO
    export PROJECT\=Pods
    export PROJECT_DERIVED_FILE_DIR\=/Users/nathannovak/Library/Developer/Xcode/DerivedData/StraboSpot2-gztieqkdzpsbarfnoxqpkwxgfcqj/Build/Intermediates.noindex/Pods.build/DerivedSources
    export PROJECT_DIR\=/Users/nathannovak/Development/Apps/StraboSpot2/ios/Pods
    export PROJECT_FILE_PATH\=/Users/nathannovak/Development/Apps/StraboSpot2/ios/Pods/Pods.xcodeproj
    export PROJECT_GUID\=8699adb1dd336b26511df848a716bd42
    export PROJECT_NAME\=Pods
    export PROJECT_TEMP_DIR\=/Users/nathannovak/Library/Developer/Xcode/DerivedData/StraboSpot2-gztieqkdzpsbarfnoxqpkwxgfcqj/Build/Intermediates.noindex/Pods.build
    export PROJECT_TEMP_ROOT\=/Users/nathannovak/Library/Developer/Xcode/DerivedData/StraboSpot2-gztieqkdzpsbarfnoxqpkwxgfcqj/Build/Intermediates.noindex
    export REACT_NATIVE_PATH\=/Users/nathannovak/Development/Apps/StraboSpot2/ios/Pods/../../node_modules/react-native
    export RECOMMENDED_IPHONEOS_DEPLOYMENT_TARGET\=15.0
    export RECURSIVE_SEARCH_PATHS_FOLLOW_SYMLINKS\=YES
    export REMOVE_CVS_FROM_RESOURCES\=YES
    export REMOVE_GIT_FROM_RESOURCES\=YES
    export REMOVE_HEADERS_FROM_EMBEDDED_BUNDLES\=YES
    export REMOVE_HG_FROM_RESOURCES\=YES
    export REMOVE_STATIC_EXECUTABLES_FROM_EMBEDDED_BUNDLES\=YES
    export REMOVE_SVN_FROM_RESOURCES\=YES
    export RESCHEDULE_INDEPENDENT_HEADERS_PHASES\=YES
    export REZ_COLLECTOR_DIR\=/Users/nathannovak/Library/Developer/Xcode/DerivedData/StraboSpot2-gztieqkdzpsbarfnoxqpkwxgfcqj/Build/Intermediates.noindex/Pods.build/Debug-iphonesimulator/EXUpdates.build/ResourceManagerResources
    export REZ_EXECUTABLE\=YES
    export REZ_OBJECTS_DIR\=/Users/nathannovak/Library/Developer/Xcode/DerivedData/StraboSpot2-gztieqkdzpsbarfnoxqpkwxgfcqj/Build/Intermediates.noindex/Pods.build/Debug-iphonesimulator/EXUpdates.build/ResourceManagerResources/Objects
    export REZ_SEARCH_PATHS\=/Users/nathannovak/Library/Developer/Xcode/DerivedData/StraboSpot2-gztieqkdzpsbarfnoxqpkwxgfcqj/Build/Products/Debug-iphonesimulator/EXUpdates\ 
    export RUNTIME_EXCEPTION_ALLOW_DYLD_ENVIRONMENT_VARIABLES\=NO
    export RUNTIME_EXCEPTION_ALLOW_JIT\=NO
    export RUNTIME_EXCEPTION_ALLOW_UNSIGNED_EXECUTABLE_MEMORY\=NO
    export RUNTIME_EXCEPTION_DEBUGGING_TOOL\=NO
    export RUNTIME_EXCEPTION_DISABLE_EXECUTABLE_PAGE_PROTECTION\=NO
    export RUNTIME_EXCEPTION_DISABLE_LIBRARY_VALIDATION\=NO
    export SCAN_ALL_SOURCE_FILES_FOR_INCLUDES\=NO
    export SCRIPT_INPUT_FILE_COUNT\=0
    export SCRIPT_INPUT_FILE_LIST_COUNT\=0
    export SCRIPT_OUTPUT_FILE_COUNT\=0
    export SCRIPT_OUTPUT_FILE_LIST_COUNT\=0
    export SDKROOT\=/Applications/Xcode.app/Contents/Developer/Platforms/iPhoneSimulator.platform/Developer/SDKs/iPhoneSimulator26.0.sdk
    export SDK_DIR\=/Applications/Xcode.app/Contents/Developer/Platforms/iPhoneSimulator.platform/Developer/SDKs/iPhoneSimulator26.0.sdk
    export SDK_DIR_iphonesimulator\=/Applications/Xcode.app/Contents/Developer/Platforms/iPhoneSimulator.platform/Developer/SDKs/iPhoneSimulator26.0.sdk
    export SDK_DIR_iphonesimulator26_0\=/Applications/Xcode.app/Contents/Developer/Platforms/iPhoneSimulator.platform/Developer/SDKs/iPhoneSimulator26.0.sdk
    export SDK_NAME\=iphonesimulator26.0
    export SDK_NAMES\=iphonesimulator26.0
    export SDK_PRODUCT_BUILD_VERSION\=23A339
    export SDK_STAT_CACHE_DIR\=/Users/nathannovak/Library/Developer/Xcode/DerivedData
    export SDK_STAT_CACHE_ENABLE\=YES
    export SDK_STAT_CACHE_PATH\=/Users/nathannovak/Library/Developer/Xcode/DerivedData/SDKStatCaches.noindex/iphonesimulator26.0-23A339-26257891a6c027eb51374368541b8346.sdkstatcache
    export SDK_VERSION\=26.0
    export SDK_VERSION_ACTUAL\=260000
    export SDK_VERSION_MAJOR\=260000
    export SDK_VERSION_MINOR\=260000
    export SED\=/usr/bin/sed
    export SEPARATE_STRIP\=NO
    export SEPARATE_SYMBOL_EDIT\=NO
    export SET_DIR_MODE_OWNER_GROUP\=YES
    export SET_FILE_MODE_OWNER_GROUP\=NO
    export SHALLOW_BUNDLE\=NO
    export SHARED_DERIVED_FILE_DIR\=/Users/nathannovak/Library/Developer/Xcode/DerivedData/StraboSpot2-gztieqkdzpsbarfnoxqpkwxgfcqj/Build/Products/Debug-iphonesimulator/EXUpdates/DerivedSources
    export SHARED_PRECOMPS_DIR\=/Users/nathannovak/Library/Developer/Xcode/DerivedData/StraboSpot2-gztieqkdzpsbarfnoxqpkwxgfcqj/Build/Intermediates.noindex/PrecompiledHeaders
    export SKIP_INSTALL\=YES
    export SOURCE_ROOT\=/Users/nathannovak/Development/Apps/StraboSpot2/ios/Pods
    export SRCROOT\=/Users/nathannovak/Development/Apps/StraboSpot2/ios/Pods
    export STRINGSDATA_DIR\=/Users/nathannovak/Library/Developer/Xcode/DerivedData/StraboSpot2-gztieqkdzpsbarfnoxqpkwxgfcqj/Build/Intermediates.noindex/Pods.build/Debug-iphonesimulator/EXUpdates.build/Objects-normal/undefined_arch
    export STRINGSDATA_ROOT\=/Users/nathannovak/Library/Developer/Xcode/DerivedData/StraboSpot2-gztieqkdzpsbarfnoxqpkwxgfcqj/Build/Intermediates.noindex/Pods.build/Debug-iphonesimulator/EXUpdates.build
    export STRINGS_FILE_INFOPLIST_RENAME\=YES
    export STRINGS_FILE_OUTPUT_ENCODING\=binary
    export STRING_CATALOG_GENERATE_SYMBOLS\=NO
    export STRIP_BITCODE_FROM_COPIED_FILES\=NO
    export STRIP_INSTALLED_PRODUCT\=NO
    export STRIP_STYLE\=debugging
    export STRIP_SWIFT_SYMBOLS\=YES
    export SUPPORTED_DEVICE_FAMILIES\=1,2
    export SUPPORTED_PLATFORMS\=iphoneos\ iphonesimulator
    export SUPPORTS_TEXT_BASED_API\=NO
    export SUPPRESS_WARNINGS\=NO
    export SWIFT_ACTIVE_COMPILATION_CONDITIONS\=\ DEBUG\ 
    export SWIFT_COMPILATION_MODE\=wholemodule
    export SWIFT_EMIT_CONST_VALUE_PROTOCOLS\=AppIntent\ EntityQuery\ AppEntity\ TransientEntity\ AppEnum\ AppShortcutProviding\ AppShortcutsProvider\ AnyResolverProviding\ AppIntentsPackage\ DynamicOptionsProvider\ _IntentValueRepresentable\ _AssistantIntentsProvider\ _GenerativeFunctionExtractable\ IntentValueQuery\ Resolver\ AppExtension\ ExtensionPointDefining
    export SWIFT_EMIT_LOC_STRINGS\=NO
    export SWIFT_ENABLE_EXPLICIT_MODULES\=YES
    export SWIFT_INCLUDE_PATHS\=/Users/nathannovak/Library/Developer/Xcode/DerivedData/StraboSpot2-gztieqkdzpsbarfnoxqpkwxgfcqj/Build/Products/Debug-iphonesimulator/EXUpdates\ \ \"/Users/nathannovak/Library/Developer/Xcode/DerivedData/StraboSpot2-gztieqkdzpsbarfnoxqpkwxgfcqj/Build/Products/Debug-iphonesimulator/EASClient\"\ \"/Users/nathannovak/Library/Developer/Xcode/DerivedData/StraboSpot2-gztieqkdzpsbarfnoxqpkwxgfcqj/Build/Products/Debug-iphonesimulator/EXManifests\"\ \"/Users/nathannovak/Library/Developer/Xcode/DerivedData/StraboSpot2-gztieqkdzpsbarfnoxqpkwxgfcqj/Build/Products/Debug-iphonesimulator/EXUpdatesInterface\"\ \"/Users/nathannovak/Library/Developer/Xcode/DerivedData/StraboSpot2-gztieqkdzpsbarfnoxqpkwxgfcqj/Build/Products/Debug-iphonesimulator/ExpoModulesCore\"\ \"/Users/nathannovak/Library/Developer/Xcode/DerivedData/StraboSpot2-gztieqkdzpsbarfnoxqpkwxgfcqj/Build/Products/Debug-iphonesimulator/ReachabilitySwift\"
    export SWIFT_OPTIMIZATION_LEVEL\=-Onone
    export SWIFT_PLATFORM_TARGET_PREFIX\=ios
    export SWIFT_RESPONSE_FILE_PATH_normal_x86_64\=/Users/nathannovak/Library/Developer/Xcode/DerivedData/StraboSpot2-gztieqkdzpsbarfnoxqpkwxgfcqj/Build/Intermediates.noindex/Pods.build/Debug-iphonesimulator/EXUpdates.build/Objects-normal/x86_64/EXUpdates.SwiftFileList
    export SWIFT_VERSION\=5.9
    export SYMROOT\=/Users/nathannovak/Library/Developer/Xcode/DerivedData/StraboSpot2-gztieqkdzpsbarfnoxqpkwxgfcqj/Build/Products
    export SYSTEM_ADMIN_APPS_DIR\=/Applications/Utilities
    export SYSTEM_APPS_DIR\=/Applications
    export SYSTEM_CORE_SERVICES_DIR\=/System/Library/CoreServices
    export SYSTEM_DEMOS_DIR\=/Applications/Extras
    export SYSTEM_DEVELOPER_APPS_DIR\=/Applications/Xcode.app/Contents/Developer/Applications
    export SYSTEM_DEVELOPER_BIN_DIR\=/Applications/Xcode.app/Contents/Developer/usr/bin
    export SYSTEM_DEVELOPER_DEMOS_DIR\=/Applications/Xcode.app/Contents/Developer/Applications/Utilities/Built\ Examples
    export SYSTEM_DEVELOPER_DIR\=/Applications/Xcode.app/Contents/Developer
    export SYSTEM_DEVELOPER_DOC_DIR\=/Applications/Xcode.app/Contents/Developer/ADC\ Reference\ Library
    export SYSTEM_DEVELOPER_GRAPHICS_TOOLS_DIR\=/Applications/Xcode.app/Contents/Developer/Applications/Graphics\ Tools
    export SYSTEM_DEVELOPER_JAVA_TOOLS_DIR\=/Applications/Xcode.app/Contents/Developer/Applications/Java\ Tools
    export SYSTEM_DEVELOPER_PERFORMANCE_TOOLS_DIR\=/Applications/Xcode.app/Contents/Developer/Applications/Performance\ Tools
    export SYSTEM_DEVELOPER_RELEASENOTES_DIR\=/Applications/Xcode.app/Contents/Developer/ADC\ Reference\ Library/releasenotes
    export SYSTEM_DEVELOPER_TOOLS\=/Applications/Xcode.app/Contents/Developer/Tools
    export SYSTEM_DEVELOPER_TOOLS_DOC_DIR\=/Applications/Xcode.app/Contents/Developer/ADC\ Reference\ Library/documentation/DeveloperTools
    export SYSTEM_DEVELOPER_TOOLS_RELEASENOTES_DIR\=/Applications/Xcode.app/Contents/Developer/ADC\ Reference\ Library/releasenotes/DeveloperTools
    export SYSTEM_DEVELOPER_USR_DIR\=/Applications/Xcode.app/Contents/Developer/usr
    export SYSTEM_DEVELOPER_UTILITIES_DIR\=/Applications/Xcode.app/Contents/Developer/Applications/Utilities
    export SYSTEM_DEXT_INSTALL_PATH\=/System/Library/DriverExtensions
    export SYSTEM_DOCUMENTATION_DIR\=/Library/Documentation
    export SYSTEM_KEXT_INSTALL_PATH\=/System/Library/Extensions
    export SYSTEM_LIBRARY_DIR\=/System/Library
    export TAPI_DEMANGLE\=YES
    export TAPI_ENABLE_PROJECT_HEADERS\=NO
    export TAPI_LANGUAGE\=objective-c
    export TAPI_LANGUAGE_STANDARD\=compiler-default
    export TAPI_USE_SRCROOT\=YES
    export TAPI_VERIFY_MODE\=Pedantic
    export TARGETED_DEVICE_FAMILY\=1,2
    export TARGETNAME\=EXUpdates
    export TARGET_BUILD_DIR\=/Users/nathannovak/Library/Developer/Xcode/DerivedData/StraboSpot2-gztieqkdzpsbarfnoxqpkwxgfcqj/Build/Products/Debug-iphonesimulator/EXUpdates
    export TARGET_DEVICE_IDENTIFIER\=74C76BE2-3534-4702-95EC-116B7842C0E9
    export TARGET_DEVICE_MODEL\=iPad14,3
    export TARGET_DEVICE_OS_VERSION\=18.0
    export TARGET_DEVICE_PLATFORM_NAME\=iphonesimulator
    export TARGET_NAME\=EXUpdates
    export TARGET_TEMP_DIR\=/Users/nathannovak/Library/Developer/Xcode/DerivedData/StraboSpot2-gztieqkdzpsbarfnoxqpkwxgfcqj/Build/Intermediates.noindex/Pods.build/Debug-iphonesimulator/EXUpdates.build
    export TEMP_DIR\=/Users/nathannovak/Library/Developer/Xcode/DerivedData/StraboSpot2-gztieqkdzpsbarfnoxqpkwxgfcqj/Build/Intermediates.noindex/Pods.build/Debug-iphonesimulator/EXUpdates.build
    export TEMP_FILES_DIR\=/Users/nathannovak/Library/Developer/Xcode/DerivedData/StraboSpot2-gztieqkdzpsbarfnoxqpkwxgfcqj/Build/Intermediates.noindex/Pods.build/Debug-iphonesimulator/EXUpdates.build
    export TEMP_FILE_DIR\=/Users/nathannovak/Library/Developer/Xcode/DerivedData/StraboSpot2-gztieqkdzpsbarfnoxqpkwxgfcqj/Build/Intermediates.noindex/Pods.build/Debug-iphonesimulator/EXUpdates.build
    export TEMP_ROOT\=/Users/nathannovak/Library/Developer/Xcode/DerivedData/StraboSpot2-gztieqkdzpsbarfnoxqpkwxgfcqj/Build/Intermediates.noindex
    export TEMP_SANDBOX_DIR\=/Users/nathannovak/Library/Developer/Xcode/DerivedData/StraboSpot2-gztieqkdzpsbarfnoxqpkwxgfcqj/Build/Intermediates.noindex/TemporaryTaskSandboxes
    export TEST_FRAMEWORK_SEARCH_PATHS\=\ /Applications/Xcode.app/Contents/Developer/Platforms/iPhoneSimulator.platform/Developer/Library/Frameworks\ /Applications/Xcode.app/Contents/Developer/Platforms/iPhoneSimulator.platform/Developer/SDKs/iPhoneSimulator26.0.sdk/Developer/Library/Frameworks
    export TEST_LIBRARY_SEARCH_PATHS\=\ /Applications/Xcode.app/Contents/Developer/Platforms/iPhoneSimulator.platform/Developer/usr/lib
    export TOOLCHAINS\=com.apple.dt.toolchain.XcodeDefault
    export TOOLCHAIN_DIR\=/Applications/Xcode.app/Contents/Developer/Toolchains/XcodeDefault.xctoolchain
    export TREAT_MISSING_BASELINES_AS_TEST_FAILURES\=NO
    export TREAT_MISSING_SCRIPT_PHASE_OUTPUTS_AS_ERRORS\=NO
    export UID\=501
    export UNINSTALLED_PRODUCTS_DIR\=/Users/nathannovak/Library/Developer/Xcode/DerivedData/StraboSpot2-gztieqkdzpsbarfnoxqpkwxgfcqj/Build/Intermediates.noindex/UninstalledProducts
    export UNSTRIPPED_PRODUCT\=NO
    export USER\=nathannovak
    export USER_APPS_DIR\=/Users/nathannovak/Applications
    export USER_LIBRARY_DIR\=/Users/nathannovak/Library
    export USE_DYNAMIC_NO_PIC\=YES
    export USE_HEADERMAP\=YES
    export USE_HEADER_SYMLINKS\=NO
    export USE_HERMES\=true
    export USE_RECURSIVE_SCRIPT_INPUTS_IN_SCRIPT_PHASES\=YES
    export VALIDATE_DEVELOPMENT_ASSET_PATHS\=YES_ERROR
    export VALIDATE_PRODUCT\=NO
    export VALID_ARCHS\=arm64\ x86_64
    export VERBOSE_PBXCP\=NO
    export VERSION_INFO_BUILDER\=nathannovak
    export VERSION_INFO_FILE\=EXUpdates_vers.c
    export VERSION_INFO_STRING\=\"@\(\#\)PROGRAM:EXUpdates\ \ PROJECT:Pods-\"
    export WORKSPACE_DIR\=/Users/nathannovak/Development/Apps/StraboSpot2/ios
    export WRAP_ASSET_PACKS_IN_SEPARATE_DIRECTORIES\=NO
    export XCODE_APP_SUPPORT_DIR\=/Applications/Xcode.app/Contents/Developer/Library/Xcode
    export XCODE_PRODUCT_BUILD_VERSION\=17A400
    export XCODE_VERSION_ACTUAL\=2601
    export XCODE_VERSION_MAJOR\=2600
    export XCODE_VERSION_MINOR\=2600
    export XPCSERVICES_FOLDER_PATH\=/XPCServices
    export YACC\=yacc
    export _DISCOVER_COMMAND_LINE_LINKER_INPUTS\=YES
    export _DISCOVER_COMMAND_LINE_LINKER_INPUTS_INCLUDE_WL\=YES
    export _LD_MULTIARCH\=YES
    export __DIAGNOSE_DEPRECATED_ARCHS\=YES
    export arch\=undefined_arch
    export variant\=normal
    /bin/sh -c /Users/nathannovak/Library/Developer/Xcode/DerivedData/StraboSpot2-gztieqkdzpsbarfnoxqpkwxgfcqj/Build/Intermediates.noindex/Pods.build/Debug-iphonesimulator/EXUpdates.build/Script-46EB2E00036150.sh
Node found at: /usr/local/bin/node

ProcessInfoPlistFile /Users/nathannovak/Library/Developer/Xcode/DerivedData/StraboSpot2-gztieqkdzpsbarfnoxqpkwxgfcqj/Build/Products/Debug-iphonesimulator/ExpoFileSystem/ExpoFileSystem_privacy.bundle/Info.plist /Users/nathannovak/Development/Apps/StraboSpot2/ios/Pods/Target\ Support\ Files/ExpoFileSystem/ResourceBundle-ExpoFileSystem_privacy-ExpoFileSystem-Info.plist (in target 'ExpoFileSystem-ExpoFileSystem_privacy' from project 'Pods')
    cd /Users/nathannovak/Development/Apps/StraboSpot2/ios/Pods
    builtin-infoPlistUtility /Users/nathannovak/Development/Apps/StraboSpot2/ios/Pods/Target\ Support\ Files/ExpoFileSystem/ResourceBundle-ExpoFileSystem_privacy-ExpoFileSystem-Info.plist -producttype com.apple.product-type.bundle -expandbuildsettings -format binary -platform iphonesimulator -o /Users/nathannovak/Library/Developer/Xcode/DerivedData/StraboSpot2-gztieqkdzpsbarfnoxqpkwxgfcqj/Build/Products/Debug-iphonesimulator/ExpoFileSystem/ExpoFileSystem_privacy.bundle/Info.plist

/Users/nathannovak/Development/Apps/StraboSpot2/ios/Pods/Pods.xcodeproj: warning: The iOS Simulator deployment target 'IPHONEOS_DEPLOYMENT_TARGET' is set to 11.0, but the range of supported deployment target versions is 12.0 to 26.0.99. (in target 'IQKeyboardManagerSwift-IQKeyboardManagerSwift' from project 'Pods')
ProcessInfoPlistFile /Users/nathannovak/Library/Developer/Xcode/DerivedData/StraboSpot2-gztieqkdzpsbarfnoxqpkwxgfcqj/Build/Products/Debug-iphonesimulator/IQKeyboardManagerSwift/IQKeyboardManagerSwift.bundle/Info.plist /Users/nathannovak/Development/Apps/StraboSpot2/ios/Pods/Target\ Support\ Files/IQKeyboardManagerSwift/ResourceBundle-IQKeyboardManagerSwift-IQKeyboardManagerSwift-Info.plist (in target 'IQKeyboardManagerSwift-IQKeyboardManagerSwift' from project 'Pods')
    cd /Users/nathannovak/Development/Apps/StraboSpot2/ios/Pods
    builtin-infoPlistUtility /Users/nathannovak/Development/Apps/StraboSpot2/ios/Pods/Target\ Support\ Files/IQKeyboardManagerSwift/ResourceBundle-IQKeyboardManagerSwift-IQKeyboardManagerSwift-Info.plist -producttype com.apple.product-type.bundle -expandbuildsettings -format binary -platform iphonesimulator -o /Users/nathannovak/Library/Developer/Xcode/DerivedData/StraboSpot2-gztieqkdzpsbarfnoxqpkwxgfcqj/Build/Products/Debug-iphonesimulator/IQKeyboardManagerSwift/IQKeyboardManagerSwift.bundle/Info.plist

/Users/nathannovak/Development/Apps/StraboSpot2/ios/Pods/Pods.xcodeproj: warning: The iOS Simulator deployment target 'IPHONEOS_DEPLOYMENT_TARGET' is set to 11.0, but the range of supported deployment target versions is 12.0 to 26.0.99. (in target 'Sentry-Sentry' from project 'Pods')
ProcessInfoPlistFile /Users/nathannovak/Library/Developer/Xcode/DerivedData/StraboSpot2-gztieqkdzpsbarfnoxqpkwxgfcqj/Build/Products/Debug-iphonesimulator/Sentry/Sentry.bundle/Info.plist /Users/nathannovak/Development/Apps/StraboSpot2/ios/Pods/Target\ Support\ Files/Sentry/ResourceBundle-Sentry-Sentry-Info.plist (in target 'Sentry-Sentry' from project 'Pods')
    cd /Users/nathannovak/Development/Apps/StraboSpot2/ios/Pods
    builtin-infoPlistUtility /Users/nathannovak/Development/Apps/StraboSpot2/ios/Pods/Target\ Support\ Files/Sentry/ResourceBundle-Sentry-Sentry-Info.plist -producttype com.apple.product-type.bundle -expandbuildsettings -format binary -platform iphonesimulator -o /Users/nathannovak/Library/Developer/Xcode/DerivedData/StraboSpot2-gztieqkdzpsbarfnoxqpkwxgfcqj/Build/Products/Debug-iphonesimulator/Sentry/Sentry.bundle/Info.plist

ProcessInfoPlistFile /Users/nathannovak/Library/Developer/Xcode/DerivedData/StraboSpot2-gztieqkdzpsbarfnoxqpkwxgfcqj/Build/Products/Debug-iphonesimulator/lottie-ios/LottiePrivacyInfo.bundle/Info.plist /Users/nathannovak/Development/Apps/StraboSpot2/ios/Pods/Target\ Support\ Files/lottie-ios/ResourceBundle-LottiePrivacyInfo-lottie-ios-Info.plist (in target 'lottie-ios-LottiePrivacyInfo' from project 'Pods')
    cd /Users/nathannovak/Development/Apps/StraboSpot2/ios/Pods
    builtin-infoPlistUtility /Users/nathannovak/Development/Apps/StraboSpot2/ios/Pods/Target\ Support\ Files/lottie-ios/ResourceBundle-LottiePrivacyInfo-lottie-ios-Info.plist -producttype com.apple.product-type.bundle -expandbuildsettings -format binary -platform iphonesimulator -o /Users/nathannovak/Library/Developer/Xcode/DerivedData/StraboSpot2-gztieqkdzpsbarfnoxqpkwxgfcqj/Build/Products/Debug-iphonesimulator/lottie-ios/LottiePrivacyInfo.bundle/Info.plist

ProcessInfoPlistFile /Users/nathannovak/Library/Developer/Xcode/DerivedData/StraboSpot2-gztieqkdzpsbarfnoxqpkwxgfcqj/Build/Products/Debug-iphonesimulator/lottie-react-native/Lottie_React_Native_Privacy.bundle/Info.plist /Users/nathannovak/Development/Apps/StraboSpot2/ios/Pods/Target\ Support\ Files/lottie-react-native/ResourceBundle-Lottie_React_Native_Privacy-lottie-react-native-Info.plist (in target 'lottie-react-native-Lottie_React_Native_Privacy' from project 'Pods')
    cd /Users/nathannovak/Development/Apps/StraboSpot2/ios/Pods
    builtin-infoPlistUtility /Users/nathannovak/Development/Apps/StraboSpot2/ios/Pods/Target\ Support\ Files/lottie-react-native/ResourceBundle-Lottie_React_Native_Privacy-lottie-react-native-Info.plist -producttype com.apple.product-type.bundle -expandbuildsettings -format binary -platform iphonesimulator -o /Users/nathannovak/Library/Developer/Xcode/DerivedData/StraboSpot2-gztieqkdzpsbarfnoxqpkwxgfcqj/Build/Products/Debug-iphonesimulator/lottie-react-native/Lottie_React_Native_Privacy.bundle/Info.plist

ProcessInfoPlistFile /Users/nathannovak/Library/Developer/Xcode/DerivedData/StraboSpot2-gztieqkdzpsbarfnoxqpkwxgfcqj/Build/Products/Debug-iphonesimulator/Turf/Turf.framework/Info.plist /Users/nathannovak/Development/Apps/StraboSpot2/ios/Pods/Target\ Support\ Files/Turf/Turf-Info.plist (in target 'Turf' from project 'Pods')
    cd /Users/nathannovak/Development/Apps/StraboSpot2/ios/Pods
    builtin-infoPlistUtility /Users/nathannovak/Development/Apps/StraboSpot2/ios/Pods/Target\ Support\ Files/Turf/Turf-Info.plist -producttype com.apple.product-type.framework -expandbuildsettings -format binary -platform iphonesimulator -o /Users/nathannovak/Library/Developer/Xcode/DerivedData/StraboSpot2-gztieqkdzpsbarfnoxqpkwxgfcqj/Build/Products/Debug-iphonesimulator/Turf/Turf.framework/Info.plist

/Users/nathannovak/Development/Apps/StraboSpot2/ios/Pods/Pods.xcodeproj: warning: The iOS Simulator deployment target 'IPHONEOS_DEPLOYMENT_TARGET' is set to 11.0, but the range of supported deployment target versions is 12.0 to 26.0.99. (in target 'MapboxMaps-MapboxMapsResources' from project 'Pods')
ProcessInfoPlistFile /Users/nathannovak/Library/Developer/Xcode/DerivedData/StraboSpot2-gztieqkdzpsbarfnoxqpkwxgfcqj/Build/Products/Debug-iphonesimulator/MapboxMaps/MapboxMapsResources.bundle/Info.plist /Users/nathannovak/Development/Apps/StraboSpot2/ios/Pods/Target\ Support\ Files/MapboxMaps/ResourceBundle-MapboxMapsResources-MapboxMaps-Info.plist (in target 'MapboxMaps-MapboxMapsResources' from project 'Pods')
    cd /Users/nathannovak/Development/Apps/StraboSpot2/ios/Pods
    builtin-infoPlistUtility /Users/nathannovak/Development/Apps/StraboSpot2/ios/Pods/Target\ Support\ Files/MapboxMaps/ResourceBundle-MapboxMapsResources-MapboxMaps-Info.plist -producttype com.apple.product-type.bundle -expandbuildsettings -format binary -platform iphonesimulator -additionalcontentfile /Users/nathannovak/Library/Developer/Xcode/DerivedData/StraboSpot2-gztieqkdzpsbarfnoxqpkwxgfcqj/Build/Intermediates.noindex/Pods.build/Debug-iphonesimulator/MapboxMaps-MapboxMapsResources.build/assetcatalog_generated_info.plist -o /Users/nathannovak/Library/Developer/Xcode/DerivedData/StraboSpot2-gztieqkdzpsbarfnoxqpkwxgfcqj/Build/Products/Debug-iphonesimulator/MapboxMaps/MapboxMapsResources.bundle/Info.plist

ProcessInfoPlistFile /Users/nathannovak/Library/Developer/Xcode/DerivedData/StraboSpot2-gztieqkdzpsbarfnoxqpkwxgfcqj/Build/Products/Debug-iphonesimulator/MapboxMaps/MapboxMaps.framework/Info.plist /Users/nathannovak/Development/Apps/StraboSpot2/ios/Pods/Target\ Support\ Files/MapboxMaps/MapboxMaps-Info.plist (in target 'MapboxMaps' from project 'Pods')
    cd /Users/nathannovak/Development/Apps/StraboSpot2/ios/Pods
    builtin-infoPlistUtility /Users/nathannovak/Development/Apps/StraboSpot2/ios/Pods/Target\ Support\ Files/MapboxMaps/MapboxMaps-Info.plist -producttype com.apple.product-type.framework -expandbuildsettings -format binary -platform iphonesimulator -o /Users/nathannovak/Library/Developer/Xcode/DerivedData/StraboSpot2-gztieqkdzpsbarfnoxqpkwxgfcqj/Build/Products/Debug-iphonesimulator/MapboxMaps/MapboxMaps.framework/Info.plist

ProcessInfoPlistFile /Users/nathannovak/Library/Developer/Xcode/DerivedData/StraboSpot2-gztieqkdzpsbarfnoxqpkwxgfcqj/Build/Products/Debug-iphonesimulator/RNCAsyncStorage/RNCAsyncStorage_resources.bundle/Info.plist /Users/nathannovak/Development/Apps/StraboSpot2/ios/Pods/Target\ Support\ Files/RNCAsyncStorage/ResourceBundle-RNCAsyncStorage_resources-RNCAsyncStorage-Info.plist (in target 'RNCAsyncStorage-RNCAsyncStorage_resources' from project 'Pods')
    cd /Users/nathannovak/Development/Apps/StraboSpot2/ios/Pods
    builtin-infoPlistUtility /Users/nathannovak/Development/Apps/StraboSpot2/ios/Pods/Target\ Support\ Files/RNCAsyncStorage/ResourceBundle-RNCAsyncStorage_resources-RNCAsyncStorage-Info.plist -producttype com.apple.product-type.bundle -expandbuildsettings -format binary -platform iphonesimulator -o /Users/nathannovak/Library/Developer/Xcode/DerivedData/StraboSpot2-gztieqkdzpsbarfnoxqpkwxgfcqj/Build/Products/Debug-iphonesimulator/RNCAsyncStorage/RNCAsyncStorage_resources.bundle/Info.plist

/Users/nathannovak/Development/Apps/StraboSpot2/ios/Pods/Pods.xcodeproj: warning: The iOS Simulator deployment target 'IPHONEOS_DEPLOYMENT_TARGET' is set to 9.0, but the range of supported deployment target versions is 12.0 to 26.0.99. (in target 'RNDeviceInfo-RNDeviceInfoPrivacyInfo' from project 'Pods')
ProcessInfoPlistFile /Users/nathannovak/Library/Developer/Xcode/DerivedData/StraboSpot2-gztieqkdzpsbarfnoxqpkwxgfcqj/Build/Products/Debug-iphonesimulator/RNDeviceInfo/RNDeviceInfoPrivacyInfo.bundle/Info.plist /Users/nathannovak/Development/Apps/StraboSpot2/ios/Pods/Target\ Support\ Files/RNDeviceInfo/ResourceBundle-RNDeviceInfoPrivacyInfo-RNDeviceInfo-Info.plist (in target 'RNDeviceInfo-RNDeviceInfoPrivacyInfo' from project 'Pods')
    cd /Users/nathannovak/Development/Apps/StraboSpot2/ios/Pods
    builtin-infoPlistUtility /Users/nathannovak/Development/Apps/StraboSpot2/ios/Pods/Target\ Support\ Files/RNDeviceInfo/ResourceBundle-RNDeviceInfoPrivacyInfo-RNDeviceInfo-Info.plist -producttype com.apple.product-type.bundle -expandbuildsettings -format binary -platform iphonesimulator -o /Users/nathannovak/Library/Developer/Xcode/DerivedData/StraboSpot2-gztieqkdzpsbarfnoxqpkwxgfcqj/Build/Products/Debug-iphonesimulator/RNDeviceInfo/RNDeviceInfoPrivacyInfo.bundle/Info.plist

ProcessInfoPlistFile /Users/nathannovak/Library/Developer/Xcode/DerivedData/StraboSpot2-gztieqkdzpsbarfnoxqpkwxgfcqj/Build/Products/Debug-iphonesimulator/SSZipArchive/SSZipArchive.bundle/Info.plist /Users/nathannovak/Development/Apps/StraboSpot2/ios/Pods/Target\ Support\ Files/SSZipArchive/ResourceBundle-SSZipArchive-SSZipArchive-Info.plist (in target 'SSZipArchive-SSZipArchive' from project 'Pods')
    cd /Users/nathannovak/Development/Apps/StraboSpot2/ios/Pods
    builtin-infoPlistUtility /Users/nathannovak/Development/Apps/StraboSpot2/ios/Pods/Target\ Support\ Files/SSZipArchive/ResourceBundle-SSZipArchive-SSZipArchive-Info.plist -producttype com.apple.product-type.bundle -expandbuildsettings -format binary -platform iphonesimulator -o /Users/nathannovak/Library/Developer/Xcode/DerivedData/StraboSpot2-gztieqkdzpsbarfnoxqpkwxgfcqj/Build/Products/Debug-iphonesimulator/SSZipArchive/SSZipArchive.bundle/Info.plist

/Users/nathannovak/Development/Apps/StraboSpot2/ios/Pods/Pods.xcodeproj: warning: The iOS Simulator deployment target 'IPHONEOS_DEPLOYMENT_TARGET' is set to 11.0, but the range of supported deployment target versions is 12.0 to 26.0.99. (in target 'react-native-blob-util-ReactNativeBlobUtilPrivacyInfo' from project 'Pods')
ProcessInfoPlistFile /Users/nathannovak/Library/Developer/Xcode/DerivedData/StraboSpot2-gztieqkdzpsbarfnoxqpkwxgfcqj/Build/Products/Debug-iphonesimulator/react-native-blob-util/ReactNativeBlobUtilPrivacyInfo.bundle/Info.plist /Users/nathannovak/Development/Apps/StraboSpot2/ios/Pods/Target\ Support\ Files/react-native-blob-util/ResourceBundle-ReactNativeBlobUtilPrivacyInfo-react-native-blob-util-Info.plist (in target 'react-native-blob-util-ReactNativeBlobUtilPrivacyInfo' from project 'Pods')
    cd /Users/nathannovak/Development/Apps/StraboSpot2/ios/Pods
    builtin-infoPlistUtility /Users/nathannovak/Development/Apps/StraboSpot2/ios/Pods/Target\ Support\ Files/react-native-blob-util/ResourceBundle-ReactNativeBlobUtilPrivacyInfo-react-native-blob-util-Info.plist -producttype com.apple.product-type.bundle -expandbuildsettings -format binary -platform iphonesimulator -o /Users/nathannovak/Library/Developer/Xcode/DerivedData/StraboSpot2-gztieqkdzpsbarfnoxqpkwxgfcqj/Build/Products/Debug-iphonesimulator/react-native-blob-util/ReactNativeBlobUtilPrivacyInfo.bundle/Info.plist

/Users/nathannovak/Development/Apps/StraboSpot2/ios/Pods/Pods.xcodeproj: warning: The iOS Simulator deployment target 'IPHONEOS_DEPLOYMENT_TARGET' is set to 9.0, but the range of supported deployment target versions is 12.0 to 26.0.99. (in target 'react-native-image-picker-RNImagePickerPrivacyInfo' from project 'Pods')
ProcessInfoPlistFile /Users/nathannovak/Library/Developer/Xcode/DerivedData/StraboSpot2-gztieqkdzpsbarfnoxqpkwxgfcqj/Build/Products/Debug-iphonesimulator/react-native-image-picker/RNImagePickerPrivacyInfo.bundle/Info.plist /Users/nathannovak/Development/Apps/StraboSpot2/ios/Pods/Target\ Support\ Files/react-native-image-picker/ResourceBundle-RNImagePickerPrivacyInfo-react-native-image-picker-Info.plist (in target 'react-native-image-picker-RNImagePickerPrivacyInfo' from project 'Pods')
    cd /Users/nathannovak/Development/Apps/StraboSpot2/ios/Pods
    builtin-infoPlistUtility /Users/nathannovak/Development/Apps/StraboSpot2/ios/Pods/Target\ Support\ Files/react-native-image-picker/ResourceBundle-RNImagePickerPrivacyInfo-react-native-image-picker-Info.plist -producttype com.apple.product-type.bundle -expandbuildsettings -format binary -platform iphonesimulator -o /Users/nathannovak/Library/Developer/Xcode/DerivedData/StraboSpot2-gztieqkdzpsbarfnoxqpkwxgfcqj/Build/Products/Debug-iphonesimulator/react-native-image-picker/RNImagePickerPrivacyInfo.bundle/Info.plist

warning: Run script build phase 'Upload Debug Symbols to Sentry' will be run during every build because it does not specify any outputs. To address this issue, either add output dependencies to the script phase, or configure it to run in every build by unchecking "Based on dependency analysis" in the script phase. (in target 'StraboSpot2' from project 'StraboSpot2')
warning: Run script build phase 'Bundle React Native code and images' will be run during every build because it does not specify any outputs. To address this issue, either add output dependencies to the script phase, or configure it to run in every build by unchecking "Based on dependency analysis" in the script phase. (in target 'StraboSpot2' from project 'StraboSpot2')
note: Run script build phase '[Expo] Configure project' will be run during every build because the option to run the script phase "Based on dependency analysis" is unchecked. (in target 'StraboSpot2' from project 'StraboSpot2')
PhaseScriptExecution [Expo]\ Configure\ project /Users/nathannovak/Library/Developer/Xcode/DerivedData/StraboSpot2-gztieqkdzpsbarfnoxqpkwxgfcqj/Build/Intermediates.noindex/StraboSpot2.build/Debug-iphonesimulator/StraboSpot2.build/Script-55A7106DA904A97F142B068A.sh (in target 'StraboSpot2' from project 'StraboSpot2')
    cd /Users/nathannovak/Development/Apps/StraboSpot2/ios
    export ACTION\=build
    export AD_HOC_CODE_SIGNING_ALLOWED\=YES
    export AGGREGATE_TRACKED_DOMAINS\=YES
    export ALLOW_BUILD_REQUEST_OVERRIDES\=NO
    export ALLOW_TARGET_PLATFORM_SPECIALIZATION\=NO
    export ALTERNATE_GROUP\=staff
    export ALTERNATE_MODE\=u+w,go-w,a+rX
    export ALTERNATE_OWNER\=nathannovak
    export ALTERNATIVE_DISTRIBUTION_WEB\=NO
    export ALWAYS_EMBED_SWIFT_STANDARD_LIBRARIES\=YES
    export ALWAYS_SEARCH_USER_PATHS\=NO
    export ALWAYS_USE_SEPARATE_HEADERMAPS\=NO
    export ANDROID_DEPLOYMENT_TARGET\=21.0
    export APPLICATION_EXTENSION_API_ONLY\=NO
    export APPLY_RULES_IN_COPY_FILES\=NO
    export APPLY_RULES_IN_COPY_HEADERS\=NO
    export APP_SHORTCUTS_ENABLE_FLEXIBLE_MATCHING\=YES
    export ARCHS\=x86_64
    export ARCHS_STANDARD\=arm64\ x86_64
    export ARCHS_STANDARD_32_64_BIT\=arm64\ x86_64
    export ARCHS_STANDARD_64_BIT\=arm64\ x86_64
    export ARCHS_STANDARD_INCLUDING_64_BIT\=arm64\ x86_64
    export ARCHS_UNIVERSAL_IPHONE_OS\=arm64\ x86_64
    export ASSETCATALOG_COMPILER_APPICON_NAME\=AppIcon
    export ASSETCATALOG_FILTER_FOR_DEVICE_MODEL\=iPad14,3-A
    export ASSETCATALOG_FILTER_FOR_DEVICE_OS_VERSION\=18.0
    export ASSETCATALOG_FILTER_FOR_THINNING_DEVICE_CONFIGURATION\=iPad14,3-A
    export AUTOMATICALLY_MERGE_DEPENDENCIES\=NO
    export AUTOMATION_APPLE_EVENTS\=NO
    export AVAILABLE_PLATFORMS\=android\ appletvos\ appletvsimulator\ driverkit\ iphoneos\ iphonesimulator\ macosx\ qnx\ watchos\ watchsimulator\ webassembly\ xros\ xrsimulator
    export AppIdentifierPrefix\=5CQY5S92XA.
    export BUILD_ACTIVE_RESOURCES_ONLY\=YES
    export BUILD_COMPONENTS\=headers\ build
    export BUILD_DIR\=/Users/nathannovak/Library/Developer/Xcode/DerivedData/StraboSpot2-gztieqkdzpsbarfnoxqpkwxgfcqj/Build/Products
    export BUILD_LIBRARY_FOR_DISTRIBUTION\=NO
    export BUILD_ROOT\=/Users/nathannovak/Library/Developer/Xcode/DerivedData/StraboSpot2-gztieqkdzpsbarfnoxqpkwxgfcqj/Build/Products
    export BUILD_STYLE\=
    export BUILD_VARIANTS\=normal
    export BUILT_PRODUCTS_DIR\=/Users/nathannovak/Library/Developer/Xcode/DerivedData/StraboSpot2-gztieqkdzpsbarfnoxqpkwxgfcqj/Build/Products/Debug-iphonesimulator
    export BUNDLE_CONTENTS_FOLDER_PATH_deep\=Contents/
    export BUNDLE_EXECUTABLE_FOLDER_NAME_deep\=MacOS
    export BUNDLE_EXTENSIONS_FOLDER_PATH\=Extensions
    export BUNDLE_FORMAT\=shallow
    export BUNDLE_FRAMEWORKS_FOLDER_PATH\=Frameworks
    export BUNDLE_PLUGINS_FOLDER_PATH\=PlugIns
    export BUNDLE_PRIVATE_HEADERS_FOLDER_PATH\=PrivateHeaders
    export BUNDLE_PUBLIC_HEADERS_FOLDER_PATH\=Headers
    export CACHE_ROOT\=/var/folders/pj/76qzdyzd0077fjwvf34jpht00000gn/C/com.apple.DeveloperTools/26.0.1-17A400/Xcode
    export CCHROOT\=/var/folders/pj/76qzdyzd0077fjwvf34jpht00000gn/C/com.apple.DeveloperTools/26.0.1-17A400/Xcode
    export CHMOD\=/bin/chmod
    export CHOWN\=/usr/sbin/chown
    export CLANG_ANALYZER_LOCALIZABILITY_NONLOCALIZED\=YES
    export CLANG_CACHE_FINE_GRAINED_OUTPUTS\=YES
    export CLANG_CXX_LANGUAGE_STANDARD\=c++20
    export CLANG_CXX_LIBRARY\=libc++
    export CLANG_ENABLE_EXPLICIT_MODULES\=YES
    export CLANG_ENABLE_MODULES\=YES
    export CLANG_ENABLE_OBJC_ARC\=YES
    export CLANG_MODULES_BUILD_SESSION_FILE\=/Users/nathannovak/Library/Developer/Xcode/DerivedData/ModuleCache.noindex/Session.modulevalidation
    export CLANG_WARN_BLOCK_CAPTURE_AUTORELEASING\=YES
    export CLANG_WARN_BOOL_CONVERSION\=YES
    export CLANG_WARN_COMMA\=YES
    export CLANG_WARN_CONSTANT_CONVERSION\=YES
    export CLANG_WARN_DEPRECATED_OBJC_IMPLEMENTATIONS\=YES
    export CLANG_WARN_DIRECT_OBJC_ISA_USAGE\=YES_ERROR
    export CLANG_WARN_EMPTY_BODY\=YES
    export CLANG_WARN_ENUM_CONVERSION\=YES
    export CLANG_WARN_INFINITE_RECURSION\=YES
    export CLANG_WARN_INT_CONVERSION\=YES
    export CLANG_WARN_NON_LITERAL_NULL_CONVERSION\=YES
    export CLANG_WARN_OBJC_IMPLICIT_RETAIN_SELF\=YES
    export CLANG_WARN_OBJC_LITERAL_CONVERSION\=YES
    export CLANG_WARN_OBJC_ROOT_CLASS\=YES_ERROR
    export CLANG_WARN_QUOTED_INCLUDE_IN_FRAMEWORK_HEADER\=NO
    export CLANG_WARN_RANGE_LOOP_ANALYSIS\=YES
    export CLANG_WARN_STRICT_PROTOTYPES\=YES
    export CLANG_WARN_SUSPICIOUS_MOVE\=YES
    export CLANG_WARN_UNREACHABLE_CODE\=YES
    export CLANG_WARN__DUPLICATE_METHOD_MATCH\=YES
    export CLASS_FILE_DIR\=/Users/nathannovak/Library/Developer/Xcode/DerivedData/StraboSpot2-gztieqkdzpsbarfnoxqpkwxgfcqj/Build/Intermediates.noindex/StraboSpot2.build/Debug-iphonesimulator/StraboSpot2.build/JavaClasses
    export CLEAN_PRECOMPS\=YES
    export CLONE_HEADERS\=NO
    export CODESIGNING_FOLDER_PATH\=/Users/nathannovak/Library/Developer/Xcode/DerivedData/StraboSpot2-gztieqkdzpsbarfnoxqpkwxgfcqj/Build/Products/Debug-iphonesimulator/StraboSpot2.app
    export CODE_SIGNING_ALLOWED\=YES
    export CODE_SIGNING_REQUIRED\=YES
    export CODE_SIGN_CONTEXT_CLASS\=XCiPhoneSimulatorCodeSignContext
    export CODE_SIGN_IDENTITY\=-
    export CODE_SIGN_INJECT_BASE_ENTITLEMENTS\=YES
    export COLOR_DIAGNOSTICS\=NO
    export COMBINE_HIDPI_IMAGES\=NO
    export COMPILATION_CACHE_CAS_PATH\=/Users/nathannovak/Library/Developer/Xcode/DerivedData/CompilationCache.noindex
    export COMPILATION_CACHE_KEEP_CAS_DIRECTORY\=YES
    export COMPILER_INDEX_STORE_ENABLE\=Default
    export COMPOSITE_SDK_DIRS\=/Users/nathannovak/Library/Developer/Xcode/DerivedData/StraboSpot2-gztieqkdzpsbarfnoxqpkwxgfcqj/Build/Intermediates.noindex/CompositeSDKs
    export COMPRESS_PNG_FILES\=YES
    export CONFIGURATION\=Debug
    export CONFIGURATION_BUILD_DIR\=/Users/nathannovak/Library/Developer/Xcode/DerivedData/StraboSpot2-gztieqkdzpsbarfnoxqpkwxgfcqj/Build/Products/Debug-iphonesimulator
    export CONFIGURATION_TEMP_DIR\=/Users/nathannovak/Library/Developer/Xcode/DerivedData/StraboSpot2-gztieqkdzpsbarfnoxqpkwxgfcqj/Build/Intermediates.noindex/StraboSpot2.build/Debug-iphonesimulator
    export CONTENTS_FOLDER_PATH\=StraboSpot2.app
    export CONTENTS_FOLDER_PATH_SHALLOW_BUNDLE_NO\=StraboSpot2.app/Contents
    export CONTENTS_FOLDER_PATH_SHALLOW_BUNDLE_YES\=StraboSpot2.app
    export COPYING_PRESERVES_HFS_DATA\=NO
    export COPY_HEADERS_RUN_UNIFDEF\=NO
    export COPY_PHASE_STRIP\=NO
    export CORRESPONDING_DEVICE_PLATFORM_DIR\=/Applications/Xcode.app/Contents/Developer/Platforms/iPhoneOS.platform
    export CORRESPONDING_DEVICE_PLATFORM_NAME\=iphoneos
    export CORRESPONDING_DEVICE_SDK_DIR\=/Applications/Xcode.app/Contents/Developer/Platforms/iPhoneOS.platform/Developer/SDKs/iPhoneOS26.0.sdk
    export CORRESPONDING_DEVICE_SDK_NAME\=iphoneos26.0
    export CP\=/bin/cp
    export CREATE_INFOPLIST_SECTION_IN_BINARY\=NO
    export CURRENT_ARCH\=undefined_arch
    export CURRENT_PROJECT_VERSION\=150
    export CURRENT_VARIANT\=normal
    export DEAD_CODE_STRIPPING\=YES
    export DEBUGGING_SYMBOLS\=YES
    export DEBUG_INFORMATION_FORMAT\=dwarf-with-dsym
    export DEBUG_INFORMATION_VERSION\=compiler-default
    export DEFAULT_COMPILER\=com.apple.compilers.llvm.clang.1_0
    export DEFAULT_DEXT_INSTALL_PATH\=/System/Library/DriverExtensions
    export DEFAULT_KEXT_INSTALL_PATH\=/System/Library/Extensions
    export DEFINES_MODULE\=NO
    export DEPLOYMENT_LOCATION\=NO
    export DEPLOYMENT_POSTPROCESSING\=NO
    export DEPLOYMENT_TARGET_SETTING_NAME\=IPHONEOS_DEPLOYMENT_TARGET
    export DEPLOYMENT_TARGET_SUGGESTED_VALUES\=12.0\ 12.1\ 12.2\ 12.3\ 12.4\ 13.0\ 13.1\ 13.2\ 13.3\ 13.4\ 13.5\ 13.6\ 14.0\ 14.1\ 14.2\ 14.3\ 14.4\ 14.5\ 14.6\ 14.7\ 15.0\ 15.1\ 15.2\ 15.3\ 15.4\ 15.5\ 15.6\ 16.0\ 16.1\ 16.2\ 16.3\ 16.4\ 16.5\ 16.6\ 17.0\ 17.1\ 17.2\ 17.3\ 17.4\ 17.5\ 17.6\ 18.0\ 18.1\ 18.2\ 18.3\ 18.4\ 18.5\ 18.6\ 26.0
    export DERIVED_FILES_DIR\=/Users/nathannovak/Library/Developer/Xcode/DerivedData/StraboSpot2-gztieqkdzpsbarfnoxqpkwxgfcqj/Build/Intermediates.noindex/StraboSpot2.build/Debug-iphonesimulator/StraboSpot2.build/DerivedSources
    export DERIVED_FILE_DIR\=/Users/nathannovak/Library/Developer/Xcode/DerivedData/StraboSpot2-gztieqkdzpsbarfnoxqpkwxgfcqj/Build/Intermediates.noindex/StraboSpot2.build/Debug-iphonesimulator/StraboSpot2.build/DerivedSources
    export DERIVED_SOURCES_DIR\=/Users/nathannovak/Library/Developer/Xcode/DerivedData/StraboSpot2-gztieqkdzpsbarfnoxqpkwxgfcqj/Build/Intermediates.noindex/StraboSpot2.build/Debug-iphonesimulator/StraboSpot2.build/DerivedSources
    export DEVELOPER_APPLICATIONS_DIR\=/Applications/Xcode.app/Contents/Developer/Applications
    export DEVELOPER_BIN_DIR\=/Applications/Xcode.app/Contents/Developer/usr/bin
    export DEVELOPER_DIR\=/Applications/Xcode.app/Contents/Developer
    export DEVELOPER_FRAMEWORKS_DIR\=/Applications/Xcode.app/Contents/Developer/Library/Frameworks
    export DEVELOPER_FRAMEWORKS_DIR_QUOTED\=/Applications/Xcode.app/Contents/Developer/Library/Frameworks
    export DEVELOPER_LIBRARY_DIR\=/Applications/Xcode.app/Contents/Developer/Library
    export DEVELOPER_SDK_DIR\=/Applications/Xcode.app/Contents/Developer/Platforms/MacOSX.platform/Developer/SDKs
    export DEVELOPER_TOOLS_DIR\=/Applications/Xcode.app/Contents/Developer/Tools
    export DEVELOPER_USR_DIR\=/Applications/Xcode.app/Contents/Developer/usr
    export DEVELOPMENT_LANGUAGE\=en
    export DEVELOPMENT_TEAM\=5CQY5S92XA
    export DIAGNOSE_MISSING_TARGET_DEPENDENCIES\=YES
    export DIFF\=/usr/bin/diff
    export DOCUMENTATION_FOLDER_PATH\=StraboSpot2.app/en.lproj/Documentation
    export DONT_GENERATE_INFOPLIST_FILE\=NO
    export DSTROOT\=/tmp/StraboSpot2.dst
    export DT_TOOLCHAIN_DIR\=/Applications/Xcode.app/Contents/Developer/Toolchains/XcodeDefault.xctoolchain
    export DWARF_DSYM_FILE_NAME\=StraboSpot2.app.dSYM
    export DWARF_DSYM_FILE_SHOULD_ACCOMPANY_PRODUCT\=NO
    export DWARF_DSYM_FOLDER_PATH\=/Users/nathannovak/Library/Developer/Xcode/DerivedData/StraboSpot2-gztieqkdzpsbarfnoxqpkwxgfcqj/Build/Products/Debug-iphonesimulator
    export DYNAMIC_LIBRARY_EXTENSION\=dylib
    export EAGER_COMPILATION_ALLOW_SCRIPTS\=NO
    export EAGER_LINKING\=NO
    export EFFECTIVE_PLATFORM_NAME\=-iphonesimulator
    export EMBEDDED_CONTENT_CONTAINS_SWIFT\=NO
    export EMBED_ASSET_PACKS_IN_PRODUCT_BUNDLE\=NO
    export ENABLE_APP_SANDBOX\=NO
    export ENABLE_BITCODE\=NO
    export ENABLE_CODE_COVERAGE\=YES
    export ENABLE_CPLUSPLUS_BOUNDS_SAFE_BUFFERS\=NO
    export ENABLE_C_BOUNDS_SAFETY\=NO
    export ENABLE_DEBUG_DYLIB\=YES
    export ENABLE_DEFAULT_HEADER_SEARCH_PATHS\=YES
    export ENABLE_DEFAULT_SEARCH_PATHS\=YES
    export ENABLE_ENHANCED_SECURITY\=NO
    export ENABLE_HARDENED_RUNTIME\=NO
    export ENABLE_HEADER_DEPENDENCIES\=YES
    export ENABLE_INCOMING_NETWORK_CONNECTIONS\=NO
    export ENABLE_ON_DEMAND_RESOURCES\=YES
    export ENABLE_OUTGOING_NETWORK_CONNECTIONS\=NO
    export ENABLE_POINTER_AUTHENTICATION\=NO
    export ENABLE_PREVIEWS\=NO
    export ENABLE_RESOURCE_ACCESS_AUDIO_INPUT\=NO
    export ENABLE_RESOURCE_ACCESS_BLUETOOTH\=NO
    export ENABLE_RESOURCE_ACCESS_CALENDARS\=NO
    export ENABLE_RESOURCE_ACCESS_CAMERA\=NO
    export ENABLE_RESOURCE_ACCESS_CONTACTS\=NO
    export ENABLE_RESOURCE_ACCESS_LOCATION\=NO
    export ENABLE_RESOURCE_ACCESS_PHOTO_LIBRARY\=NO
    export ENABLE_RESOURCE_ACCESS_PRINTING\=NO
    export ENABLE_RESOURCE_ACCESS_USB\=NO
    export ENABLE_SDK_IMPORTS\=NO
    export ENABLE_SECURITY_COMPILER_WARNINGS\=NO
    export ENABLE_STRICT_OBJC_MSGSEND\=YES
    export ENABLE_TESTABILITY\=YES
    export ENABLE_TESTING_SEARCH_PATHS\=NO
    export ENABLE_USER_SCRIPT_SANDBOXING\=NO
    export ENABLE_XOJIT_PREVIEWS\=YES
    export ENFORCE_VALID_ARCHS\=YES
    export ENTITLEMENTS_ALLOWED\=NO
    export ENTITLEMENTS_DESTINATION\=__entitlements
    export ENTITLEMENTS_REQUIRED\=NO
    export EXCLUDED_ARCHS\=i386
    export EXCLUDED_INSTALLSRC_SUBDIRECTORY_PATTERNS\=.DS_Store\ .svn\ .git\ .hg\ CVS
    export EXCLUDED_RECURSIVE_SEARCH_PATH_SUBDIRECTORIES\=\*.nib\ \*.lproj\ \*.framework\ \*.gch\ \*.xcode\*\ \*.xcassets\ \*.icon\ \(\*\)\ .DS_Store\ CVS\ .svn\ .git\ .hg\ \*.pbproj\ \*.pbxproj
    export EXECUTABLES_FOLDER_PATH\=StraboSpot2.app/Executables
    export EXECUTABLE_BLANK_INJECTION_DYLIB_PATH\=StraboSpot2.app/__preview.dylib
    export EXECUTABLE_DEBUG_DYLIB_INSTALL_NAME\=@rpath/StraboSpot2.debug.dylib
    export EXECUTABLE_DEBUG_DYLIB_PATH\=StraboSpot2.app/StraboSpot2.debug.dylib
    export EXECUTABLE_FOLDER_PATH\=StraboSpot2.app
    export EXECUTABLE_FOLDER_PATH_SHALLOW_BUNDLE_NO\=StraboSpot2.app/MacOS
    export EXECUTABLE_FOLDER_PATH_SHALLOW_BUNDLE_YES\=StraboSpot2.app
    export EXECUTABLE_NAME\=StraboSpot2
    export EXECUTABLE_PATH\=StraboSpot2.app/StraboSpot2
    export EXPANDED_CODE_SIGN_IDENTITY\=-
    export EXPANDED_CODE_SIGN_IDENTITY_NAME\=Sign\ to\ Run\ Locally
    export EXTENSIONS_FOLDER_PATH\=StraboSpot2.app/Extensions
    export FILE_LIST\=/Users/nathannovak/Library/Developer/Xcode/DerivedData/StraboSpot2-gztieqkdzpsbarfnoxqpkwxgfcqj/Build/Intermediates.noindex/StraboSpot2.build/Debug-iphonesimulator/StraboSpot2.build/Objects/LinkFileList
    export FIXED_FILES_DIR\=/Users/nathannovak/Library/Developer/Xcode/DerivedData/StraboSpot2-gztieqkdzpsbarfnoxqpkwxgfcqj/Build/Intermediates.noindex/StraboSpot2.build/Debug-iphonesimulator/StraboSpot2.build/FixedFiles
    export FRAMEWORKS_FOLDER_PATH\=StraboSpot2.app/Frameworks
    export FRAMEWORK_FLAG_PREFIX\=-framework
    export FRAMEWORK_SEARCH_PATHS\=/Users/nathannovak/Library/Developer/Xcode/DerivedData/StraboSpot2-gztieqkdzpsbarfnoxqpkwxgfcqj/Build/Products/Debug-iphonesimulator\ \ \"/Users/nathannovak/Library/Developer/Xcode/DerivedData/StraboSpot2-gztieqkdzpsbarfnoxqpkwxgfcqj/Build/Products/Debug-iphonesimulator/MapboxMaps\"\ \"/Users/nathannovak/Library/Developer/Xcode/DerivedData/StraboSpot2-gztieqkdzpsbarfnoxqpkwxgfcqj/Build/Products/Debug-iphonesimulator/Turf\"\ \"/Users/nathannovak/Development/Apps/StraboSpot2/ios/Pods/MapboxCommon\"\ \"/Users/nathannovak/Development/Apps/StraboSpot2/ios/Pods/MapboxCoreMaps\"\ \"/Users/nathannovak/Development/Apps/StraboSpot2/ios/Pods/MapboxMobileEvents\"\ \"/Users/nathannovak/Development/Apps/StraboSpot2/ios/Pods/hermes-engine/destroot/Library/Frameworks/universal\"\ \"/Users/nathannovak/Library/Developer/Xcode/DerivedData/StraboSpot2-gztieqkdzpsbarfnoxqpkwxgfcqj/Build/Products/Debug-iphonesimulator/XCFrameworkIntermediates/MapboxCommon\"\ \"/Users/nathannovak/Library/Developer/Xcode/DerivedData/StraboSpot2-gztieqkdzpsbarfnoxqpkwxgfcqj/Build/Products/Debug-iphonesimulator/XCFrameworkIntermediates/MapboxCoreMaps\"\ \"/Users/nathannovak/Library/Developer/Xcode/DerivedData/StraboSpot2-gztieqkdzpsbarfnoxqpkwxgfcqj/Build/Products/Debug-iphonesimulator/XCFrameworkIntermediates/MapboxMobileEvents\"\ \"/Users/nathannovak/Library/Developer/Xcode/DerivedData/StraboSpot2-gztieqkdzpsbarfnoxqpkwxgfcqj/Build/Products/Debug-iphonesimulator/XCFrameworkIntermediates/hermes-engine/Pre-built\"
    export FRAMEWORK_VERSION\=A
    export FULL_PRODUCT_NAME\=StraboSpot2.app
    export FUSE_BUILD_PHASES\=YES
    export FUSE_BUILD_SCRIPT_PHASES\=NO
    export GCC3_VERSION\=3.3
    export GCC_C_LANGUAGE_STANDARD\=gnu99
    export GCC_DYNAMIC_NO_PIC\=NO
    export GCC_INLINES_ARE_PRIVATE_EXTERN\=YES
    export GCC_NO_COMMON_BLOCKS\=YES
    export GCC_OBJC_LEGACY_DISPATCH\=YES
    export GCC_OPTIMIZATION_LEVEL\=0
    export GCC_PFE_FILE_C_DIALECTS\=c\ objective-c\ c++\ objective-c++
    export GCC_PREPROCESSOR_DEFINITIONS\=DEBUG\=1\ \ COCOAPODS\=1
    export GCC_SYMBOLS_PRIVATE_EXTERN\=NO
    export GCC_TREAT_WARNINGS_AS_ERRORS\=NO
    export GCC_VERSION\=com.apple.compilers.llvm.clang.1_0
    export GCC_VERSION_IDENTIFIER\=com_apple_compilers_llvm_clang_1_0
    export GCC_WARN_64_TO_32_BIT_CONVERSION\=YES
    export GCC_WARN_ABOUT_RETURN_TYPE\=YES_ERROR
    export GCC_WARN_UNDECLARED_SELECTOR\=YES
    export GCC_WARN_UNINITIALIZED_AUTOS\=YES_AGGRESSIVE
    export GCC_WARN_UNUSED_FUNCTION\=YES
    export GCC_WARN_UNUSED_VARIABLE\=YES
    export GENERATED_MODULEMAP_DIR\=/Users/nathannovak/Library/Developer/Xcode/DerivedData/StraboSpot2-gztieqkdzpsbarfnoxqpkwxgfcqj/Build/Intermediates.noindex/GeneratedModuleMaps-iphonesimulator
    export GENERATE_INFOPLIST_FILE\=NO
    export GENERATE_INTERMEDIATE_TEXT_BASED_STUBS\=YES
    export GENERATE_PKGINFO_FILE\=YES
    export GENERATE_PRELINK_OBJECT_FILE\=NO
    export GENERATE_PROFILING_CODE\=NO
    export GENERATE_TEXT_BASED_STUBS\=NO
    export GID\=20
    export GROUP\=staff
    export HEADERMAP_INCLUDES_FLAT_ENTRIES_FOR_TARGET_BEING_BUILT\=YES
    export HEADERMAP_INCLUDES_FRAMEWORK_ENTRIES_FOR_ALL_PRODUCT_TYPES\=YES
    export HEADERMAP_INCLUDES_FRAMEWORK_ENTRIES_FOR_TARGETS_NOT_BEING_BUILT\=YES
    export HEADERMAP_INCLUDES_NONPUBLIC_NONPRIVATE_HEADERS\=YES
    export HEADERMAP_INCLUDES_PROJECT_HEADERS\=YES
    export HEADERMAP_USES_FRAMEWORK_PREFIX_ENTRIES\=YES
    export HEADERMAP_USES_VFS\=NO
    export HEADER_SEARCH_PATHS\=/Users/nathannovak/Library/Developer/Xcode/DerivedData/StraboSpot2-gztieqkdzpsbarfnoxqpkwxgfcqj/Build/Products/Debug-iphonesimulator/include\ \ \"/Users/nathannovak/Library/Developer/Xcode/DerivedData/StraboSpot2-gztieqkdzpsbarfnoxqpkwxgfcqj/Build/Products/Debug-iphonesimulator/MapboxMaps/MapboxMaps.framework/Headers\"\ \"/Users/nathannovak/Library/Developer/Xcode/DerivedData/StraboSpot2-gztieqkdzpsbarfnoxqpkwxgfcqj/Build/Products/Debug-iphonesimulator/Turf/Turf.framework/Headers\"\ \"/Users/nathannovak/Development/Apps/StraboSpot2/ios/Pods/Headers/Public\"\ \"/Users/nathannovak/Development/Apps/StraboSpot2/ios/Pods/Headers/Public/DoubleConversion\"\ \"/Users/nathannovak/Development/Apps/StraboSpot2/ios/Pods/Headers/Public/EXConstants\"\ \"/Users/nathannovak/Development/Apps/StraboSpot2/ios/Pods/Headers/Public/EXJSONUtils\"\ \"/Users/nathannovak/Development/Apps/StraboSpot2/ios/Pods/Headers/Public/EXStructuredHeaders\"\ \"/Users/nathannovak/Development/Apps/StraboSpot2/ios/Pods/Headers/Public/EXUpdates\"\ \"/Users/nathannovak/Development/Apps/StraboSpot2/ios/Pods/Headers/Public/Expo\"\ \"/Users/nathannovak/Development/Apps/StraboSpot2/ios/Pods/Headers/Public/ExpoFileSystem\"\ \"/Users/nathannovak/Development/Apps/StraboSpot2/ios/Pods/Headers/Public/ExpoModulesCore\"\ \"/Users/nathannovak/Development/Apps/StraboSpot2/ios/Pods/Headers/Public/FBLazyVector\"\ \"/Users/nathannovak/Development/Apps/StraboSpot2/ios/Pods/Headers/Public/RCT-Folly\"\ \"/Users/nathannovak/Development/Apps/StraboSpot2/ios/Pods/Headers/Public/RCTDeprecation\"\ \"/Users/nathannovak/Development/Apps/StraboSpot2/ios/Pods/Headers/Public/RCTRequired\"\ \"/Users/nathannovak/Development/Apps/StraboSpot2/ios/Pods/Headers/Public/RCTTypeSafety\"\ \"/Users/nathannovak/Development/Apps/StraboSpot2/ios/Pods/Headers/Public/RNCAsyncStorage\"\ \"/Users/nathannovak/Development/Apps/StraboSpot2/ios/Pods/Headers/Public/RNCClipboard\"\ \"/Users/nathannovak/Development/Apps/StraboSpot2/ios/Pods/Headers/Public/RNCPicker\"\ \"/Users/nathannovak/Development/Apps/StraboSpot2/ios/Pods/Headers/Public/RNDateTimePicker\"\ \"/Users/nathannovak/Development/Apps/StraboSpot2/ios/Pods/Headers/Public/RNDeviceInfo\"\ \"/Users/nathannovak/Development/Apps/StraboSpot2/ios/Pods/Headers/Public/RNFS\"\ \"/Users/nathannovak/Development/Apps/StraboSpot2/ios/Pods/Headers/Public/RNGestureHandler\"\ \"/Users/nathannovak/Development/Apps/StraboSpot2/ios/Pods/Headers/Public/RNReanimated\"\ \"/Users/nathannovak/Development/Apps/StraboSpot2/ios/Pods/Headers/Public/RNScreens\"\ \"/Users/nathannovak/Development/Apps/StraboSpot2/ios/Pods/Headers/Public/RNSensors\"\ \"/Users/nathannovak/Development/Apps/StraboSpot2/ios/Pods/Headers/Public/RNSentry\"\ \"/Users/nathannovak/Development/Apps/StraboSpot2/ios/Pods/Headers/Public/RNSketchCanvas\"\ \"/Users/nathannovak/Development/Apps/StraboSpot2/ios/Pods/Headers/Public/RNSoundPlayer\"\ \"/Users/nathannovak/Development/Apps/StraboSpot2/ios/Pods/Headers/Public/RNVectorIcons\"\ \"/Users/nathannovak/Development/Apps/StraboSpot2/ios/Pods/Headers/Public/RNZipArchive\"\ \"/Users/nathannovak/Development/Apps/StraboSpot2/ios/Pods/Headers/Public/React-Core\"\ \"/Users/nathannovak/Development/Apps/StraboSpot2/ios/Pods/Headers/Public/React-Fabric\"\ \"/Users/nathannovak/Development/Apps/StraboSpot2/ios/Pods/Headers/Public/React-FabricComponents\"\ \"/Users/nathannovak/Development/Apps/StraboSpot2/ios/Pods/Headers/Public/React-FabricImage\"\ \"/Users/nathannovak/Development/Apps/StraboSpot2/ios/Pods/Headers/Public/React-ImageManager\"\ \"/Users/nathannovak/Development/Apps/StraboSpot2/ios/Pods/Headers/Public/React-Mapbuffer\"\ \"/Users/nathannovak/Development/Apps/StraboSpot2/ios/Pods/Headers/Public/React-NativeModulesApple\"\ \"/Users/nathannovak/Development/Apps/StraboSpot2/ios/Pods/Headers/Public/React-RCTAnimation\"\ \"/Users/nathannovak/Development/Apps/StraboSpot2/ios/Pods/Headers/Public/React-RCTAppDelegate\"\ \"/Users/nathannovak/Development/Apps/StraboSpot2/ios/Pods/Headers/Public/React-RCTBlob\"\ \"/Users/nathannovak/Development/Apps/StraboSpot2/ios/Pods/Headers/Public/React-RCTFBReactNativeSpec\"\ \"/Users/nathannovak/Development/Apps/StraboSpot2/ios/Pods/Headers/Public/React-RCTFabric\"\ \"/Users/nathannovak/Development/Apps/StraboSpot2/ios/Pods/Headers/Public/React-RCTRuntime\"\ \"/Users/nathannovak/Development/Apps/StraboSpot2/ios/Pods/Headers/Public/React-RCTText\"\ \"/Users/nathannovak/Development/Apps/StraboSpot2/ios/Pods/Headers/Public/React-RuntimeApple\"\ \"/Users/nathannovak/Development/Apps/StraboSpot2/ios/Pods/Headers/Public/React-RuntimeCore\"\ \"/Users/nathannovak/Development/Apps/StraboSpot2/ios/Pods/Headers/Public/React-RuntimeHermes\"\ \"/Users/nathannovak/Development/Apps/StraboSpot2/ios/Pods/Headers/Public/React-callinvoker\"\ \"/Users/nathannovak/Development/Apps/StraboSpot2/ios/Pods/Headers/Public/React-cxxreact\"\ \"/Users/nathannovak/Development/Apps/StraboSpot2/ios/Pods/Headers/Public/React-debug\"\ \"/Users/nathannovak/Development/Apps/StraboSpot2/ios/Pods/Headers/Public/React-defaultsnativemodule\"\ \"/Users/nathannovak/Development/Apps/StraboSpot2/ios/Pods/Headers/Public/React-domnativemodule\"\ \"/Users/nathannovak/Development/Apps/StraboSpot2/ios/Pods/Headers/Public/React-featureflags\"\ \"/Users/nathannovak/Development/Apps/StraboSpot2/ios/Pods/Headers/Public/React-featureflagsnativemodule\"\ \"/Users/nathannovak/Development/Apps/StraboSpot2/ios/Pods/Headers/Public/React-graphics\"\ \"/Users/nathannovak/Development/Apps/StraboSpot2/ios/Pods/Headers/Public/React-hermes\"\ \"/Users/nathannovak/Development/Apps/StraboSpot2/ios/Pods/Headers/Public/React-idlecallbacksnativemodule\"\ \"/Users/nathannovak/Development/Apps/StraboSpot2/ios/Pods/Headers/Public/React-jserrorhandler\"\ \"/Users/nathannovak/Development/Apps/StraboSpot2/ios/Pods/Headers/Public/React-jsi\"\ \"/Users/nathannovak/Development/Apps/StraboSpot2/ios/Pods/Headers/Public/React-jsiexecutor\"\ \"/Users/nathannovak/Development/Apps/StraboSpot2/ios/Pods/Headers/Public/React-jsinspector\"\ \"/Users/nathannovak/Development/Apps/StraboSpot2/ios/Pods/Headers/Public/React-jsinspectortracing\"\ \"/Users/nathannovak/Development/Apps/StraboSpot2/ios/Pods/Headers/Public/React-jsitooling\"\ \"/Users/nathannovak/Development/Apps/StraboSpot2/ios/Pods/Headers/Public/React-logger\"\ \"/Users/nathannovak/Development/Apps/StraboSpot2/ios/Pods/Headers/Public/React-microtasksnativemodule\"\ \"/Users/nathannovak/Development/Apps/StraboSpot2/ios/Pods/Headers/Public/React-oscompat\"\ \"/Users/nathannovak/Development/Apps/StraboSpot2/ios/Pods/Headers/Public/React-perflogger\"\ \"/Users/nathannovak/Development/Apps/StraboSpot2/ios/Pods/Headers/Public/React-performancetimeline\"\ \"/Users/nathannovak/Development/Apps/StraboSpot2/ios/Pods/Headers/Public/React-rendererconsistency\"\ \"/Users/nathannovak/Development/Apps/StraboSpot2/ios/Pods/Headers/Public/React-renderercss\"\ \"/Users/nathannovak/Development/Apps/StraboSpot2/ios/Pods/Headers/Public/React-rendererdebug\"\ \"/Users/nathannovak/Development/Apps/StraboSpot2/ios/Pods/Headers/Public/React-runtimeexecutor\"\ \"/Users/nathannovak/Development/Apps/StraboSpot2/ios/Pods/Headers/Public/React-runtimescheduler\"\ \"/Users/nathannovak/Development/Apps/StraboSpot2/ios/Pods/Headers/Public/React-timing\"\ \"/Users/nathannovak/Development/Apps/StraboSpot2/ios/Pods/Headers/Public/React-utils\"\ \"/Users/nathannovak/Development/Apps/StraboSpot2/ios/Pods/Headers/Public/ReactAppDependencyProvider\"\ \"/Users/nathannovak/Development/Apps/StraboSpot2/ios/Pods/Headers/Public/ReactCodegen\"\ \"/Users/nathannovak/Development/Apps/StraboSpot2/ios/Pods/Headers/Public/ReactCommon\"\ \"/Users/nathannovak/Development/Apps/StraboSpot2/ios/Pods/Headers/Public/ReactNativeKeyboardManager\"\ \"/Users/nathannovak/Development/Apps/StraboSpot2/ios/Pods/Headers/Public/SSZipArchive\"\ \"/Users/nathannovak/Development/Apps/StraboSpot2/ios/Pods/Headers/Public/Sentry\"\ \"/Users/nathannovak/Development/Apps/StraboSpot2/ios/Pods/Headers/Public/SocketRocket\"\ \"/Users/nathannovak/Development/Apps/StraboSpot2/ios/Pods/Headers/Public/Yoga\"\ \"/Users/nathannovak/Development/Apps/StraboSpot2/ios/Pods/Headers/Public/boost\"\ \"/Users/nathannovak/Development/Apps/StraboSpot2/ios/Pods/Headers/Public/fast_float\"\ \"/Users/nathannovak/Development/Apps/StraboSpot2/ios/Pods/Headers/Public/fmt\"\ \"/Users/nathannovak/Development/Apps/StraboSpot2/ios/Pods/Headers/Public/glog\"\ \"/Users/nathannovak/Development/Apps/StraboSpot2/ios/Pods/Headers/Public/hermes-engine\"\ \"/Users/nathannovak/Development/Apps/StraboSpot2/ios/Pods/Headers/Public/lottie-react-native\"\ \"/Users/nathannovak/Development/Apps/StraboSpot2/ios/Pods/Headers/Public/react-native-blob-util\"\ \"/Users/nathannovak/Development/Apps/StraboSpot2/ios/Pods/Headers/Public/react-native-document-picker\"\ \"/Users/nathannovak/Development/Apps/StraboSpot2/ios/Pods/Headers/Public/react-native-geolocation\"\ \"/Users/nathannovak/Development/Apps/StraboSpot2/ios/Pods/Headers/Public/react-native-get-random-values\"\ \"/Users/nathannovak/Development/Apps/StraboSpot2/ios/Pods/Headers/Public/react-native-image-picker\"\ \"/Users/nathannovak/Development/Apps/StraboSpot2/ios/Pods/Headers/Public/react-native-image-resizer\"\ \"/Users/nathannovak/Development/Apps/StraboSpot2/ios/Pods/Headers/Public/react-native-keep-awake\"\ \"/Users/nathannovak/Development/Apps/StraboSpot2/ios/Pods/Headers/Public/react-native-netinfo\"\ \"/Users/nathannovak/Development/Apps/StraboSpot2/ios/Pods/Headers/Public/react-native-orientation-director\"\ \"/Users/nathannovak/Development/Apps/StraboSpot2/ios/Pods/Headers/Public/react-native-pager-view\"\ \"/Users/nathannovak/Development/Apps/StraboSpot2/ios/Pods/Headers/Public/react-native-pdf\"\ \"/Users/nathannovak/Development/Apps/StraboSpot2/ios/Pods/Headers/Public/react-native-safe-area-context\"\ \"/Users/nathannovak/Development/Apps/StraboSpot2/ios/Pods/Headers/Public/react-native-slider\"\ \"/Users/nathannovak/Development/Apps/StraboSpot2/ios/Pods/Headers/Public/rnmapbox-maps\"\ \"/Users/nathannovak/Development/Apps/StraboSpot2/ios/Pods/DoubleConversion\"\ \"/Users/nathannovak/Library/Developer/Xcode/DerivedData/StraboSpot2-gztieqkdzpsbarfnoxqpkwxgfcqj/Build/Products/Debug-iphonesimulator/EXManifests/Swift\ Compatibility\ Header\"\ \"/Users/nathannovak/Library/Developer/Xcode/DerivedData/StraboSpot2-gztieqkdzpsbarfnoxqpkwxgfcqj/Build/Products/Debug-iphonesimulator/EXUpdates/Swift\ Compatibility\ Header\"\ \"/Users/nathannovak/Library/Developer/Xcode/DerivedData/StraboSpot2-gztieqkdzpsbarfnoxqpkwxgfcqj/Build/Products/Debug-iphonesimulator/EXUpdatesInterface/Swift\ Compatibility\ Header\"\ \"/Users/nathannovak/Library/Developer/Xcode/DerivedData/StraboSpot2-gztieqkdzpsbarfnoxqpkwxgfcqj/Build/Products/Debug-iphonesimulator/Expo/Swift\ Compatibility\ Header\"\ \"/Users/nathannovak/Development/Apps/StraboSpot2/ios/Pods/Headers/Private/Yoga\"\ \"/Users/nathannovak/Library/Developer/Xcode/DerivedData/StraboSpot2-gztieqkdzpsbarfnoxqpkwxgfcqj/Build/Products/Debug-iphonesimulator/ExpoModulesCore/Swift\ Compatibility\ Header\"\ \"/Users/nathannovak/Development/Apps/StraboSpot2/ios/Pods/Headers/Private/Yoga\"\ \"/Users/nathannovak/Development/Apps/StraboSpot2/ios/Pods/boost\"\ \"/Users/nathannovak/Development/Apps/StraboSpot2/ios/Pods/boost\"\ \"/Users/nathannovak/Development/Apps/StraboSpot2/ios/Pods/boost-for-react-native\"\ \"/Users/nathannovak/Development/Apps/StraboSpot2/ios/Pods/glog\"\ \"/Users/nathannovak/Development/Apps/StraboSpot2/ios/Pods/RCT-Folly\"\ \"/Users/nathannovak/Development/Apps/StraboSpot2/ios/Pods/Headers/Public/React-hermes\"\ \"/Users/nathannovak/Development/Apps/StraboSpot2/ios/Pods/Headers/Public/hermes-engine\"\ \"/Users/nathannovak/Development/Apps/StraboSpot2/ios/Pods/../../node_modules/react-native/ReactCommon\"\ \"/Users/nathannovak/Development/Apps/StraboSpot2/ios/Pods/../../node_modules/react-native-reanimated/apple\"\ \"/Users/nathannovak/Development/Apps/StraboSpot2/ios/Pods/../../node_modules/react-native-reanimated/Common/cpp\"\ \"/Users/nathannovak/Development/Apps/StraboSpot2/ios/Pods/Headers/Private/React-Core\"\ \"/Users/nathannovak/Development/Apps/StraboSpot2/ios/Pods/Headers/Private/React-Core\"\ \"/Users/nathannovak/Development/Apps/StraboSpot2/ios/Pods/Headers/Private/Yoga\"
    export HOME\=/Users/nathannovak
    export HOST_ARCH\=x86_64
    export HOST_PLATFORM\=macosx
    export ICONV\=/usr/bin/iconv
    export IMPLICIT_DEPENDENCY_DOMAIN\=default
    export INFOPLIST_ENABLE_CFBUNDLEICONS_MERGE\=YES
    export INFOPLIST_EXPAND_BUILD_SETTINGS\=YES
    export INFOPLIST_FILE\=StraboSpot2/Info.plist
    export INFOPLIST_KEY_CFBundleDisplayName\=StraboField
    export INFOPLIST_OUTPUT_FORMAT\=binary
    export INFOPLIST_PATH\=StraboSpot2.app/Info.plist
    export INFOPLIST_PREPROCESS\=NO
    export INFOSTRINGS_PATH\=StraboSpot2.app/en.lproj/InfoPlist.strings
    export INLINE_PRIVATE_FRAMEWORKS\=NO
    export INSTALLAPI_IGNORE_SKIP_INSTALL\=YES
    export INSTALLHDRS_COPY_PHASE\=NO
    export INSTALLHDRS_SCRIPT_PHASE\=NO
    export INSTALL_DIR\=/tmp/StraboSpot2.dst/Applications
    export INSTALL_GROUP\=staff
    export INSTALL_MODE_FLAG\=u+w,go-w,a+rX
    export INSTALL_OWNER\=nathannovak
    export INSTALL_PATH\=/Applications
    export INSTALL_ROOT\=/tmp/StraboSpot2.dst
    export IPHONEOS_DEPLOYMENT_TARGET\=15.6
    export IS_UNOPTIMIZED_BUILD\=YES
    export JAVAC_DEFAULT_FLAGS\=-J-Xms64m\ -J-XX:NewSize\=4M\ -J-Dfile.encoding\=UTF8
    export JAVA_APP_STUB\=/System/Library/Frameworks/JavaVM.framework/Resources/MacOS/JavaApplicationStub
    export JAVA_ARCHIVE_CLASSES\=YES
    export JAVA_ARCHIVE_TYPE\=JAR
    export JAVA_COMPILER\=/usr/bin/javac
    export JAVA_FOLDER_PATH\=StraboSpot2.app/Java
    export JAVA_FRAMEWORK_RESOURCES_DIRS\=Resources
    export JAVA_JAR_FLAGS\=cv
    export JAVA_SOURCE_SUBDIR\=.
    export JAVA_USE_DEPENDENCIES\=YES
    export JAVA_ZIP_FLAGS\=-urg
    export JIKES_DEFAULT_FLAGS\=+E\ +OLDCSO
    export KEEP_PRIVATE_EXTERNS\=NO
    export LD_DEPENDENCY_INFO_FILE\=/Users/nathannovak/Library/Developer/Xcode/DerivedData/StraboSpot2-gztieqkdzpsbarfnoxqpkwxgfcqj/Build/Intermediates.noindex/StraboSpot2.build/Debug-iphonesimulator/StraboSpot2.build/Objects-normal/undefined_arch/StraboSpot2_dependency_info.dat
    export LD_ENTITLEMENTS_SECTION\=/Users/nathannovak/Library/Developer/Xcode/DerivedData/StraboSpot2-gztieqkdzpsbarfnoxqpkwxgfcqj/Build/Intermediates.noindex/StraboSpot2.build/Debug-iphonesimulator/StraboSpot2.build/StraboSpot2.app-Simulated.xcent
    export LD_ENTITLEMENTS_SECTION_DER\=/Users/nathannovak/Library/Developer/Xcode/DerivedData/StraboSpot2-gztieqkdzpsbarfnoxqpkwxgfcqj/Build/Intermediates.noindex/StraboSpot2.build/Debug-iphonesimulator/StraboSpot2.build/StraboSpot2.app-Simulated.xcent.der
    export LD_EXPORT_SYMBOLS\=YES
    export LD_GENERATE_MAP_FILE\=NO
    export LD_MAP_FILE_PATH\=/Users/nathannovak/Library/Developer/Xcode/DerivedData/StraboSpot2-gztieqkdzpsbarfnoxqpkwxgfcqj/Build/Intermediates.noindex/StraboSpot2.build/Debug-iphonesimulator/StraboSpot2.build/StraboSpot2-LinkMap-normal-undefined_arch.txt
    export LD_NO_PIE\=NO
    export LD_QUOTE_LINKER_ARGUMENTS_FOR_COMPILER_DRIVER\=YES
    export LD_RUNPATH_SEARCH_PATHS\=/usr/lib/swift\ \ /usr/lib/swift\ \'@executable_path/Frameworks\'\ \'@loader_path/Frameworks\'\ @executable_path/Frameworks
    export LD_RUNPATH_SEARCH_PATHS_YES\=@loader_path/../Frameworks
    export LD_SHARED_CACHE_ELIGIBLE\=Automatic
    export LD_WARN_DUPLICATE_LIBRARIES\=NO
    export LD_WARN_UNUSED_DYLIBS\=NO
    export LEGACY_DEVELOPER_DIR\=/Applications/Xcode.app/Contents/PlugIns/Xcode3Core.ideplugin/Contents/SharedSupport/Developer
    export LEX\=lex
    export LIBRARY_DEXT_INSTALL_PATH\=/Library/DriverExtensions
    export LIBRARY_FLAG_NOSPACE\=YES
    export LIBRARY_FLAG_PREFIX\=-l
    export LIBRARY_KEXT_INSTALL_PATH\=/Library/Extensions
    export LIBRARY_SEARCH_PATHS\=/Users/nathannovak/Library/Developer/Xcode/DerivedData/StraboSpot2-gztieqkdzpsbarfnoxqpkwxgfcqj/Build/Products/Debug-iphonesimulator\ /Applications/Xcode.app/Contents/Developer/Platforms/iPhoneSimulator.platform/Developer/SDKs/iPhoneSimulator26.0.sdk/usr/lib/swift\ /Applications/Xcode.app/Contents/Developer/Toolchains/XcodeDefault.xctoolchain/usr/lib/swift/iphonesimulator\ /Users/nathannovak/Library/Developer/Xcode/DerivedData/StraboSpot2-gztieqkdzpsbarfnoxqpkwxgfcqj/Build/Products/Debug-iphonesimulator/DoubleConversion\ /Users/nathannovak/Library/Developer/Xcode/DerivedData/StraboSpot2-gztieqkdzpsbarfnoxqpkwxgfcqj/Build/Products/Debug-iphonesimulator/EASClient\ /Users/nathannovak/Library/Developer/Xcode/DerivedData/StraboSpot2-gztieqkdzpsbarfnoxqpkwxgfcqj/Build/Products/Debug-iphonesimulator/EXConstants\ /Users/nathannovak/Library/Developer/Xcode/DerivedData/StraboSpot2-gztieqkdzpsbarfnoxqpkwxgfcqj/Build/Products/Debug-iphonesimulator/EXJSONUtils\ /Users/nathannovak/Library/Developer/Xcode/DerivedData/StraboSpot2-gztieqkdzpsbarfnoxqpkwxgfcqj/Build/Products/Debug-iphonesimulator/EXManifests\ /Users/nathannovak/Library/Developer/Xcode/DerivedData/StraboSpot2-gztieqkdzpsbarfnoxqpkwxgfcqj/Build/Products/Debug-iphonesimulator/EXStructuredHeaders\ /Users/nathannovak/Library/Developer/Xcode/DerivedData/StraboSpot2-gztieqkdzpsbarfnoxqpkwxgfcqj/Build/Products/Debug-iphonesimulator/EXUpdates\ /Users/nathannovak/Library/Developer/Xcode/DerivedData/StraboSpot2-gztieqkdzpsbarfnoxqpkwxgfcqj/Build/Products/Debug-iphonesimulator/EXUpdatesInterface\ /Users/nathannovak/Library/Developer/Xcode/DerivedData/StraboSpot2-gztieqkdzpsbarfnoxqpkwxgfcqj/Build/Products/Debug-iphonesimulator/Expo\ /Users/nathannovak/Library/Developer/Xcode/DerivedData/StraboSpot2-gztieqkdzpsbarfnoxqpkwxgfcqj/Build/Products/Debug-iphonesimulator/ExpoAsset\ /Users/nathannovak/Library/Developer/Xcode/DerivedData/StraboSpot2-gztieqkdzpsbarfnoxqpkwxgfcqj/Build/Products/Debug-iphonesimulator/ExpoFileSystem\ /Users/nathannovak/Library/Developer/Xcode/DerivedData/StraboSpot2-gztieqkdzpsbarfnoxqpkwxgfcqj/Build/Products/Debug-iphonesimulator/ExpoFont\ /Users/nathannovak/Library/Developer/Xcode/DerivedData/StraboSpot2-gztieqkdzpsbarfnoxqpkwxgfcqj/Build/Products/Debug-iphonesimulator/ExpoKeepAwake\ /Users/nathannovak/Library/Developer/Xcode/DerivedData/StraboSpot2-gztieqkdzpsbarfnoxqpkwxgfcqj/Build/Products/Debug-iphonesimulator/ExpoModulesCore\ /Users/nathannovak/Library/Developer/Xcode/DerivedData/StraboSpot2-gztieqkdzpsbarfnoxqpkwxgfcqj/Build/Products/Debug-iphonesimulator/IQKeyboardManagerSwift\ /Users/nathannovak/Library/Developer/Xcode/DerivedData/StraboSpot2-gztieqkdzpsbarfnoxqpkwxgfcqj/Build/Products/Debug-iphonesimulator/RCT-Folly\ /Users/nathannovak/Library/Developer/Xcode/DerivedData/StraboSpot2-gztieqkdzpsbarfnoxqpkwxgfcqj/Build/Products/Debug-iphonesimulator/RCTDeprecation\ /Users/nathannovak/Library/Developer/Xcode/DerivedData/StraboSpot2-gztieqkdzpsbarfnoxqpkwxgfcqj/Build/Products/Debug-iphonesimulator/RCTTypeSafety\ /Users/nathannovak/Library/Developer/Xcode/DerivedData/StraboSpot2-gztieqkdzpsbarfnoxqpkwxgfcqj/Build/Products/Debug-iphonesimulator/RNCAsyncStorage\ /Users/nathannovak/Library/Developer/Xcode/DerivedData/StraboSpot2-gztieqkdzpsbarfnoxqpkwxgfcqj/Build/Products/Debug-iphonesimulator/RNCClipboard\ /Users/nathannovak/Library/Developer/Xcode/DerivedData/StraboSpot2-gztieqkdzpsbarfnoxqpkwxgfcqj/Build/Products/Debug-iphonesimulator/RNCPicker\ /Users/nathannovak/Library/Developer/Xcode/DerivedData/StraboSpot2-gztieqkdzpsbarfnoxqpkwxgfcqj/Build/Products/Debug-iphonesimulator/RNDateTimePicker\ /Users/nathannovak/Library/Developer/Xcode/DerivedData/StraboSpot2-gztieqkdzpsbarfnoxqpkwxgfcqj/Build/Products/Debug-iphonesimulator/RNDeviceInfo\ /Users/nathannovak/Library/Developer/Xcode/DerivedData/StraboSpot2-gztieqkdzpsbarfnoxqpkwxgfcqj/Build/Products/Debug-iphonesimulator/RNFS\ /Users/nathannovak/Library/Developer/Xcode/DerivedData/StraboSpot2-gztieqkdzpsbarfnoxqpkwxgfcqj/Build/Products/Debug-iphonesimulator/RNGestureHandler\ /Users/nathannovak/Library/Developer/Xcode/DerivedData/StraboSpot2-gztieqkdzpsbarfnoxqpkwxgfcqj/Build/Products/Debug-iphonesimulator/RNReanimated\ /Users/nathannovak/Library/Developer/Xcode/DerivedData/StraboSpot2-gztieqkdzpsbarfnoxqpkwxgfcqj/Build/Products/Debug-iphonesimulator/RNScreens\ /Users/nathannovak/Library/Developer/Xcode/DerivedData/StraboSpot2-gztieqkdzpsbarfnoxqpkwxgfcqj/Build/Products/Debug-iphonesimulator/RNSensors\ /Users/nathannovak/Library/Developer/Xcode/DerivedData/StraboSpot2-gztieqkdzpsbarfnoxqpkwxgfcqj/Build/Products/Debug-iphonesimulator/RNSentry\ /Users/nathannovak/Library/Developer/Xcode/DerivedData/StraboSpot2-gztieqkdzpsbarfnoxqpkwxgfcqj/Build/Products/Debug-iphonesimulator/RNSketchCanvas\ /Users/nathannovak/Library/Developer/Xcode/DerivedData/StraboSpot2-gztieqkdzpsbarfnoxqpkwxgfcqj/Build/Products/Debug-iphonesimulator/RNSoundPlayer\ /Users/nathannovak/Library/Developer/Xcode/DerivedData/StraboSpot2-gztieqkdzpsbarfnoxqpkwxgfcqj/Build/Products/Debug-iphonesimulator/RNVectorIcons\ /Users/nathannovak/Library/Developer/Xcode/DerivedData/StraboSpot2-gztieqkdzpsbarfnoxqpkwxgfcqj/Build/Products/Debug-iphonesimulator/RNZipArchive\ /Users/nathannovak/Library/Developer/Xcode/DerivedData/StraboSpot2-gztieqkdzpsbarfnoxqpkwxgfcqj/Build/Products/Debug-iphonesimulator/ReachabilitySwift\ /Users/nathannovak/Library/Developer/Xcode/DerivedData/StraboSpot2-gztieqkdzpsbarfnoxqpkwxgfcqj/Build/Products/Debug-iphonesimulator/React-Core\ /Users/nathannovak/Library/Developer/Xcode/DerivedData/StraboSpot2-gztieqkdzpsbarfnoxqpkwxgfcqj/Build/Products/Debug-iphonesimulator/React-CoreModules\ /Users/nathannovak/Library/Developer/Xcode/DerivedData/StraboSpot2-gztieqkdzpsbarfnoxqpkwxgfcqj/Build/Products/Debug-iphonesimulator/React-Fabric\ /Users/nathannovak/Library/Developer/Xcode/DerivedData/StraboSpot2-gztieqkdzpsbarfnoxqpkwxgfcqj/Build/Products/Debug-iphonesimulator/React-FabricComponents\ /Users/nathannovak/Library/Developer/Xcode/DerivedData/StraboSpot2-gztieqkdzpsbarfnoxqpkwxgfcqj/Build/Products/Debug-iphonesimulator/React-FabricImage\ /Users/nathannovak/Library/Developer/Xcode/DerivedData/StraboSpot2-gztieqkdzpsbarfnoxqpkwxgfcqj/Build/Products/Debug-iphonesimulator/React-ImageManager\ /Users/nathannovak/Library/Developer/Xcode/DerivedData/StraboSpot2-gztieqkdzpsbarfnoxqpkwxgfcqj/Build/Products/Debug-iphonesimulator/React-Mapbuffer\ /Users/nathannovak/Library/Developer/Xcode/DerivedData/StraboSpot2-gztieqkdzpsbarfnoxqpkwxgfcqj/Build/Products/Debug-iphonesimulator/React-NativeModulesApple\ /Users/nathannovak/Library/Developer/Xcode/DerivedData/StraboSpot2-gztieqkdzpsbarfnoxqpkwxgfcqj/Build/Products/Debug-iphonesimulator/React-RCTAnimation\ /Users/nathannovak/Library/Developer/Xcode/DerivedData/StraboSpot2-gztieqkdzpsbarfnoxqpkwxgfcqj/Build/Products/Debug-iphonesimulator/React-RCTAppDelegate\ /Users/nathannovak/Library/Developer/Xcode/DerivedData/StraboSpot2-gztieqkdzpsbarfnoxqpkwxgfcqj/Build/Products/Debug-iphonesimulator/React-RCTBlob\ /Users/nathannovak/Library/Developer/Xcode/DerivedData/StraboSpot2-gztieqkdzpsbarfnoxqpkwxgfcqj/Build/Products/Debug-iphonesimulator/React-RCTFBReactNativeSpec\ /Users/nathannovak/Library/Developer/Xcode/DerivedData/StraboSpot2-gztieqkdzpsbarfnoxqpkwxgfcqj/Build/Products/Debug-iphonesimulator/React-RCTFabric\ /Users/nathannovak/Library/Developer/Xcode/DerivedData/StraboSpot2-gztieqkdzpsbarfnoxqpkwxgfcqj/Build/Products/Debug-iphonesimulator/React-RCTImage\ /Users/nathannovak/Library/Developer/Xcode/DerivedData/StraboSpot2-gztieqkdzpsbarfnoxqpkwxgfcqj/Build/Products/Debug-iphonesimulator/React-RCTLinking\ /Users/nathannovak/Library/Developer/Xcode/DerivedData/StraboSpot2-gztieqkdzpsbarfnoxqpkwxgfcqj/Build/Products/Debug-iphonesimulator/React-RCTNetwork\ /Users/nathannovak/Library/Developer/Xcode/DerivedData/StraboSpot2-gztieqkdzpsbarfnoxqpkwxgfcqj/Build/Products/Debug-iphonesimulator/React-RCTRuntime\ /Users/nathannovak/Library/Developer/Xcode/DerivedData/StraboSpot2-gztieqkdzpsbarfnoxqpkwxgfcqj/Build/Products/Debug-iphonesimulator/React-RCTSettings\ /Users/nathannovak/Library/Developer/Xcode/DerivedData/StraboSpot2-gztieqkdzpsbarfnoxqpkwxgfcqj/Build/Products/Debug-iphonesimulator/React-RCTText\ /Users/nathannovak/Library/Developer/Xcode/DerivedData/StraboSpot2-gztieqkdzpsbarfnoxqpkwxgfcqj/Build/Products/Debug-iphonesimulator/React-RCTVibration\ /Users/nathannovak/Library/Developer/Xcode/DerivedData/StraboSpot2-gztieqkdzpsbarfnoxqpkwxgfcqj/Build/Products/Debug-iphonesimulator/React-RuntimeApple\ /Users/nathannovak/Library/Developer/Xcode/DerivedData/StraboSpot2-gztieqkdzpsbarfnoxqpkwxgfcqj/Build/Products/Debug-iphonesimulator/React-RuntimeCore\ /Users/nathannovak/Library/Developer/Xcode/DerivedData/StraboSpot2-gztieqkdzpsbarfnoxqpkwxgfcqj/Build/Products/Debug-iphonesimulator/React-RuntimeHermes\ /Users/nathannovak/Library/Developer/Xcode/DerivedData/StraboSpot2-gztieqkdzpsbarfnoxqpkwxgfcqj/Build/Products/Debug-iphonesimulator/React-cxxreact\ /Users/nathannovak/Library/Developer/Xcode/DerivedData/StraboSpot2-gztieqkdzpsbarfnoxqpkwxgfcqj/Build/Products/Debug-iphonesimulator/React-debug\ /Users/nathannovak/Library/Developer/Xcode/DerivedData/StraboSpot2-gztieqkdzpsbarfnoxqpkwxgfcqj/Build/Products/Debug-iphonesimulator/React-defaultsnativemodule\ /Users/nathannovak/Library/Developer/Xcode/DerivedData/StraboSpot2-gztieqkdzpsbarfnoxqpkwxgfcqj/Build/Products/Debug-iphonesimulator/React-domnativemodule\ /Users/nathannovak/Library/Developer/Xcode/DerivedData/StraboSpot2-gztieqkdzpsbarfnoxqpkwxgfcqj/Build/Products/Debug-iphonesimulator/React-featureflags\ /Users/nathannovak/Library/Developer/Xcode/DerivedData/StraboSpot2-gztieqkdzpsbarfnoxqpkwxgfcqj/Build/Products/Debug-iphonesimulator/React-featureflagsnativemodule\ /Users/nathannovak/Library/Developer/Xcode/DerivedData/StraboSpot2-gztieqkdzpsbarfnoxqpkwxgfcqj/Build/Products/Debug-iphonesimulator/React-graphics\ /Users/nathannovak/Library/Developer/Xcode/DerivedData/StraboSpot2-gztieqkdzpsbarfnoxqpkwxgfcqj/Build/Products/Debug-iphonesimulator/React-hermes\ /Users/nathannovak/Library/Developer/Xcode/DerivedData/StraboSpot2-gztieqkdzpsbarfnoxqpkwxgfcqj/Build/Products/Debug-iphonesimulator/React-idlecallbacksnativemodule\ /Users/nathannovak/Library/Developer/Xcode/DerivedData/StraboSpot2-gztieqkdzpsbarfnoxqpkwxgfcqj/Build/Products/Debug-iphonesimulator/React-jserrorhandler\ /Users/nathannovak/Library/Developer/Xcode/DerivedData/StraboSpot2-gztieqkdzpsbarfnoxqpkwxgfcqj/Build/Products/Debug-iphonesimulator/React-jsi\ /Users/nathannovak/Library/Developer/Xcode/DerivedData/StraboSpot2-gztieqkdzpsbarfnoxqpkwxgfcqj/Build/Products/Debug-iphonesimulator/React-jsiexecutor\ /Users/nathannovak/Library/Developer/Xcode/DerivedData/StraboSpot2-gztieqkdzpsbarfnoxqpkwxgfcqj/Build/Products/Debug-iphonesimulator/React-jsinspector\ /Users/nathannovak/Library/Developer/Xcode/DerivedData/StraboSpot2-gztieqkdzpsbarfnoxqpkwxgfcqj/Build/Products/Debug-iphonesimulator/React-jsinspectortracing\ /Users/nathannovak/Library/Developer/Xcode/DerivedData/StraboSpot2-gztieqkdzpsbarfnoxqpkwxgfcqj/Build/Products/Debug-iphonesimulator/React-jsitooling\ /Users/nathannovak/Library/Developer/Xcode/DerivedData/StraboSpot2-gztieqkdzpsbarfnoxqpkwxgfcqj/Build/Products/Debug-iphonesimulator/React-logger\ /Users/nathannovak/Library/Developer/Xcode/DerivedData/StraboSpot2-gztieqkdzpsbarfnoxqpkwxgfcqj/Build/Products/Debug-iphonesimulator/React-microtasksnativemodule\ /Users/nathannovak/Library/Developer/Xcode/DerivedData/StraboSpot2-gztieqkdzpsbarfnoxqpkwxgfcqj/Build/Products/Debug-iphonesimulator/React-oscompat\ /Users/nathannovak/Library/Developer/Xcode/DerivedData/StraboSpot2-gztieqkdzpsbarfnoxqpkwxgfcqj/Build/Products/Debug-iphonesimulator/React-perflogger\ /Users/nathannovak/Library/Developer/Xcode/DerivedData/StraboSpot2-gztieqkdzpsbarfnoxqpkwxgfcqj/Build/Products/Debug-iphonesimulator/React-performancetimeline\ /Users/nathannovak/Library/Developer/Xcode/DerivedData/StraboSpot2-gztieqkdzpsbarfnoxqpkwxgfcqj/Build/Products/Debug-iphonesimulator/React-rendererconsistency\ /Users/nathannovak/Library/Developer/Xcode/DerivedData/StraboSpot2-gztieqkdzpsbarfnoxqpkwxgfcqj/Build/Products/Debug-iphonesimulator/React-renderercss\ /Users/nathannovak/Library/Developer/Xcode/DerivedData/StraboSpot2-gztieqkdzpsbarfnoxqpkwxgfcqj/Build/Products/Debug-iphonesimulator/React-rendererdebug\ /Users/nathannovak/Library/Developer/Xcode/DerivedData/StraboSpot2-gztieqkdzpsbarfnoxqpkwxgfcqj/Build/Products/Debug-iphonesimulator/React-runtimescheduler\ /Users/nathannovak/Library/Developer/Xcode/DerivedData/StraboSpot2-gztieqkdzpsbarfnoxqpkwxgfcqj/Build/Products/Debug-iphonesimulator/React-utils\ /Users/nathannovak/Library/Developer/Xcode/DerivedData/StraboSpot2-gztieqkdzpsbarfnoxqpkwxgfcqj/Build/Products/Debug-iphonesimulator/ReactAppDependencyProvider\ /Users/nathannovak/Library/Developer/Xcode/DerivedData/StraboSpot2-gztieqkdzpsbarfnoxqpkwxgfcqj/Build/Products/Debug-iphonesimulator/ReactCodegen\ /Users/nathannovak/Library/Developer/Xcode/DerivedData/StraboSpot2-gztieqkdzpsbarfnoxqpkwxgfcqj/Build/Products/Debug-iphonesimulator/ReactCommon\ /Users/nathannovak/Library/Developer/Xcode/DerivedData/StraboSpot2-gztieqkdzpsbarfnoxqpkwxgfcqj/Build/Products/Debug-iphonesimulator/ReactNativeKeyboardManager\ /Users/nathannovak/Library/Developer/Xcode/DerivedData/StraboSpot2-gztieqkdzpsbarfnoxqpkwxgfcqj/Build/Products/Debug-iphonesimulator/SSZipArchive\ /Users/nathannovak/Library/Developer/Xcode/DerivedData/StraboSpot2-gztieqkdzpsbarfnoxqpkwxgfcqj/Build/Products/Debug-iphonesimulator/Sentry\ /Users/nathannovak/Library/Developer/Xcode/DerivedData/StraboSpot2-gztieqkdzpsbarfnoxqpkwxgfcqj/Build/Products/Debug-iphonesimulator/SocketRocket\ /Users/nathannovak/Library/Developer/Xcode/DerivedData/StraboSpot2-gztieqkdzpsbarfnoxqpkwxgfcqj/Build/Products/Debug-iphonesimulator/Yoga\ /Users/nathannovak/Library/Developer/Xcode/DerivedData/StraboSpot2-gztieqkdzpsbarfnoxqpkwxgfcqj/Build/Products/Debug-iphonesimulator/fmt\ /Users/nathannovak/Library/Developer/Xcode/DerivedData/StraboSpot2-gztieqkdzpsbarfnoxqpkwxgfcqj/Build/Products/Debug-iphonesimulator/glog\ /Users/nathannovak/Library/Developer/Xcode/DerivedData/StraboSpot2-gztieqkdzpsbarfnoxqpkwxgfcqj/Build/Products/Debug-iphonesimulator/lottie-ios\ /Users/nathannovak/Library/Developer/Xcode/DerivedData/StraboSpot2-gztieqkdzpsbarfnoxqpkwxgfcqj/Build/Products/Debug-iphonesimulator/lottie-react-native\ /Users/nathannovak/Library/Developer/Xcode/DerivedData/StraboSpot2-gztieqkdzpsbarfnoxqpkwxgfcqj/Build/Products/Debug-iphonesimulator/react-native-blob-util\ /Users/nathannovak/Library/Developer/Xcode/DerivedData/StraboSpot2-gztieqkdzpsbarfnoxqpkwxgfcqj/Build/Products/Debug-iphonesimulator/react-native-document-picker\ /Users/nathannovak/Library/Developer/Xcode/DerivedData/StraboSpot2-gztieqkdzpsbarfnoxqpkwxgfcqj/Build/Products/Debug-iphonesimulator/react-native-geolocation\ /Users/nathannovak/Library/Developer/Xcode/DerivedData/StraboSpot2-gztieqkdzpsbarfnoxqpkwxgfcqj/Build/Products/Debug-iphonesimulator/react-native-get-random-values\ /Users/nathannovak/Library/Developer/Xcode/DerivedData/StraboSpot2-gztieqkdzpsbarfnoxqpkwxgfcqj/Build/Products/Debug-iphonesimulator/react-native-image-picker\ /Users/nathannovak/Library/Developer/Xcode/DerivedData/StraboSpot2-gztieqkdzpsbarfnoxqpkwxgfcqj/Build/Products/Debug-iphonesimulator/react-native-image-resizer\ /Users/nathannovak/Library/Developer/Xcode/DerivedData/StraboSpot2-gztieqkdzpsbarfnoxqpkwxgfcqj/Build/Products/Debug-iphonesimulator/react-native-keep-awake\ /Users/nathannovak/Library/Developer/Xcode/DerivedData/StraboSpot2-gztieqkdzpsbarfnoxqpkwxgfcqj/Build/Products/Debug-iphonesimulator/react-native-netinfo\ /Users/nathannovak/Library/Developer/Xcode/DerivedData/StraboSpot2-gztieqkdzpsbarfnoxqpkwxgfcqj/Build/Products/Debug-iphonesimulator/react-native-orientation-director\ /Users/nathannovak/Library/Developer/Xcode/DerivedData/StraboSpot2-gztieqkdzpsbarfnoxqpkwxgfcqj/Build/Products/Debug-iphonesimulator/react-native-pager-view\ /Users/nathannovak/Library/Developer/Xcode/DerivedData/StraboSpot2-gztieqkdzpsbarfnoxqpkwxgfcqj/Build/Products/Debug-iphonesimulator/react-native-pdf\ /Users/nathannovak/Library/Developer/Xcode/DerivedData/StraboSpot2-gztieqkdzpsbarfnoxqpkwxgfcqj/Build/Products/Debug-iphonesimulator/react-native-safe-area-context\ /Users/nathannovak/Library/Developer/Xcode/DerivedData/StraboSpot2-gztieqkdzpsbarfnoxqpkwxgfcqj/Build/Products/Debug-iphonesimulator/react-native-slider\ /Users/nathannovak/Library/Developer/Xcode/DerivedData/StraboSpot2-gztieqkdzpsbarfnoxqpkwxgfcqj/Build/Products/Debug-iphonesimulator/rnmapbox-maps\ /Applications/Xcode.app/Contents/Developer/Toolchains/XcodeDefault.xctoolchain/usr/lib/swift/iphonesimulator\ /Applications/Xcode.app/Contents/Developer/Platforms/iPhoneSimulator.platform/Developer/SDKs/iPhoneSimulator26.0.sdk/usr/lib/swift\ /Applications/Xcode.app/Contents/Developer/Platforms/iPhoneSimulator.platform/Developer/SDKs/iPhoneSimulator26.0.sdk/usr/lib/swift
    export LINKER_DISPLAYS_MANGLED_NAMES\=NO
    export LINK_FILE_LIST_normal_x86_64\=/Users/nathannovak/Library/Developer/Xcode/DerivedData/StraboSpot2-gztieqkdzpsbarfnoxqpkwxgfcqj/Build/Intermediates.noindex/StraboSpot2.build/Debug-iphonesimulator/StraboSpot2.build/Objects-normal/x86_64/StraboSpot2.LinkFileList
    export LINK_OBJC_RUNTIME\=YES
    export LINK_WITH_STANDARD_LIBRARIES\=YES
    export LLVM_TARGET_TRIPLE_OS_VERSION\=ios15.6
    export LLVM_TARGET_TRIPLE_SUFFIX\=-simulator
    export LLVM_TARGET_TRIPLE_VENDOR\=apple
    export LM_AUX_CONST_METADATA_LIST_PATH_normal_x86_64\=/Users/nathannovak/Library/Developer/Xcode/DerivedData/StraboSpot2-gztieqkdzpsbarfnoxqpkwxgfcqj/Build/Intermediates.noindex/StraboSpot2.build/Debug-iphonesimulator/StraboSpot2.build/Objects-normal/x86_64/StraboSpot2.SwiftConstValuesFileList
    export LOCALIZATION_EXPORT_SUPPORTED\=YES
    export LOCALIZATION_PREFERS_STRING_CATALOGS\=NO
    export LOCALIZED_RESOURCES_FOLDER_PATH\=StraboSpot2.app/en.lproj
    export LOCALIZED_STRING_MACRO_NAMES\=NSLocalizedString\ CFCopyLocalizedString
    export LOCALIZED_STRING_SWIFTUI_SUPPORT\=YES
    export LOCAL_ADMIN_APPS_DIR\=/Applications/Utilities
    export LOCAL_APPS_DIR\=/Applications
    export LOCAL_DEVELOPER_DIR\=/Library/Developer
    export LOCAL_LIBRARY_DIR\=/Library
    export LOCROOT\=/Users/nathannovak/Development/Apps/StraboSpot2/ios
    export LOCSYMROOT\=/Users/nathannovak/Development/Apps/StraboSpot2/ios
    export MACH_O_TYPE\=mh_execute
    export MAC_OS_X_PRODUCT_BUILD_VERSION\=24G231
    export MAC_OS_X_VERSION_ACTUAL\=150701
    export MAC_OS_X_VERSION_MAJOR\=150000
    export MAC_OS_X_VERSION_MINOR\=150700
    export MAKE_MERGEABLE\=NO
    export MARKETING_VERSION\=2.23.2
    export MERGEABLE_LIBRARY\=NO
    export MERGED_BINARY_TYPE\=none
    export MERGE_LINKED_LIBRARIES\=NO
    export METAL_LIBRARY_FILE_BASE\=default
    export METAL_LIBRARY_OUTPUT_DIR\=/Users/nathannovak/Library/Developer/Xcode/DerivedData/StraboSpot2-gztieqkdzpsbarfnoxqpkwxgfcqj/Build/Products/Debug-iphonesimulator/StraboSpot2.app
    export MODULES_FOLDER_PATH\=StraboSpot2.app/Modules
    export MODULE_CACHE_DIR\=/Users/nathannovak/Library/Developer/Xcode/DerivedData/ModuleCache.noindex
    export MTL_ENABLE_DEBUG_INFO\=YES
    export NATIVE_ARCH\=x86_64
    export NATIVE_ARCH_32_BIT\=i386
    export NATIVE_ARCH_64_BIT\=x86_64
    export NATIVE_ARCH_ACTUAL\=x86_64
    export NO_COMMON\=YES
    export OBJC_ABI_VERSION\=2
    export OBJECT_FILE_DIR\=/Users/nathannovak/Library/Developer/Xcode/DerivedData/StraboSpot2-gztieqkdzpsbarfnoxqpkwxgfcqj/Build/Intermediates.noindex/StraboSpot2.build/Debug-iphonesimulator/StraboSpot2.build/Objects
    export OBJECT_FILE_DIR_normal\=/Users/nathannovak/Library/Developer/Xcode/DerivedData/StraboSpot2-gztieqkdzpsbarfnoxqpkwxgfcqj/Build/Intermediates.noindex/StraboSpot2.build/Debug-iphonesimulator/StraboSpot2.build/Objects-normal
    export OBJROOT\=/Users/nathannovak/Library/Developer/Xcode/DerivedData/StraboSpot2-gztieqkdzpsbarfnoxqpkwxgfcqj/Build/Intermediates.noindex
    export ONLY_ACTIVE_ARCH\=YES
    export OS\=MACOS
    export OSAC\=/usr/bin/osacompile
    export OTHER_CFLAGS\=\ -fmodule-map-file\=\"/Users/nathannovak/Library/Developer/Xcode/DerivedData/StraboSpot2-gztieqkdzpsbarfnoxqpkwxgfcqj/Build/Products/Debug-iphonesimulator/EASClient/EASClient.modulemap\"\ -fmodule-map-file\=\"/Users/nathannovak/Library/Developer/Xcode/DerivedData/StraboSpot2-gztieqkdzpsbarfnoxqpkwxgfcqj/Build/Products/Debug-iphonesimulator/EXConstants/EXConstants.modulemap\"\ -fmodule-map-file\=\"/Users/nathannovak/Library/Developer/Xcode/DerivedData/StraboSpot2-gztieqkdzpsbarfnoxqpkwxgfcqj/Build/Products/Debug-iphonesimulator/EXManifests/EXManifests.modulemap\"\ -fmodule-map-file\=\"/Users/nathannovak/Library/Developer/Xcode/DerivedData/StraboSpot2-gztieqkdzpsbarfnoxqpkwxgfcqj/Build/Products/Debug-iphonesimulator/EXUpdates/EXUpdates.modulemap\"\ -fmodule-map-file\=\"/Users/nathannovak/Library/Developer/Xcode/DerivedData/StraboSpot2-gztieqkdzpsbarfnoxqpkwxgfcqj/Build/Products/Debug-iphonesimulator/EXUpdatesInterface/EXUpdatesInterface.modulemap\"\ -fmodule-map-file\=\"/Users/nathannovak/Library/Developer/Xcode/DerivedData/StraboSpot2-gztieqkdzpsbarfnoxqpkwxgfcqj/Build/Products/Debug-iphonesimulator/Expo/Expo.modulemap\"\ -fmodule-map-file\=\"/Users/nathannovak/Library/Developer/Xcode/DerivedData/StraboSpot2-gztieqkdzpsbarfnoxqpkwxgfcqj/Build/Products/Debug-iphonesimulator/ExpoAsset/ExpoAsset.modulemap\"\ -fmodule-map-file\=\"/Users/nathannovak/Library/Developer/Xcode/DerivedData/StraboSpot2-gztieqkdzpsbarfnoxqpkwxgfcqj/Build/Products/Debug-iphonesimulator/ExpoFileSystem/ExpoFileSystem.modulemap\"\ -fmodule-map-file\=\"/Users/nathannovak/Library/Developer/Xcode/DerivedData/StraboSpot2-gztieqkdzpsbarfnoxqpkwxgfcqj/Build/Products/Debug-iphonesimulator/ExpoFont/ExpoFont.modulemap\"\ -fmodule-map-file\=\"/Users/nathannovak/Library/Developer/Xcode/DerivedData/StraboSpot2-gztieqkdzpsbarfnoxqpkwxgfcqj/Build/Products/Debug-iphonesimulator/ExpoKeepAwake/ExpoKeepAwake.modulemap\"\ -fmodule-map-file\=\"/Users/nathannovak/Library/Developer/Xcode/DerivedData/StraboSpot2-gztieqkdzpsbarfnoxqpkwxgfcqj/Build/Products/Debug-iphonesimulator/ExpoModulesCore/ExpoModulesCore.modulemap\"\ -fmodule-map-file\=\"/Users/nathannovak/Library/Developer/Xcode/DerivedData/StraboSpot2-gztieqkdzpsbarfnoxqpkwxgfcqj/Build/Products/Debug-iphonesimulator/IQKeyboardManagerSwift/IQKeyboardManagerSwift.modulemap\"\ -fmodule-map-file\=\"/Users/nathannovak/Library/Developer/Xcode/DerivedData/StraboSpot2-gztieqkdzpsbarfnoxqpkwxgfcqj/Build/Products/Debug-iphonesimulator/ReachabilitySwift/Reachability.modulemap\"\ -fmodule-map-file\=\"/Users/nathannovak/Library/Developer/Xcode/DerivedData/StraboSpot2-gztieqkdzpsbarfnoxqpkwxgfcqj/Build/Products/Debug-iphonesimulator/Sentry/Sentry.modulemap\"\ -fmodule-map-file\=\"/Users/nathannovak/Library/Developer/Xcode/DerivedData/StraboSpot2-gztieqkdzpsbarfnoxqpkwxgfcqj/Build/Products/Debug-iphonesimulator/lottie-ios/Lottie.modulemap\"\ -fmodule-map-file\=\"/Users/nathannovak/Library/Developer/Xcode/DerivedData/StraboSpot2-gztieqkdzpsbarfnoxqpkwxgfcqj/Build/Products/Debug-iphonesimulator/lottie-react-native/lottie_react_native.modulemap\"\ -fmodule-map-file\=\"/Users/nathannovak/Library/Developer/Xcode/DerivedData/StraboSpot2-gztieqkdzpsbarfnoxqpkwxgfcqj/Build/Products/Debug-iphonesimulator/react-native-document-picker/react_native_document_picker.modulemap\"\ -fmodule-map-file\=\"/Users/nathannovak/Library/Developer/Xcode/DerivedData/StraboSpot2-gztieqkdzpsbarfnoxqpkwxgfcqj/Build/Products/Debug-iphonesimulator/react-native-orientation-director/react_native_orientation_director.modulemap\"\ -fmodule-map-file\=\"/Users/nathannovak/Library/Developer/Xcode/DerivedData/StraboSpot2-gztieqkdzpsbarfnoxqpkwxgfcqj/Build/Products/Debug-iphonesimulator/rnmapbox-maps/rnmapbox_maps.modulemap\"\ -fmodule-map-file\=\"/Users/nathannovak/Development/Apps/StraboSpot2/ios/Pods/Headers/Public/DoubleConversion/DoubleConversion.modulemap\"\ -fmodule-map-file\=\"/Users/nathannovak/Development/Apps/StraboSpot2/ios/Pods/Headers/Public/EXJSONUtils/EXJSONUtils.modulemap\"\ -fmodule-map-file\=\"/Users/nathannovak/Development/Apps/StraboSpot2/ios/Pods/Headers/Public/EXStructuredHeaders/EXStructuredHeaders.modulemap\"\ -fmodule-map-file\=\"/Users/nathannovak/Development/Apps/StraboSpot2/ios/Pods/Headers/Public/RCTDeprecation/RCTDeprecation.modulemap\"\ -fmodule-map-file\=\"/Users/nathannovak/Development/Apps/StraboSpot2/ios/Pods/Headers/Public/RCTFabric/React-RCTFabric.modulemap\"\ -fmodule-map-file\=\"/Users/nathannovak/Development/Apps/StraboSpot2/ios/Pods/Headers/Public/RCTRuntime/React-RCTRuntime.modulemap\"\ -fmodule-map-file\=\"/Users/nathannovak/Development/Apps/StraboSpot2/ios/Pods/Headers/Public/RCTTypeSafety/RCTTypeSafety.modulemap\"\ -fmodule-map-file\=\"/Users/nathannovak/Development/Apps/StraboSpot2/ios/Pods/Headers/Public/RNReanimated/RNReanimated.modulemap\"\ -fmodule-map-file\=\"/Users/nathannovak/Development/Apps/StraboSpot2/ios/Pods/Headers/Public/React/React-Core.modulemap\"\ -fmodule-map-file\=\"/Users/nathannovak/Development/Apps/StraboSpot2/ios/Pods/Headers/Public/ReactAppDependencyProvider/ReactAppDependencyProvider.modulemap\"\ -fmodule-map-file\=\"/Users/nathannovak/Development/Apps/StraboSpot2/ios/Pods/Headers/Public/ReactCodegen/ReactCodegen.modulemap\"\ -fmodule-map-file\=\"/Users/nathannovak/Development/Apps/StraboSpot2/ios/Pods/Headers/Public/ReactCommon/ReactCommon.modulemap\"\ -fmodule-map-file\=\"/Users/nathannovak/Development/Apps/StraboSpot2/ios/Pods/Headers/Public/React_Fabric/React-Fabric.modulemap\"\ -fmodule-map-file\=\"/Users/nathannovak/Development/Apps/StraboSpot2/ios/Pods/Headers/Public/React_FabricComponents/React-FabricComponents.modulemap\"\ -fmodule-map-file\=\"/Users/nathannovak/Development/Apps/StraboSpot2/ios/Pods/Headers/Public/React_NativeModulesApple/React-NativeModulesApple.modulemap\"\ -fmodule-map-file\=\"/Users/nathannovak/Development/Apps/StraboSpot2/ios/Pods/Headers/Public/React_RCTAppDelegate/React-RCTAppDelegate.modulemap\"\ -fmodule-map-file\=\"/Users/nathannovak/Development/Apps/StraboSpot2/ios/Pods/Headers/Public/SSZipArchive/SSZipArchive.modulemap\"\ -fmodule-map-file\=\"/Users/nathannovak/Development/Apps/StraboSpot2/ios/Pods/Headers/Public/folly/RCT-Folly.modulemap\"\ -fmodule-map-file\=\"/Users/nathannovak/Development/Apps/StraboSpot2/ios/Pods/Headers/Public/glog/glog.modulemap\"\ -fmodule-map-file\=\"/Users/nathannovak/Development/Apps/StraboSpot2/ios/Pods/Headers/Public/jsi/React-jsi.modulemap\"\ -fmodule-map-file\=\"/Users/nathannovak/Development/Apps/StraboSpot2/ios/Pods/Headers/Public/jsinspector_modern/React-jsinspector.modulemap\"\ -fmodule-map-file\=\"/Users/nathannovak/Development/Apps/StraboSpot2/ios/Pods/Headers/Public/jsinspector_modern_tracing/React-jsinspectortracing.modulemap\"\ -fmodule-map-file\=\"/Users/nathannovak/Development/Apps/StraboSpot2/ios/Pods/Headers/Public/react_debug/React-debug.modulemap\"\ -fmodule-map-file\=\"/Users/nathannovak/Development/Apps/StraboSpot2/ios/Pods/Headers/Public/react_featureflags/React-featureflags.modulemap\"\ -fmodule-map-file\=\"/Users/nathannovak/Development/Apps/StraboSpot2/ios/Pods/Headers/Public/react_nativemodule_defaults/React-defaultsnativemodule.modulemap\"\ -fmodule-map-file\=\"/Users/nathannovak/Development/Apps/StraboSpot2/ios/Pods/Headers/Public/react_nativemodule_dom/React-domnativemodule.modulemap\"\ -fmodule-map-file\=\"/Users/nathannovak/Development/Apps/StraboSpot2/ios/Pods/Headers/Public/react_nativemodule_featureflags/React-featureflagsnativemodule.modulemap\"\ -fmodule-map-file\=\"/Users/nathannovak/Development/Apps/StraboSpot2/ios/Pods/Headers/Public/react_nativemodule_idlecallbacks/React-idlecallbacksnativemodule.modulemap\"\ -fmodule-map-file\=\"/Users/nathannovak/Development/Apps/StraboSpot2/ios/Pods/Headers/Public/react_nativemodule_microtasks/React-microtasksnativemodule.modulemap\"\ -fmodule-map-file\=\"/Users/nathannovak/Development/Apps/StraboSpot2/ios/Pods/Headers/Public/react_renderer_css/React-renderercss.modulemap\"\ -fmodule-map-file\=\"/Users/nathannovak/Development/Apps/StraboSpot2/ios/Pods/Headers/Public/react_renderer_debug/React-rendererdebug.modulemap\"\ -fmodule-map-file\=\"/Users/nathannovak/Development/Apps/StraboSpot2/ios/Pods/Headers/Public/react_renderer_graphics/React-graphics.modulemap\"\ -fmodule-map-file\=\"/Users/nathannovak/Development/Apps/StraboSpot2/ios/Pods/Headers/Public/react_renderer_imagemanager/React-ImageManager.modulemap\"\ -fmodule-map-file\=\"/Users/nathannovak/Development/Apps/StraboSpot2/ios/Pods/Headers/Public/react_runtime/React-jsitooling.modulemap\"\ -fmodule-map-file\=\"/Users/nathannovak/Development/Apps/StraboSpot2/ios/Pods/Headers/Public/react_utils/React-utils.modulemap\"\ -fmodule-map-file\=\"/Users/nathannovak/Development/Apps/StraboSpot2/ios/Pods/Headers/Public/reacthermes/React-hermes.modulemap\"\ -fmodule-map-file\=\"/Users/nathannovak/Development/Apps/StraboSpot2/ios/Pods/Headers/Public/yoga/Yoga.modulemap\"\ \ \ \ -DFOLLY_NO_CONFIG\ -DFOLLY_MOBILE\=1\ -DFOLLY_USE_LIBCPP\=1\ -Wno-comma\ -Wno-shorten-64-to-32\ -DRCT_NEW_ARCH_ENABLED\ \ -DREACT_NATIVE_MINOR_VERSION\=79\ -DREANIMATED_VERSION\=3.17.5
    export OTHER_CPLUSPLUSFLAGS\=\ -fmodule-map-file\=\"/Users/nathannovak/Library/Developer/Xcode/DerivedData/StraboSpot2-gztieqkdzpsbarfnoxqpkwxgfcqj/Build/Products/Debug-iphonesimulator/EASClient/EASClient.modulemap\"\ -fmodule-map-file\=\"/Users/nathannovak/Library/Developer/Xcode/DerivedData/StraboSpot2-gztieqkdzpsbarfnoxqpkwxgfcqj/Build/Products/Debug-iphonesimulator/EXConstants/EXConstants.modulemap\"\ -fmodule-map-file\=\"/Users/nathannovak/Library/Developer/Xcode/DerivedData/StraboSpot2-gztieqkdzpsbarfnoxqpkwxgfcqj/Build/Products/Debug-iphonesimulator/EXManifests/EXManifests.modulemap\"\ -fmodule-map-file\=\"/Users/nathannovak/Library/Developer/Xcode/DerivedData/StraboSpot2-gztieqkdzpsbarfnoxqpkwxgfcqj/Build/Products/Debug-iphonesimulator/EXUpdates/EXUpdates.modulemap\"\ -fmodule-map-file\=\"/Users/nathannovak/Library/Developer/Xcode/DerivedData/StraboSpot2-gztieqkdzpsbarfnoxqpkwxgfcqj/Build/Products/Debug-iphonesimulator/EXUpdatesInterface/EXUpdatesInterface.modulemap\"\ -fmodule-map-file\=\"/Users/nathannovak/Library/Developer/Xcode/DerivedData/StraboSpot2-gztieqkdzpsbarfnoxqpkwxgfcqj/Build/Products/Debug-iphonesimulator/Expo/Expo.modulemap\"\ -fmodule-map-file\=\"/Users/nathannovak/Library/Developer/Xcode/DerivedData/StraboSpot2-gztieqkdzpsbarfnoxqpkwxgfcqj/Build/Products/Debug-iphonesimulator/ExpoAsset/ExpoAsset.modulemap\"\ -fmodule-map-file\=\"/Users/nathannovak/Library/Developer/Xcode/DerivedData/StraboSpot2-gztieqkdzpsbarfnoxqpkwxgfcqj/Build/Products/Debug-iphonesimulator/ExpoFileSystem/ExpoFileSystem.modulemap\"\ -fmodule-map-file\=\"/Users/nathannovak/Library/Developer/Xcode/DerivedData/StraboSpot2-gztieqkdzpsbarfnoxqpkwxgfcqj/Build/Products/Debug-iphonesimulator/ExpoFont/ExpoFont.modulemap\"\ -fmodule-map-file\=\"/Users/nathannovak/Library/Developer/Xcode/DerivedData/StraboSpot2-gztieqkdzpsbarfnoxqpkwxgfcqj/Build/Products/Debug-iphonesimulator/ExpoKeepAwake/ExpoKeepAwake.modulemap\"\ -fmodule-map-file\=\"/Users/nathannovak/Library/Developer/Xcode/DerivedData/StraboSpot2-gztieqkdzpsbarfnoxqpkwxgfcqj/Build/Products/Debug-iphonesimulator/ExpoModulesCore/ExpoModulesCore.modulemap\"\ -fmodule-map-file\=\"/Users/nathannovak/Library/Developer/Xcode/DerivedData/StraboSpot2-gztieqkdzpsbarfnoxqpkwxgfcqj/Build/Products/Debug-iphonesimulator/IQKeyboardManagerSwift/IQKeyboardManagerSwift.modulemap\"\ -fmodule-map-file\=\"/Users/nathannovak/Library/Developer/Xcode/DerivedData/StraboSpot2-gztieqkdzpsbarfnoxqpkwxgfcqj/Build/Products/Debug-iphonesimulator/ReachabilitySwift/Reachability.modulemap\"\ -fmodule-map-file\=\"/Users/nathannovak/Library/Developer/Xcode/DerivedData/StraboSpot2-gztieqkdzpsbarfnoxqpkwxgfcqj/Build/Products/Debug-iphonesimulator/Sentry/Sentry.modulemap\"\ -fmodule-map-file\=\"/Users/nathannovak/Library/Developer/Xcode/DerivedData/StraboSpot2-gztieqkdzpsbarfnoxqpkwxgfcqj/Build/Products/Debug-iphonesimulator/lottie-ios/Lottie.modulemap\"\ -fmodule-map-file\=\"/Users/nathannovak/Library/Developer/Xcode/DerivedData/StraboSpot2-gztieqkdzpsbarfnoxqpkwxgfcqj/Build/Products/Debug-iphonesimulator/lottie-react-native/lottie_react_native.modulemap\"\ -fmodule-map-file\=\"/Users/nathannovak/Library/Developer/Xcode/DerivedData/StraboSpot2-gztieqkdzpsbarfnoxqpkwxgfcqj/Build/Products/Debug-iphonesimulator/react-native-document-picker/react_native_document_picker.modulemap\"\ -fmodule-map-file\=\"/Users/nathannovak/Library/Developer/Xcode/DerivedData/StraboSpot2-gztieqkdzpsbarfnoxqpkwxgfcqj/Build/Products/Debug-iphonesimulator/react-native-orientation-director/react_native_orientation_director.modulemap\"\ -fmodule-map-file\=\"/Users/nathannovak/Library/Developer/Xcode/DerivedData/StraboSpot2-gztieqkdzpsbarfnoxqpkwxgfcqj/Build/Products/Debug-iphonesimulator/rnmapbox-maps/rnmapbox_maps.modulemap\"\ -fmodule-map-file\=\"/Users/nathannovak/Development/Apps/StraboSpot2/ios/Pods/Headers/Public/DoubleConversion/DoubleConversion.modulemap\"\ -fmodule-map-file\=\"/Users/nathannovak/Development/Apps/StraboSpot2/ios/Pods/Headers/Public/EXJSONUtils/EXJSONUtils.modulemap\"\ -fmodule-map-file\=\"/Users/nathannovak/Development/Apps/StraboSpot2/ios/Pods/Headers/Public/EXStructuredHeaders/EXStructuredHeaders.modulemap\"\ -fmodule-map-file\=\"/Users/nathannovak/Development/Apps/StraboSpot2/ios/Pods/Headers/Public/RCTDeprecation/RCTDeprecation.modulemap\"\ -fmodule-map-file\=\"/Users/nathannovak/Development/Apps/StraboSpot2/ios/Pods/Headers/Public/RCTFabric/React-RCTFabric.modulemap\"\ -fmodule-map-file\=\"/Users/nathannovak/Development/Apps/StraboSpot2/ios/Pods/Headers/Public/RCTRuntime/React-RCTRuntime.modulemap\"\ -fmodule-map-file\=\"/Users/nathannovak/Development/Apps/StraboSpot2/ios/Pods/Headers/Public/RCTTypeSafety/RCTTypeSafety.modulemap\"\ -fmodule-map-file\=\"/Users/nathannovak/Development/Apps/StraboSpot2/ios/Pods/Headers/Public/RNReanimated/RNReanimated.modulemap\"\ -fmodule-map-file\=\"/Users/nathannovak/Development/Apps/StraboSpot2/ios/Pods/Headers/Public/React/React-Core.modulemap\"\ -fmodule-map-file\=\"/Users/nathannovak/Development/Apps/StraboSpot2/ios/Pods/Headers/Public/ReactAppDependencyProvider/ReactAppDependencyProvider.modulemap\"\ -fmodule-map-file\=\"/Users/nathannovak/Development/Apps/StraboSpot2/ios/Pods/Headers/Public/ReactCodegen/ReactCodegen.modulemap\"\ -fmodule-map-file\=\"/Users/nathannovak/Development/Apps/StraboSpot2/ios/Pods/Headers/Public/ReactCommon/ReactCommon.modulemap\"\ -fmodule-map-file\=\"/Users/nathannovak/Development/Apps/StraboSpot2/ios/Pods/Headers/Public/React_Fabric/React-Fabric.modulemap\"\ -fmodule-map-file\=\"/Users/nathannovak/Development/Apps/StraboSpot2/ios/Pods/Headers/Public/React_FabricComponents/React-FabricComponents.modulemap\"\ -fmodule-map-file\=\"/Users/nathannovak/Development/Apps/StraboSpot2/ios/Pods/Headers/Public/React_NativeModulesApple/React-NativeModulesApple.modulemap\"\ -fmodule-map-file\=\"/Users/nathannovak/Development/Apps/StraboSpot2/ios/Pods/Headers/Public/React_RCTAppDelegate/React-RCTAppDelegate.modulemap\"\ -fmodule-map-file\=\"/Users/nathannovak/Development/Apps/StraboSpot2/ios/Pods/Headers/Public/SSZipArchive/SSZipArchive.modulemap\"\ -fmodule-map-file\=\"/Users/nathannovak/Development/Apps/StraboSpot2/ios/Pods/Headers/Public/folly/RCT-Folly.modulemap\"\ -fmodule-map-file\=\"/Users/nathannovak/Development/Apps/StraboSpot2/ios/Pods/Headers/Public/glog/glog.modulemap\"\ -fmodule-map-file\=\"/Users/nathannovak/Development/Apps/StraboSpot2/ios/Pods/Headers/Public/jsi/React-jsi.modulemap\"\ -fmodule-map-file\=\"/Users/nathannovak/Development/Apps/StraboSpot2/ios/Pods/Headers/Public/jsinspector_modern/React-jsinspector.modulemap\"\ -fmodule-map-file\=\"/Users/nathannovak/Development/Apps/StraboSpot2/ios/Pods/Headers/Public/jsinspector_modern_tracing/React-jsinspectortracing.modulemap\"\ -fmodule-map-file\=\"/Users/nathannovak/Development/Apps/StraboSpot2/ios/Pods/Headers/Public/react_debug/React-debug.modulemap\"\ -fmodule-map-file\=\"/Users/nathannovak/Development/Apps/StraboSpot2/ios/Pods/Headers/Public/react_featureflags/React-featureflags.modulemap\"\ -fmodule-map-file\=\"/Users/nathannovak/Development/Apps/StraboSpot2/ios/Pods/Headers/Public/react_nativemodule_defaults/React-defaultsnativemodule.modulemap\"\ -fmodule-map-file\=\"/Users/nathannovak/Development/Apps/StraboSpot2/ios/Pods/Headers/Public/react_nativemodule_dom/React-domnativemodule.modulemap\"\ -fmodule-map-file\=\"/Users/nathannovak/Development/Apps/StraboSpot2/ios/Pods/Headers/Public/react_nativemodule_featureflags/React-featureflagsnativemodule.modulemap\"\ -fmodule-map-file\=\"/Users/nathannovak/Development/Apps/StraboSpot2/ios/Pods/Headers/Public/react_nativemodule_idlecallbacks/React-idlecallbacksnativemodule.modulemap\"\ -fmodule-map-file\=\"/Users/nathannovak/Development/Apps/StraboSpot2/ios/Pods/Headers/Public/react_nativemodule_microtasks/React-microtasksnativemodule.modulemap\"\ -fmodule-map-file\=\"/Users/nathannovak/Development/Apps/StraboSpot2/ios/Pods/Headers/Public/react_renderer_css/React-renderercss.modulemap\"\ -fmodule-map-file\=\"/Users/nathannovak/Development/Apps/StraboSpot2/ios/Pods/Headers/Public/react_renderer_debug/React-rendererdebug.modulemap\"\ -fmodule-map-file\=\"/Users/nathannovak/Development/Apps/StraboSpot2/ios/Pods/Headers/Public/react_renderer_graphics/React-graphics.modulemap\"\ -fmodule-map-file\=\"/Users/nathannovak/Development/Apps/StraboSpot2/ios/Pods/Headers/Public/react_renderer_imagemanager/React-ImageManager.modulemap\"\ -fmodule-map-file\=\"/Users/nathannovak/Development/Apps/StraboSpot2/ios/Pods/Headers/Public/react_runtime/React-jsitooling.modulemap\"\ -fmodule-map-file\=\"/Users/nathannovak/Development/Apps/StraboSpot2/ios/Pods/Headers/Public/react_utils/React-utils.modulemap\"\ -fmodule-map-file\=\"/Users/nathannovak/Development/Apps/StraboSpot2/ios/Pods/Headers/Public/reacthermes/React-hermes.modulemap\"\ -fmodule-map-file\=\"/Users/nathannovak/Development/Apps/StraboSpot2/ios/Pods/Headers/Public/yoga/Yoga.modulemap\"\ \ \ \ -DFOLLY_NO_CONFIG\ -DFOLLY_MOBILE\=1\ -DFOLLY_USE_LIBCPP\=1\ -Wno-comma\ -Wno-shorten-64-to-32\ -DRCT_NEW_ARCH_ENABLED\ \ -DREACT_NATIVE_MINOR_VERSION\=79\ -DREANIMATED_VERSION\=3.17.5\ -DFOLLY_NO_CONFIG\ -DFOLLY_MOBILE\=1\ -DFOLLY_USE_LIBCPP\=1\ -DFOLLY_CFG_NO_COROUTINES\=1\ -DFOLLY_HAVE_CLOCK_GETTIME\=1\ -DRCT_NEW_ARCH_ENABLED\=1\ -DFOLLY_NO_CONFIG\ -DFOLLY_MOBILE\=1\ -DFOLLY_USE_LIBCPP\=1\ -DFOLLY_CFG_NO_COROUTINES\=1\ -DFOLLY_HAVE_CLOCK_GETTIME\=1\ -Wno-comma\ -Wno-shorten-64-to-32
    export OTHER_LDFLAGS\=\ \ \ -ObjC\ -l\"DoubleConversion\"\ -l\"EASClient\"\ -l\"EXConstants\"\ -l\"EXJSONUtils\"\ -l\"EXManifests\"\ -l\"EXStructuredHeaders\"\ -l\"EXUpdates\"\ -l\"EXUpdatesInterface\"\ -l\"Expo\"\ -l\"ExpoAsset\"\ -l\"ExpoFileSystem\"\ -l\"ExpoFont\"\ -l\"ExpoKeepAwake\"\ -l\"ExpoModulesCore\"\ -l\"IQKeyboardManagerSwift\"\ -l\"RCT-Folly\"\ -l\"RCTDeprecation\"\ -l\"RCTTypeSafety\"\ -l\"RNCAsyncStorage\"\ -l\"RNCClipboard\"\ -l\"RNCPicker\"\ -l\"RNDateTimePicker\"\ -l\"RNDeviceInfo\"\ -l\"RNFS\"\ -l\"RNGestureHandler\"\ -l\"RNReanimated\"\ -l\"RNScreens\"\ -l\"RNSensors\"\ -l\"RNSentry\"\ -l\"RNSketchCanvas\"\ -l\"RNSoundPlayer\"\ -l\"RNVectorIcons\"\ -l\"RNZipArchive\"\ -l\"ReachabilitySwift\"\ -l\"React-Core\"\ -l\"React-CoreModules\"\ -l\"React-Fabric\"\ -l\"React-FabricComponents\"\ -l\"React-FabricImage\"\ -l\"React-ImageManager\"\ -l\"React-Mapbuffer\"\ -l\"React-NativeModulesApple\"\ -l\"React-RCTAnimation\"\ -l\"React-RCTAppDelegate\"\ -l\"React-RCTBlob\"\ -l\"React-RCTFBReactNativeSpec\"\ -l\"React-RCTFabric\"\ -l\"React-RCTImage\"\ -l\"React-RCTLinking\"\ -l\"React-RCTNetwork\"\ -l\"React-RCTRuntime\"\ -l\"React-RCTSettings\"\ -l\"React-RCTText\"\ -l\"React-RCTVibration\"\ -l\"React-RuntimeApple\"\ -l\"React-RuntimeCore\"\ -l\"React-RuntimeHermes\"\ -l\"React-cxxreact\"\ -l\"React-debug\"\ -l\"React-defaultsnativemodule\"\ -l\"React-domnativemodule\"\ -l\"React-featureflags\"\ -l\"React-featureflagsnativemodule\"\ -l\"React-graphics\"\ -l\"React-hermes\"\ -l\"React-idlecallbacksnativemodule\"\ -l\"React-jserrorhandler\"\ -l\"React-jsi\"\ -l\"React-jsiexecutor\"\ -l\"React-jsinspector\"\ -l\"React-jsinspectortracing\"\ -l\"React-jsitooling\"\ -l\"React-logger\"\ -l\"React-microtasksnativemodule\"\ -l\"React-oscompat\"\ -l\"React-perflogger\"\ -l\"React-performancetimeline\"\ -l\"React-rendererconsistency\"\ -l\"React-renderercss\"\ -l\"React-rendererdebug\"\ -l\"React-runtimescheduler\"\ -l\"React-utils\"\ -l\"ReactAppDependencyProvider\"\ -l\"ReactCodegen\"\ -l\"ReactCommon\"\ -l\"ReactNativeKeyboardManager\"\ -l\"SSZipArchive\"\ -l\"Sentry\"\ -l\"SocketRocket\"\ -l\"Yoga\"\ -l\"c++\"\ -l\"c++abi\"\ -l\"fmt\"\ -l\"glog\"\ -l\"iconv\"\ -l\"icucore\"\ -l\"lottie-ios\"\ -l\"lottie-react-native\"\ -l\"react-native-blob-util\"\ -l\"react-native-document-picker\"\ -l\"react-native-geolocation\"\ -l\"react-native-get-random-values\"\ -l\"react-native-image-picker\"\ -l\"react-native-image-resizer\"\ -l\"react-native-keep-awake\"\ -l\"react-native-netinfo\"\ -l\"react-native-orientation-director\"\ -l\"react-native-pager-view\"\ -l\"react-native-pdf\"\ -l\"react-native-safe-area-context\"\ -l\"react-native-slider\"\ -l\"rnmapbox-maps\"\ -l\"swiftCoreGraphics\"\ -l\"z\"\ -framework\ \"AVFoundation\"\ -framework\ \"Accelerate\"\ -framework\ \"AssetsLibrary\"\ -framework\ \"AudioToolbox\"\ -framework\ \"CFNetwork\"\ -framework\ \"CoreGraphics\"\ -framework\ \"CoreLocation\"\ -framework\ \"CoreMedia\"\ -framework\ \"CoreTelephony\"\ -framework\ \"Foundation\"\ -framework\ \"ImageIO\"\ -framework\ \"MapboxCommon\"\ -framework\ \"MapboxCoreMaps\"\ -framework\ \"MapboxMaps\"\ -framework\ \"MapboxMobileEvents\"\ -framework\ \"MobileCoreServices\"\ -framework\ \"PDFKit\"\ -framework\ \"Photos\"\ -framework\ \"PhotosUI\"\ -framework\ \"QuartzCore\"\ -framework\ \"Security\"\ -framework\ \"SystemConfiguration\"\ -framework\ \"Turf\"\ -framework\ \"UIKit\"\ -framework\ \"hermes\"\ -weak_framework\ \"Combine\"\ -weak_framework\ \"JavaScriptCore\"\ -weak_framework\ \"SwiftUI\"\ -ObjC\ -lc++
    export OTHER_SWIFT_FLAGS\=\ -D\ COCOAPODS\ -Xcc\ -fmodule-map-file\=\"/Users/nathannovak/Library/Developer/Xcode/DerivedData/StraboSpot2-gztieqkdzpsbarfnoxqpkwxgfcqj/Build/Products/Debug-iphonesimulator/EASClient/EASClient.modulemap\"\ -Xcc\ -fmodule-map-file\=\"/Users/nathannovak/Library/Developer/Xcode/DerivedData/StraboSpot2-gztieqkdzpsbarfnoxqpkwxgfcqj/Build/Products/Debug-iphonesimulator/EXConstants/EXConstants.modulemap\"\ -Xcc\ -fmodule-map-file\=\"/Users/nathannovak/Library/Developer/Xcode/DerivedData/StraboSpot2-gztieqkdzpsbarfnoxqpkwxgfcqj/Build/Products/Debug-iphonesimulator/EXManifests/EXManifests.modulemap\"\ -Xcc\ -fmodule-map-file\=\"/Users/nathannovak/Library/Developer/Xcode/DerivedData/StraboSpot2-gztieqkdzpsbarfnoxqpkwxgfcqj/Build/Products/Debug-iphonesimulator/EXUpdates/EXUpdates.modulemap\"\ -Xcc\ -fmodule-map-file\=\"/Users/nathannovak/Library/Developer/Xcode/DerivedData/StraboSpot2-gztieqkdzpsbarfnoxqpkwxgfcqj/Build/Products/Debug-iphonesimulator/EXUpdatesInterface/EXUpdatesInterface.modulemap\"\ -Xcc\ -fmodule-map-file\=\"/Users/nathannovak/Library/Developer/Xcode/DerivedData/StraboSpot2-gztieqkdzpsbarfnoxqpkwxgfcqj/Build/Products/Debug-iphonesimulator/Expo/Expo.modulemap\"\ -Xcc\ -fmodule-map-file\=\"/Users/nathannovak/Library/Developer/Xcode/DerivedData/StraboSpot2-gztieqkdzpsbarfnoxqpkwxgfcqj/Build/Products/Debug-iphonesimulator/ExpoAsset/ExpoAsset.modulemap\"\ -Xcc\ -fmodule-map-file\=\"/Users/nathannovak/Library/Developer/Xcode/DerivedData/StraboSpot2-gztieqkdzpsbarfnoxqpkwxgfcqj/Build/Products/Debug-iphonesimulator/ExpoFileSystem/ExpoFileSystem.modulemap\"\ -Xcc\ -fmodule-map-file\=\"/Users/nathannovak/Library/Developer/Xcode/DerivedData/StraboSpot2-gztieqkdzpsbarfnoxqpkwxgfcqj/Build/Products/Debug-iphonesimulator/ExpoFont/ExpoFont.modulemap\"\ -Xcc\ -fmodule-map-file\=\"/Users/nathannovak/Library/Developer/Xcode/DerivedData/StraboSpot2-gztieqkdzpsbarfnoxqpkwxgfcqj/Build/Products/Debug-iphonesimulator/ExpoKeepAwake/ExpoKeepAwake.modulemap\"\ -Xcc\ -fmodule-map-file\=\"/Users/nathannovak/Library/Developer/Xcode/DerivedData/StraboSpot2-gztieqkdzpsbarfnoxqpkwxgfcqj/Build/Products/Debug-iphonesimulator/ExpoModulesCore/ExpoModulesCore.modulemap\"\ -Xcc\ -fmodule-map-file\=\"/Users/nathannovak/Library/Developer/Xcode/DerivedData/StraboSpot2-gztieqkdzpsbarfnoxqpkwxgfcqj/Build/Products/Debug-iphonesimulator/IQKeyboardManagerSwift/IQKeyboardManagerSwift.modulemap\"\ -Xcc\ -fmodule-map-file\=\"/Users/nathannovak/Library/Developer/Xcode/DerivedData/StraboSpot2-gztieqkdzpsbarfnoxqpkwxgfcqj/Build/Products/Debug-iphonesimulator/ReachabilitySwift/Reachability.modulemap\"\ -Xcc\ -fmodule-map-file\=\"/Users/nathannovak/Library/Developer/Xcode/DerivedData/StraboSpot2-gztieqkdzpsbarfnoxqpkwxgfcqj/Build/Products/Debug-iphonesimulator/Sentry/Sentry.modulemap\"\ -Xcc\ -fmodule-map-file\=\"/Users/nathannovak/Library/Developer/Xcode/DerivedData/StraboSpot2-gztieqkdzpsbarfnoxqpkwxgfcqj/Build/Products/Debug-iphonesimulator/lottie-ios/Lottie.modulemap\"\ -Xcc\ -fmodule-map-file\=\"/Users/nathannovak/Library/Developer/Xcode/DerivedData/StraboSpot2-gztieqkdzpsbarfnoxqpkwxgfcqj/Build/Products/Debug-iphonesimulator/lottie-react-native/lottie_react_native.modulemap\"\ -Xcc\ -fmodule-map-file\=\"/Users/nathannovak/Library/Developer/Xcode/DerivedData/StraboSpot2-gztieqkdzpsbarfnoxqpkwxgfcqj/Build/Products/Debug-iphonesimulator/react-native-document-picker/react_native_document_picker.modulemap\"\ -Xcc\ -fmodule-map-file\=\"/Users/nathannovak/Library/Developer/Xcode/DerivedData/StraboSpot2-gztieqkdzpsbarfnoxqpkwxgfcqj/Build/Products/Debug-iphonesimulator/react-native-orientation-director/react_native_orientation_director.modulemap\"\ -Xcc\ -fmodule-map-file\=\"/Users/nathannovak/Library/Developer/Xcode/DerivedData/StraboSpot2-gztieqkdzpsbarfnoxqpkwxgfcqj/Build/Products/Debug-iphonesimulator/rnmapbox-maps/rnmapbox_maps.modulemap\"\ -Xcc\ -fmodule-map-file\=\"/Users/nathannovak/Development/Apps/StraboSpot2/ios/Pods/Headers/Public/DoubleConversion/DoubleConversion.modulemap\"\ -Xcc\ -fmodule-map-file\=\"/Users/nathannovak/Development/Apps/StraboSpot2/ios/Pods/Headers/Public/EXJSONUtils/EXJSONUtils.modulemap\"\ -Xcc\ -fmodule-map-file\=\"/Users/nathannovak/Development/Apps/StraboSpot2/ios/Pods/Headers/Public/EXStructuredHeaders/EXStructuredHeaders.modulemap\"\ -Xcc\ -fmodule-map-file\=\"/Users/nathannovak/Development/Apps/StraboSpot2/ios/Pods/Headers/Public/RCTDeprecation/RCTDeprecation.modulemap\"\ -Xcc\ -fmodule-map-file\=\"/Users/nathannovak/Development/Apps/StraboSpot2/ios/Pods/Headers/Public/RCTFabric/React-RCTFabric.modulemap\"\ -Xcc\ -fmodule-map-file\=\"/Users/nathannovak/Development/Apps/StraboSpot2/ios/Pods/Headers/Public/RCTRuntime/React-RCTRuntime.modulemap\"\ -Xcc\ -fmodule-map-file\=\"/Users/nathannovak/Development/Apps/StraboSpot2/ios/Pods/Headers/Public/RCTTypeSafety/RCTTypeSafety.modulemap\"\ -Xcc\ -fmodule-map-file\=\"/Users/nathannovak/Development/Apps/StraboSpot2/ios/Pods/Headers/Public/RNReanimated/RNReanimated.modulemap\"\ -Xcc\ -fmodule-map-file\=\"/Users/nathannovak/Development/Apps/StraboSpot2/ios/Pods/Headers/Public/React/React-Core.modulemap\"\ -Xcc\ -fmodule-map-file\=\"/Users/nathannovak/Development/Apps/StraboSpot2/ios/Pods/Headers/Public/ReactAppDependencyProvider/ReactAppDependencyProvider.modulemap\"\ -Xcc\ -fmodule-map-file\=\"/Users/nathannovak/Development/Apps/StraboSpot2/ios/Pods/Headers/Public/ReactCodegen/ReactCodegen.modulemap\"\ -Xcc\ -fmodule-map-file\=\"/Users/nathannovak/Development/Apps/StraboSpot2/ios/Pods/Headers/Public/ReactCommon/ReactCommon.modulemap\"\ -Xcc\ -fmodule-map-file\=\"/Users/nathannovak/Development/Apps/StraboSpot2/ios/Pods/Headers/Public/React_Fabric/React-Fabric.modulemap\"\ -Xcc\ -fmodule-map-file\=\"/Users/nathannovak/Development/Apps/StraboSpot2/ios/Pods/Headers/Public/React_FabricComponents/React-FabricComponents.modulemap\"\ -Xcc\ -fmodule-map-file\=\"/Users/nathannovak/Development/Apps/StraboSpot2/ios/Pods/Headers/Public/React_NativeModulesApple/React-NativeModulesApple.modulemap\"\ -Xcc\ -fmodule-map-file\=\"/Users/nathannovak/Development/Apps/StraboSpot2/ios/Pods/Headers/Public/React_RCTAppDelegate/React-RCTAppDelegate.modulemap\"\ -Xcc\ -fmodule-map-file\=\"/Users/nathannovak/Development/Apps/StraboSpot2/ios/Pods/Headers/Public/SSZipArchive/SSZipArchive.modulemap\"\ -Xcc\ -fmodule-map-file\=\"/Users/nathannovak/Development/Apps/StraboSpot2/ios/Pods/Headers/Public/folly/RCT-Folly.modulemap\"\ -Xcc\ -fmodule-map-file\=\"/Users/nathannovak/Development/Apps/StraboSpot2/ios/Pods/Headers/Public/glog/glog.modulemap\"\ -Xcc\ -fmodule-map-file\=\"/Users/nathannovak/Development/Apps/StraboSpot2/ios/Pods/Headers/Public/jsi/React-jsi.modulemap\"\ -Xcc\ -fmodule-map-file\=\"/Users/nathannovak/Development/Apps/StraboSpot2/ios/Pods/Headers/Public/jsinspector_modern/React-jsinspector.modulemap\"\ -Xcc\ -fmodule-map-file\=\"/Users/nathannovak/Development/Apps/StraboSpot2/ios/Pods/Headers/Public/jsinspector_modern_tracing/React-jsinspectortracing.modulemap\"\ -Xcc\ -fmodule-map-file\=\"/Users/nathannovak/Development/Apps/StraboSpot2/ios/Pods/Headers/Public/react_debug/React-debug.modulemap\"\ -Xcc\ -fmodule-map-file\=\"/Users/nathannovak/Development/Apps/StraboSpot2/ios/Pods/Headers/Public/react_featureflags/React-featureflags.modulemap\"\ -Xcc\ -fmodule-map-file\=\"/Users/nathannovak/Development/Apps/StraboSpot2/ios/Pods/Headers/Public/react_nativemodule_defaults/React-defaultsnativemodule.modulemap\"\ -Xcc\ -fmodule-map-file\=\"/Users/nathannovak/Development/Apps/StraboSpot2/ios/Pods/Headers/Public/react_nativemodule_dom/React-domnativemodule.modulemap\"\ -Xcc\ -fmodule-map-file\=\"/Users/nathannovak/Development/Apps/StraboSpot2/ios/Pods/Headers/Public/react_nativemodule_featureflags/React-featureflagsnativemodule.modulemap\"\ -Xcc\ -fmodule-map-file\=\"/Users/nathannovak/Development/Apps/StraboSpot2/ios/Pods/Headers/Public/react_nativemodule_idlecallbacks/React-idlecallbacksnativemodule.modulemap\"\ -Xcc\ -fmodule-map-file\=\"/Users/nathannovak/Development/Apps/StraboSpot2/ios/Pods/Headers/Public/react_nativemodule_microtasks/React-microtasksnativemodule.modulemap\"\ -Xcc\ -fmodule-map-file\=\"/Users/nathannovak/Development/Apps/StraboSpot2/ios/Pods/Headers/Public/react_renderer_css/React-renderercss.modulemap\"\ -Xcc\ -fmodule-map-file\=\"/Users/nathannovak/Development/Apps/StraboSpot2/ios/Pods/Headers/Public/react_renderer_debug/React-rendererdebug.modulemap\"\ -Xcc\ -fmodule-map-file\=\"/Users/nathannovak/Development/Apps/StraboSpot2/ios/Pods/Headers/Public/react_renderer_graphics/React-graphics.modulemap\"\ -Xcc\ -fmodule-map-file\=\"/Users/nathannovak/Development/Apps/StraboSpot2/ios/Pods/Headers/Public/react_renderer_imagemanager/React-ImageManager.modulemap\"\ -Xcc\ -fmodule-map-file\=\"/Users/nathannovak/Development/Apps/StraboSpot2/ios/Pods/Headers/Public/react_runtime/React-jsitooling.modulemap\"\ -Xcc\ -fmodule-map-file\=\"/Users/nathannovak/Development/Apps/StraboSpot2/ios/Pods/Headers/Public/react_utils/React-utils.modulemap\"\ -Xcc\ -fmodule-map-file\=\"/Users/nathannovak/Development/Apps/StraboSpot2/ios/Pods/Headers/Public/reacthermes/React-hermes.modulemap\"\ -Xcc\ -fmodule-map-file\=\"/Users/nathannovak/Development/Apps/StraboSpot2/ios/Pods/Headers/Public/yoga/Yoga.modulemap\"\ -D\ EXPO_CONFIGURATION_DEBUG
    export PACKAGE_TYPE\=com.apple.package-type.wrapper.application
    export PASCAL_STRINGS\=YES
    export PATH\=/Applications/Xcode.app/Contents/SharedFrameworks/SwiftBuild.framework/Versions/A/PlugIns/SWBBuildService.bundle/Contents/PlugIns/SWBUniversalPlatformPlugin.bundle/Contents/Frameworks/SWBUniversalPlatform.framework/Resources:/Applications/Xcode.app/Contents/Developer/Toolchains/XcodeDefault.xctoolchain/usr/bin:/Applications/Xcode.app/Contents/Developer/Toolchains/XcodeDefault.xctoolchain/usr/local/bin:/Applications/Xcode.app/Contents/Developer/Toolchains/XcodeDefault.xctoolchain/usr/libexec:/Applications/Xcode.app/Contents/Developer/Platforms/iPhoneSimulator.platform/usr/bin:/Applications/Xcode.app/Contents/Developer/Platforms/iPhoneSimulator.platform/usr/local/bin:/Applications/Xcode.app/Contents/Developer/Platforms/iPhoneSimulator.platform/Developer/usr/bin:/Applications/Xcode.app/Contents/Developer/Platforms/iPhoneSimulator.platform/Developer/usr/local/bin:/Applications/Xcode.app/Contents/Developer/usr/bin:/Applications/Xcode.app/Contents/Developer/usr/local/bin:/Users/nathannovak/Development/Apps/StraboSpot2/node_modules/.bin:/Users/nathannovak/Development/Apps/node_modules/.bin:/Users/nathannovak/Development/node_modules/.bin:/Users/nathannovak/node_modules/.bin:/Users/node_modules/.bin:/node_modules/.bin:/Users/nathannovak/.nvm/versions/node/v22.16.0/lib/node_modules/npm/node_modules/@npmcli/run-script/lib/node-gyp-bin:/Users/nathannovak/.flashlight/bin:/Users/nathannovak/.nvm/versions/node/v22.16.0/bin:/Users/nathannovak/google-cloud-sdk/bin:/Users/nathannovak/.rbenv/shims:/Library/Frameworks/Python.framework/Versions/3.10/bin:/Library/Frameworks/Python.framework/Versions/3.6/bin:/usr/local/bin:/System/Cryptexes/App/usr/bin:/usr/bin:/bin:/usr/sbin:/sbin:/var/run/com.apple.security.cryptexd/codex.system/bootstrap/usr/local/bin:/var/run/com.apple.security.cryptexd/codex.system/bootstrap/usr/bin:/var/run/com.apple.security.cryptexd/codex.system/bootstrap/usr/appleinternal/bin:/Library/Apple/usr/bin:/Library/TeX/texbin:/Users/nathannovak/Library/Android/sdk/emulator:/Users/nathannovak/Library/Android/sdk/platform-tools
    export PATH_PREFIXES_EXCLUDED_FROM_HEADER_DEPENDENCIES\=/usr/include\ /usr/local/include\ /System/Library/Frameworks\ /System/Library/PrivateFrameworks\ /Applications/Xcode.app/Contents/Developer/Headers\ /Applications/Xcode.app/Contents/Developer/SDKs\ /Applications/Xcode.app/Contents/Developer/Platforms
    export PBDEVELOPMENTPLIST_PATH\=StraboSpot2.app/pbdevelopment.plist
    export PER_ARCH_MODULE_FILE_DIR\=/Users/nathannovak/Library/Developer/Xcode/DerivedData/StraboSpot2-gztieqkdzpsbarfnoxqpkwxgfcqj/Build/Intermediates.noindex/StraboSpot2.build/Debug-iphonesimulator/StraboSpot2.build/Objects-normal/undefined_arch
    export PER_ARCH_OBJECT_FILE_DIR\=/Users/nathannovak/Library/Developer/Xcode/DerivedData/StraboSpot2-gztieqkdzpsbarfnoxqpkwxgfcqj/Build/Intermediates.noindex/StraboSpot2.build/Debug-iphonesimulator/StraboSpot2.build/Objects-normal/undefined_arch
    export PER_VARIANT_OBJECT_FILE_DIR\=/Users/nathannovak/Library/Developer/Xcode/DerivedData/StraboSpot2-gztieqkdzpsbarfnoxqpkwxgfcqj/Build/Intermediates.noindex/StraboSpot2.build/Debug-iphonesimulator/StraboSpot2.build/Objects-normal
    export PKGINFO_FILE_PATH\=/Users/nathannovak/Library/Developer/Xcode/DerivedData/StraboSpot2-gztieqkdzpsbarfnoxqpkwxgfcqj/Build/Intermediates.noindex/StraboSpot2.build/Debug-iphonesimulator/StraboSpot2.build/PkgInfo
    export PKGINFO_PATH\=StraboSpot2.app/PkgInfo
    export PLATFORM_DEVELOPER_APPLICATIONS_DIR\=/Applications/Xcode.app/Contents/Developer/Platforms/iPhoneSimulator.platform/Developer/Applications
    export PLATFORM_DEVELOPER_BIN_DIR\=/Applications/Xcode.app/Contents/Developer/Platforms/iPhoneSimulator.platform/Developer/usr/bin
    export PLATFORM_DEVELOPER_LIBRARY_DIR\=/Applications/Xcode.app/Contents/Developer/Platforms/iPhoneSimulator.platform/Developer/Library
    export PLATFORM_DEVELOPER_SDK_DIR\=/Applications/Xcode.app/Contents/Developer/Platforms/iPhoneSimulator.platform/Developer/SDKs
    export PLATFORM_DEVELOPER_TOOLS_DIR\=/Applications/Xcode.app/Contents/Developer/Platforms/iPhoneSimulator.platform/Developer/Tools
    export PLATFORM_DEVELOPER_USR_DIR\=/Applications/Xcode.app/Contents/Developer/Platforms/iPhoneSimulator.platform/Developer/usr
    export PLATFORM_DIR\=/Applications/Xcode.app/Contents/Developer/Platforms/iPhoneSimulator.platform
    export PLATFORM_DISPLAY_NAME\=iOS\ Simulator
    export PLATFORM_FAMILY_NAME\=iOS
    export PLATFORM_NAME\=iphonesimulator
    export PLATFORM_PREFERRED_ARCH\=x86_64
    export PLATFORM_PRODUCT_BUILD_VERSION\=23A339
    export PLATFORM_REQUIRES_SWIFT_AUTOLINK_EXTRACT\=NO
    export PLATFORM_REQUIRES_SWIFT_MODULEWRAP\=NO
    export PLIST_FILE_OUTPUT_FORMAT\=binary
    export PLUGINS_FOLDER_PATH\=StraboSpot2.app/PlugIns
    export PODS_BUILD_DIR\=/Users/nathannovak/Library/Developer/Xcode/DerivedData/StraboSpot2-gztieqkdzpsbarfnoxqpkwxgfcqj/Build/Products
    export PODS_CONFIGURATION_BUILD_DIR\=/Users/nathannovak/Library/Developer/Xcode/DerivedData/StraboSpot2-gztieqkdzpsbarfnoxqpkwxgfcqj/Build/Products/Debug-iphonesimulator
    export PODS_PODFILE_DIR_PATH\=/Users/nathannovak/Development/Apps/StraboSpot2/ios/.
    export PODS_ROOT\=/Users/nathannovak/Development/Apps/StraboSpot2/ios/Pods
    export PODS_XCFRAMEWORKS_BUILD_DIR\=/Users/nathannovak/Library/Developer/Xcode/DerivedData/StraboSpot2-gztieqkdzpsbarfnoxqpkwxgfcqj/Build/Products/Debug-iphonesimulator/XCFrameworkIntermediates
    export PRECOMPS_INCLUDE_HEADERS_FROM_BUILT_PRODUCTS_DIR\=YES
    export PRECOMP_DESTINATION_DIR\=/Users/nathannovak/Library/Developer/Xcode/DerivedData/StraboSpot2-gztieqkdzpsbarfnoxqpkwxgfcqj/Build/Intermediates.noindex/StraboSpot2.build/Debug-iphonesimulator/StraboSpot2.build/PrefixHeaders
    export PRIVATE_HEADERS_FOLDER_PATH\=StraboSpot2.app/PrivateHeaders
    export PROCESSED_INFOPLIST_PATH\=/Users/nathannovak/Library/Developer/Xcode/DerivedData/StraboSpot2-gztieqkdzpsbarfnoxqpkwxgfcqj/Build/Intermediates.noindex/StraboSpot2.build/Debug-iphonesimulator/StraboSpot2.build/Objects-normal/undefined_arch/Processed-Info.plist
    export PRODUCT_BUNDLE_IDENTIFIER\=org.StraboSpot2
    export PRODUCT_BUNDLE_PACKAGE_TYPE\=APPL
    export PRODUCT_MODULE_NAME\=StraboSpot2
    export PRODUCT_NAME\=StraboSpot2
    export PRODUCT_SETTINGS_PATH\=/Users/nathannovak/Development/Apps/StraboSpot2/ios/StraboSpot2/Info.plist
    export PRODUCT_TYPE\=com.apple.product-type.application
    export PROFILING_CODE\=NO
    export PROJECT\=StraboSpot2
    export PROJECT_DERIVED_FILE_DIR\=/Users/nathannovak/Library/Developer/Xcode/DerivedData/StraboSpot2-gztieqkdzpsbarfnoxqpkwxgfcqj/Build/Intermediates.noindex/StraboSpot2.build/DerivedSources
    export PROJECT_DIR\=/Users/nathannovak/Development/Apps/StraboSpot2/ios
    export PROJECT_FILE_PATH\=/Users/nathannovak/Development/Apps/StraboSpot2/ios/StraboSpot2.xcodeproj
    export PROJECT_GUID\=5ae4280a4e419be4569b03d7a8f7e3cb
    export PROJECT_NAME\=StraboSpot2
    export PROJECT_TEMP_DIR\=/Users/nathannovak/Library/Developer/Xcode/DerivedData/StraboSpot2-gztieqkdzpsbarfnoxqpkwxgfcqj/Build/Intermediates.noindex/StraboSpot2.build
    export PROJECT_TEMP_ROOT\=/Users/nathannovak/Library/Developer/Xcode/DerivedData/StraboSpot2-gztieqkdzpsbarfnoxqpkwxgfcqj/Build/Intermediates.noindex
    export PROVISIONING_PROFILE_REQUIRED\=NO
    export PROVISIONING_PROFILE_REQUIRED_YES_YES\=YES
    export PROVISIONING_PROFILE_SUPPORTED\=YES
    export PUBLIC_HEADERS_FOLDER_PATH\=StraboSpot2.app/Headers
    export REACT_NATIVE_PATH\=/Users/nathannovak/Development/Apps/StraboSpot2/ios/Pods/../../node_modules/react-native
    export RECOMMENDED_IPHONEOS_DEPLOYMENT_TARGET\=15.0
    export RECURSIVE_SEARCH_PATHS_FOLLOW_SYMLINKS\=YES
    export REMOVE_CVS_FROM_RESOURCES\=YES
    export REMOVE_GIT_FROM_RESOURCES\=YES
    export REMOVE_HEADERS_FROM_EMBEDDED_BUNDLES\=YES
    export REMOVE_HG_FROM_RESOURCES\=YES
    export REMOVE_STATIC_EXECUTABLES_FROM_EMBEDDED_BUNDLES\=YES
    export REMOVE_SVN_FROM_RESOURCES\=YES
    export RESCHEDULE_INDEPENDENT_HEADERS_PHASES\=YES
    export REZ_COLLECTOR_DIR\=/Users/nathannovak/Library/Developer/Xcode/DerivedData/StraboSpot2-gztieqkdzpsbarfnoxqpkwxgfcqj/Build/Intermediates.noindex/StraboSpot2.build/Debug-iphonesimulator/StraboSpot2.build/ResourceManagerResources
    export REZ_OBJECTS_DIR\=/Users/nathannovak/Library/Developer/Xcode/DerivedData/StraboSpot2-gztieqkdzpsbarfnoxqpkwxgfcqj/Build/Intermediates.noindex/StraboSpot2.build/Debug-iphonesimulator/StraboSpot2.build/ResourceManagerResources/Objects
    export REZ_SEARCH_PATHS\=/Users/nathannovak/Library/Developer/Xcode/DerivedData/StraboSpot2-gztieqkdzpsbarfnoxqpkwxgfcqj/Build/Products/Debug-iphonesimulator\ 
    export RUNTIME_EXCEPTION_ALLOW_DYLD_ENVIRONMENT_VARIABLES\=NO
    export RUNTIME_EXCEPTION_ALLOW_JIT\=NO
    export RUNTIME_EXCEPTION_ALLOW_UNSIGNED_EXECUTABLE_MEMORY\=NO
    export RUNTIME_EXCEPTION_DEBUGGING_TOOL\=NO
    export RUNTIME_EXCEPTION_DISABLE_EXECUTABLE_PAGE_PROTECTION\=NO
    export RUNTIME_EXCEPTION_DISABLE_LIBRARY_VALIDATION\=NO
    export SCAN_ALL_SOURCE_FILES_FOR_INCLUDES\=NO
    export SCRIPTS_FOLDER_PATH\=StraboSpot2.app/Scripts
    export SCRIPT_INPUT_FILE_0\=/Users/nathannovak/Development/Apps/StraboSpot2/ios/.xcode.env
    export SCRIPT_INPUT_FILE_1\=/Users/nathannovak/Development/Apps/StraboSpot2/ios/.xcode.env.local
    export SCRIPT_INPUT_FILE_2\=/Users/nathannovak/Development/Apps/StraboSpot2/ios/Pods/Target\ Support\ Files/Pods-StraboSpot2/expo-configure-project.sh
    export SCRIPT_INPUT_FILE_COUNT\=3
    export SCRIPT_INPUT_FILE_LIST_COUNT\=0
    export SCRIPT_OUTPUT_FILE_0\=/Users/nathannovak/Development/Apps/StraboSpot2/ios/Pods/Target\ Support\ Files/Pods-StraboSpot2/ExpoModulesProvider.swift
    export SCRIPT_OUTPUT_FILE_COUNT\=1
    export SCRIPT_OUTPUT_FILE_LIST_COUNT\=0
    export SDKROOT\=/Applications/Xcode.app/Contents/Developer/Platforms/iPhoneSimulator.platform/Developer/SDKs/iPhoneSimulator26.0.sdk
    export SDK_DIR\=/Applications/Xcode.app/Contents/Developer/Platforms/iPhoneSimulator.platform/Developer/SDKs/iPhoneSimulator26.0.sdk
    export SDK_DIR_iphonesimulator\=/Applications/Xcode.app/Contents/Developer/Platforms/iPhoneSimulator.platform/Developer/SDKs/iPhoneSimulator26.0.sdk
    export SDK_DIR_iphonesimulator26_0\=/Applications/Xcode.app/Contents/Developer/Platforms/iPhoneSimulator.platform/Developer/SDKs/iPhoneSimulator26.0.sdk
    export SDK_NAME\=iphonesimulator26.0
    export SDK_NAMES\=iphonesimulator26.0
    export SDK_PRODUCT_BUILD_VERSION\=23A339
    export SDK_STAT_CACHE_DIR\=/Users/nathannovak/Library/Developer/Xcode/DerivedData
    export SDK_STAT_CACHE_ENABLE\=YES
    export SDK_STAT_CACHE_PATH\=/Users/nathannovak/Library/Developer/Xcode/DerivedData/SDKStatCaches.noindex/iphonesimulator26.0-23A339-26257891a6c027eb51374368541b8346.sdkstatcache
    export SDK_VERSION\=26.0
    export SDK_VERSION_ACTUAL\=260000
    export SDK_VERSION_MAJOR\=260000
    export SDK_VERSION_MINOR\=260000
    export SED\=/usr/bin/sed
    export SEPARATE_STRIP\=NO
    export SEPARATE_SYMBOL_EDIT\=NO
    export SET_DIR_MODE_OWNER_GROUP\=YES
    export SET_FILE_MODE_OWNER_GROUP\=NO
    export SHALLOW_BUNDLE\=YES
    export SHALLOW_BUNDLE_TRIPLE\=ios-simulator
    export SHALLOW_BUNDLE_ios_macabi\=NO
    export SHALLOW_BUNDLE_macos\=NO
    export SHARED_DERIVED_FILE_DIR\=/Users/nathannovak/Library/Developer/Xcode/DerivedData/StraboSpot2-gztieqkdzpsbarfnoxqpkwxgfcqj/Build/Products/Debug-iphonesimulator/DerivedSources
    export SHARED_FRAMEWORKS_FOLDER_PATH\=StraboSpot2.app/SharedFrameworks
    export SHARED_PRECOMPS_DIR\=/Users/nathannovak/Library/Developer/Xcode/DerivedData/StraboSpot2-gztieqkdzpsbarfnoxqpkwxgfcqj/Build/Intermediates.noindex/PrecompiledHeaders
    export SHARED_SUPPORT_FOLDER_PATH\=StraboSpot2.app/SharedSupport
    export SKIP_INSTALL\=NO
    export SOURCE_ROOT\=/Users/nathannovak/Development/Apps/StraboSpot2/ios
    export SRCROOT\=/Users/nathannovak/Development/Apps/StraboSpot2/ios
    export STRINGSDATA_DIR\=/Users/nathannovak/Library/Developer/Xcode/DerivedData/StraboSpot2-gztieqkdzpsbarfnoxqpkwxgfcqj/Build/Intermediates.noindex/StraboSpot2.build/Debug-iphonesimulator/StraboSpot2.build/Objects-normal/undefined_arch
    export STRINGSDATA_ROOT\=/Users/nathannovak/Library/Developer/Xcode/DerivedData/StraboSpot2-gztieqkdzpsbarfnoxqpkwxgfcqj/Build/Intermediates.noindex/StraboSpot2.build/Debug-iphonesimulator/StraboSpot2.build
    export STRINGS_FILE_INFOPLIST_RENAME\=YES
    export STRINGS_FILE_OUTPUT_ENCODING\=binary
    export STRING_CATALOG_GENERATE_SYMBOLS\=NO
    export STRIP_BITCODE_FROM_COPIED_FILES\=NO
    export STRIP_INSTALLED_PRODUCT\=NO
    export STRIP_STYLE\=all
    export STRIP_SWIFT_SYMBOLS\=YES
    export SUPPORTED_DEVICE_FAMILIES\=1,2
    export SUPPORTED_PLATFORMS\=iphoneos\ iphonesimulator
    export SUPPORTS_MACCATALYST\=NO
    export SUPPORTS_MAC_DESIGNED_FOR_IPHONE_IPAD\=NO
    export SUPPORTS_ON_DEMAND_RESOURCES\=YES
    export SUPPORTS_TEXT_BASED_API\=NO
    export SUPPORTS_XR_DESIGNED_FOR_IPHONE_IPAD\=NO
    export SUPPRESS_WARNINGS\=NO
    export SWIFT_ACTIVE_COMPILATION_CONDITIONS\=\ DEBUG
    export SWIFT_EMIT_CONST_VALUE_PROTOCOLS\=AppIntent\ EntityQuery\ AppEntity\ TransientEntity\ AppEnum\ AppShortcutProviding\ AppShortcutsProvider\ AnyResolverProviding\ AppIntentsPackage\ DynamicOptionsProvider\ _IntentValueRepresentable\ _AssistantIntentsProvider\ _GenerativeFunctionExtractable\ IntentValueQuery\ Resolver\ AppExtension\ ExtensionPointDefining
    export SWIFT_EMIT_LOC_STRINGS\=NO
    export SWIFT_ENABLE_EXPLICIT_MODULES\=YES
    export SWIFT_INCLUDE_PATHS\=/Users/nathannovak/Library/Developer/Xcode/DerivedData/StraboSpot2-gztieqkdzpsbarfnoxqpkwxgfcqj/Build/Products/Debug-iphonesimulator\ \ \"/Users/nathannovak/Library/Developer/Xcode/DerivedData/StraboSpot2-gztieqkdzpsbarfnoxqpkwxgfcqj/Build/Products/Debug-iphonesimulator/EASClient\"\ \"/Users/nathannovak/Library/Developer/Xcode/DerivedData/StraboSpot2-gztieqkdzpsbarfnoxqpkwxgfcqj/Build/Products/Debug-iphonesimulator/EXConstants\"\ \"/Users/nathannovak/Library/Developer/Xcode/DerivedData/StraboSpot2-gztieqkdzpsbarfnoxqpkwxgfcqj/Build/Products/Debug-iphonesimulator/EXManifests\"\ \"/Users/nathannovak/Library/Developer/Xcode/DerivedData/StraboSpot2-gztieqkdzpsbarfnoxqpkwxgfcqj/Build/Products/Debug-iphonesimulator/EXUpdates\"\ \"/Users/nathannovak/Library/Developer/Xcode/DerivedData/StraboSpot2-gztieqkdzpsbarfnoxqpkwxgfcqj/Build/Products/Debug-iphonesimulator/EXUpdatesInterface\"\ \"/Users/nathannovak/Library/Developer/Xcode/DerivedData/StraboSpot2-gztieqkdzpsbarfnoxqpkwxgfcqj/Build/Products/Debug-iphonesimulator/Expo\"\ \"/Users/nathannovak/Library/Developer/Xcode/DerivedData/StraboSpot2-gztieqkdzpsbarfnoxqpkwxgfcqj/Build/Products/Debug-iphonesimulator/ExpoAsset\"\ \"/Users/nathannovak/Library/Developer/Xcode/DerivedData/StraboSpot2-gztieqkdzpsbarfnoxqpkwxgfcqj/Build/Products/Debug-iphonesimulator/ExpoFileSystem\"\ \"/Users/nathannovak/Library/Developer/Xcode/DerivedData/StraboSpot2-gztieqkdzpsbarfnoxqpkwxgfcqj/Build/Products/Debug-iphonesimulator/ExpoFont\"\ \"/Users/nathannovak/Library/Developer/Xcode/DerivedData/StraboSpot2-gztieqkdzpsbarfnoxqpkwxgfcqj/Build/Products/Debug-iphonesimulator/ExpoKeepAwake\"\ \"/Users/nathannovak/Library/Developer/Xcode/DerivedData/StraboSpot2-gztieqkdzpsbarfnoxqpkwxgfcqj/Build/Products/Debug-iphonesimulator/ExpoModulesCore\"\ \"/Users/nathannovak/Library/Developer/Xcode/DerivedData/StraboSpot2-gztieqkdzpsbarfnoxqpkwxgfcqj/Build/Products/Debug-iphonesimulator/IQKeyboardManagerSwift\"\ \"/Users/nathannovak/Library/Developer/Xcode/DerivedData/StraboSpot2-gztieqkdzpsbarfnoxqpkwxgfcqj/Build/Products/Debug-iphonesimulator/ReachabilitySwift\"\ \"/Users/nathannovak/Library/Developer/Xcode/DerivedData/StraboSpot2-gztieqkdzpsbarfnoxqpkwxgfcqj/Build/Products/Debug-iphonesimulator/Sentry\"\ \"/Users/nathannovak/Library/Developer/Xcode/DerivedData/StraboSpot2-gztieqkdzpsbarfnoxqpkwxgfcqj/Build/Products/Debug-iphonesimulator/lottie-ios\"\ \"/Users/nathannovak/Library/Developer/Xcode/DerivedData/StraboSpot2-gztieqkdzpsbarfnoxqpkwxgfcqj/Build/Products/Debug-iphonesimulator/lottie-react-native\"\ \"/Users/nathannovak/Library/Developer/Xcode/DerivedData/StraboSpot2-gztieqkdzpsbarfnoxqpkwxgfcqj/Build/Products/Debug-iphonesimulator/react-native-document-picker\"\ \"/Users/nathannovak/Library/Developer/Xcode/DerivedData/StraboSpot2-gztieqkdzpsbarfnoxqpkwxgfcqj/Build/Products/Debug-iphonesimulator/react-native-orientation-director\"\ \"/Users/nathannovak/Library/Developer/Xcode/DerivedData/StraboSpot2-gztieqkdzpsbarfnoxqpkwxgfcqj/Build/Products/Debug-iphonesimulator/rnmapbox-maps\"
    export SWIFT_OBJC_BRIDGING_HEADER\=StraboSpot2-Bridging-Header.h
    export SWIFT_OPTIMIZATION_LEVEL\=-Onone
    export SWIFT_PLATFORM_TARGET_PREFIX\=ios
    export SWIFT_RESPONSE_FILE_PATH_normal_x86_64\=/Users/nathannovak/Library/Developer/Xcode/DerivedData/StraboSpot2-gztieqkdzpsbarfnoxqpkwxgfcqj/Build/Intermediates.noindex/StraboSpot2.build/Debug-iphonesimulator/StraboSpot2.build/Objects-normal/x86_64/StraboSpot2.SwiftFileList
    export SWIFT_VERSION\=5.0
    export SYMROOT\=/Users/nathannovak/Library/Developer/Xcode/DerivedData/StraboSpot2-gztieqkdzpsbarfnoxqpkwxgfcqj/Build/Products
    export SYSTEM_ADMIN_APPS_DIR\=/Applications/Utilities
    export SYSTEM_APPS_DIR\=/Applications
    export SYSTEM_CORE_SERVICES_DIR\=/System/Library/CoreServices
    export SYSTEM_DEMOS_DIR\=/Applications/Extras
    export SYSTEM_DEVELOPER_APPS_DIR\=/Applications/Xcode.app/Contents/Developer/Applications
    export SYSTEM_DEVELOPER_BIN_DIR\=/Applications/Xcode.app/Contents/Developer/usr/bin
    export SYSTEM_DEVELOPER_DEMOS_DIR\=/Applications/Xcode.app/Contents/Developer/Applications/Utilities/Built\ Examples
    export SYSTEM_DEVELOPER_DIR\=/Applications/Xcode.app/Contents/Developer
    export SYSTEM_DEVELOPER_DOC_DIR\=/Applications/Xcode.app/Contents/Developer/ADC\ Reference\ Library
    export SYSTEM_DEVELOPER_GRAPHICS_TOOLS_DIR\=/Applications/Xcode.app/Contents/Developer/Applications/Graphics\ Tools
    export SYSTEM_DEVELOPER_JAVA_TOOLS_DIR\=/Applications/Xcode.app/Contents/Developer/Applications/Java\ Tools
    export SYSTEM_DEVELOPER_PERFORMANCE_TOOLS_DIR\=/Applications/Xcode.app/Contents/Developer/Applications/Performance\ Tools
    export SYSTEM_DEVELOPER_RELEASENOTES_DIR\=/Applications/Xcode.app/Contents/Developer/ADC\ Reference\ Library/releasenotes
    export SYSTEM_DEVELOPER_TOOLS\=/Applications/Xcode.app/Contents/Developer/Tools
    export SYSTEM_DEVELOPER_TOOLS_DOC_DIR\=/Applications/Xcode.app/Contents/Developer/ADC\ Reference\ Library/documentation/DeveloperTools
    export SYSTEM_DEVELOPER_TOOLS_RELEASENOTES_DIR\=/Applications/Xcode.app/Contents/Developer/ADC\ Reference\ Library/releasenotes/DeveloperTools
    export SYSTEM_DEVELOPER_USR_DIR\=/Applications/Xcode.app/Contents/Developer/usr
    export SYSTEM_DEVELOPER_UTILITIES_DIR\=/Applications/Xcode.app/Contents/Developer/Applications/Utilities
    export SYSTEM_DEXT_INSTALL_PATH\=/System/Library/DriverExtensions
    export SYSTEM_DOCUMENTATION_DIR\=/Library/Documentation
    export SYSTEM_EXTENSIONS_FOLDER_PATH\=StraboSpot2.app/SystemExtensions
    export SYSTEM_EXTENSIONS_FOLDER_PATH_SHALLOW_BUNDLE_NO\=StraboSpot2.app/Library/SystemExtensions
    export SYSTEM_EXTENSIONS_FOLDER_PATH_SHALLOW_BUNDLE_YES\=StraboSpot2.app/SystemExtensions
    export SYSTEM_KEXT_INSTALL_PATH\=/System/Library/Extensions
    export SYSTEM_LIBRARY_DIR\=/System/Library
    export TAPI_DEMANGLE\=YES
    export TAPI_ENABLE_PROJECT_HEADERS\=NO
    export TAPI_LANGUAGE\=objective-c
    export TAPI_LANGUAGE_STANDARD\=compiler-default
    export TAPI_USE_SRCROOT\=YES
    export TAPI_VERIFY_MODE\=Pedantic
    export TARGETED_DEVICE_FAMILY\=1,2
    export TARGETNAME\=StraboSpot2
    export TARGET_BUILD_DIR\=/Users/nathannovak/Library/Developer/Xcode/DerivedData/StraboSpot2-gztieqkdzpsbarfnoxqpkwxgfcqj/Build/Products/Debug-iphonesimulator
    export TARGET_DEVICE_IDENTIFIER\=74C76BE2-3534-4702-95EC-116B7842C0E9
    export TARGET_DEVICE_MODEL\=iPad14,3
    export TARGET_DEVICE_OS_VERSION\=18.0
    export TARGET_DEVICE_PLATFORM_NAME\=iphonesimulator
    export TARGET_NAME\=StraboSpot2
    export TARGET_TEMP_DIR\=/Users/nathannovak/Library/Developer/Xcode/DerivedData/StraboSpot2-gztieqkdzpsbarfnoxqpkwxgfcqj/Build/Intermediates.noindex/StraboSpot2.build/Debug-iphonesimulator/StraboSpot2.build
    export TEMP_DIR\=/Users/nathannovak/Library/Developer/Xcode/DerivedData/StraboSpot2-gztieqkdzpsbarfnoxqpkwxgfcqj/Build/Intermediates.noindex/StraboSpot2.build/Debug-iphonesimulator/StraboSpot2.build
    export TEMP_FILES_DIR\=/Users/nathannovak/Library/Developer/Xcode/DerivedData/StraboSpot2-gztieqkdzpsbarfnoxqpkwxgfcqj/Build/Intermediates.noindex/StraboSpot2.build/Debug-iphonesimulator/StraboSpot2.build
    export TEMP_FILE_DIR\=/Users/nathannovak/Library/Developer/Xcode/DerivedData/StraboSpot2-gztieqkdzpsbarfnoxqpkwxgfcqj/Build/Intermediates.noindex/StraboSpot2.build/Debug-iphonesimulator/StraboSpot2.build
    export TEMP_ROOT\=/Users/nathannovak/Library/Developer/Xcode/DerivedData/StraboSpot2-gztieqkdzpsbarfnoxqpkwxgfcqj/Build/Intermediates.noindex
    export TEMP_SANDBOX_DIR\=/Users/nathannovak/Library/Developer/Xcode/DerivedData/StraboSpot2-gztieqkdzpsbarfnoxqpkwxgfcqj/Build/Intermediates.noindex/TemporaryTaskSandboxes
    export TEST_FRAMEWORK_SEARCH_PATHS\=\ /Applications/Xcode.app/Contents/Developer/Platforms/iPhoneSimulator.platform/Developer/Library/Frameworks\ /Applications/Xcode.app/Contents/Developer/Platforms/iPhoneSimulator.platform/Developer/SDKs/iPhoneSimulator26.0.sdk/Developer/Library/Frameworks
    export TEST_LIBRARY_SEARCH_PATHS\=\ /Applications/Xcode.app/Contents/Developer/Platforms/iPhoneSimulator.platform/Developer/usr/lib
    export TOOLCHAINS\=com.apple.dt.toolchain.XcodeDefault
    export TOOLCHAIN_DIR\=/Applications/Xcode.app/Contents/Developer/Toolchains/XcodeDefault.xctoolchain
    export TREAT_MISSING_BASELINES_AS_TEST_FAILURES\=NO
    export TREAT_MISSING_SCRIPT_PHASE_OUTPUTS_AS_ERRORS\=NO
    export TeamIdentifierPrefix\=5CQY5S92XA.
    export UID\=501
    export UNINSTALLED_PRODUCTS_DIR\=/Users/nathannovak/Library/Developer/Xcode/DerivedData/StraboSpot2-gztieqkdzpsbarfnoxqpkwxgfcqj/Build/Intermediates.noindex/UninstalledProducts
    export UNLOCALIZED_RESOURCES_FOLDER_PATH\=StraboSpot2.app
    export UNLOCALIZED_RESOURCES_FOLDER_PATH_SHALLOW_BUNDLE_NO\=StraboSpot2.app/Resources
    export UNLOCALIZED_RESOURCES_FOLDER_PATH_SHALLOW_BUNDLE_YES\=StraboSpot2.app
    export UNSTRIPPED_PRODUCT\=NO
    export USER\=nathannovak
    export USER_APPS_DIR\=/Users/nathannovak/Applications
    export USER_LIBRARY_DIR\=/Users/nathannovak/Library
    export USE_DYNAMIC_NO_PIC\=YES
    export USE_HEADERMAP\=YES
    export USE_HEADER_SYMLINKS\=NO
    export USE_HERMES\=true
    export USE_RECURSIVE_SCRIPT_INPUTS_IN_SCRIPT_PHASES\=YES
    export VALIDATE_DEVELOPMENT_ASSET_PATHS\=YES_ERROR
    export VALIDATE_PRODUCT\=NO
    export VALID_ARCHS\=arm64\ x86_64
    export VERBOSE_PBXCP\=NO
    export VERSIONING_SYSTEM\=apple-generic
    export VERSIONPLIST_PATH\=StraboSpot2.app/version.plist
    export VERSION_INFO_BUILDER\=nathannovak
    export VERSION_INFO_FILE\=StraboSpot2_vers.c
    export VERSION_INFO_STRING\=\"@\(\#\)PROGRAM:StraboSpot2\ \ PROJECT:StraboSpot2-150\"
    export WORKSPACE_DIR\=/Users/nathannovak/Development/Apps/StraboSpot2/ios
    export WRAPPER_EXTENSION\=app
    export WRAPPER_NAME\=StraboSpot2.app
    export WRAPPER_SUFFIX\=.app
    export WRAP_ASSET_PACKS_IN_SEPARATE_DIRECTORIES\=NO
    export XCODE_APP_SUPPORT_DIR\=/Applications/Xcode.app/Contents/Developer/Library/Xcode
    export XCODE_PRODUCT_BUILD_VERSION\=17A400
    export XCODE_VERSION_ACTUAL\=2601
    export XCODE_VERSION_MAJOR\=2600
    export XCODE_VERSION_MINOR\=2600
    export XPCSERVICES_FOLDER_PATH\=StraboSpot2.app/XPCServices
    export YACC\=yacc
    export _DISCOVER_COMMAND_LINE_LINKER_INPUTS\=YES
    export _DISCOVER_COMMAND_LINE_LINKER_INPUTS_INCLUDE_WL\=YES
    export _LD_MULTIARCH\=YES
    export _WRAPPER_CONTENTS_DIR_SHALLOW_BUNDLE_NO\=/Contents
    export _WRAPPER_PARENT_PATH_SHALLOW_BUNDLE_NO\=/..
    export _WRAPPER_RESOURCES_DIR_SHALLOW_BUNDLE_NO\=/Resources
    export __DIAGNOSE_DEPRECATED_ARCHS\=YES
    export __IS_NOT_MACOS\=YES
    export __IS_NOT_MACOS_macosx\=NO
    export __IS_NOT_SIMULATOR\=NO
    export __IS_NOT_SIMULATOR_simulator\=NO
    export arch\=undefined_arch
    export variant\=normal
    /bin/sh -c /Users/nathannovak/Library/Developer/Xcode/DerivedData/StraboSpot2-gztieqkdzpsbarfnoxqpkwxgfcqj/Build/Intermediates.noindex/StraboSpot2.build/Debug-iphonesimulator/StraboSpot2.build/Script-55A7106DA904A97F142B068A.sh
Node found at: /usr/local/bin/node

SwiftDriver StraboSpot2 normal x86_64 com.apple.xcode.tools.swift.compiler (in target 'StraboSpot2' from project 'StraboSpot2')
    cd /Users/nathannovak/Development/Apps/StraboSpot2/ios
    builtin-SwiftDriver -- /Applications/Xcode.app/Contents/Developer/Toolchains/XcodeDefault.xctoolchain/usr/bin/swiftc -module-name StraboSpot2 -Onone -enforce-exclusivity\=checked @/Users/nathannovak/Library/Developer/Xcode/DerivedData/StraboSpot2-gztieqkdzpsbarfnoxqpkwxgfcqj/Build/Intermediates.noindex/StraboSpot2.build/Debug-iphonesimulator/StraboSpot2.build/Objects-normal/x86_64/StraboSpot2.SwiftFileList -DDEBUG -D COCOAPODS -Xcc -fmodule-map-file\=/Users/nathannovak/Library/Developer/Xcode/DerivedData/StraboSpot2-gztieqkdzpsbarfnoxqpkwxgfcqj/Build/Products/Debug-iphonesimulator/EASClient/EASClient.modulemap -Xcc -fmodule-map-file\=/Users/nathannovak/Library/Developer/Xcode/DerivedData/StraboSpot2-gztieqkdzpsbarfnoxqpkwxgfcqj/Build/Products/Debug-iphonesimulator/EXConstants/EXConstants.modulemap -Xcc -fmodule-map-file\=/Users/nathannovak/Library/Developer/Xcode/DerivedData/StraboSpot2-gztieqkdzpsbarfnoxqpkwxgfcqj/Build/Products/Debug-iphonesimulator/EXManifests/EXManifests.modulemap -Xcc -fmodule-map-file\=/Users/nathannovak/Library/Developer/Xcode/DerivedData/StraboSpot2-gztieqkdzpsbarfnoxqpkwxgfcqj/Build/Products/Debug-iphonesimulator/EXUpdates/EXUpdates.modulemap -Xcc -fmodule-map-file\=/Users/nathannovak/Library/Developer/Xcode/DerivedData/StraboSpot2-gztieqkdzpsbarfnoxqpkwxgfcqj/Build/Products/Debug-iphonesimulator/EXUpdatesInterface/EXUpdatesInterface.modulemap -Xcc -fmodule-map-file\=/Users/nathannovak/Library/Developer/Xcode/DerivedData/StraboSpot2-gztieqkdzpsbarfnoxqpkwxgfcqj/Build/Products/Debug-iphonesimulator/Expo/Expo.modulemap -Xcc -fmodule-map-file\=/Users/nathannovak/Library/Developer/Xcode/DerivedData/StraboSpot2-gztieqkdzpsbarfnoxqpkwxgfcqj/Build/Products/Debug-iphonesimulator/ExpoAsset/ExpoAsset.modulemap -Xcc -fmodule-map-file\=/Users/nathannovak/Library/Developer/Xcode/DerivedData/StraboSpot2-gztieqkdzpsbarfnoxqpkwxgfcqj/Build/Products/Debug-iphonesimulator/ExpoFileSystem/ExpoFileSystem.modulemap -Xcc -fmodule-map-file\=/Users/nathannovak/Library/Developer/Xcode/DerivedData/StraboSpot2-gztieqkdzpsbarfnoxqpkwxgfcqj/Build/Products/Debug-iphonesimulator/ExpoFont/ExpoFont.modulemap -Xcc -fmodule-map-file\=/Users/nathannovak/Library/Developer/Xcode/DerivedData/StraboSpot2-gztieqkdzpsbarfnoxqpkwxgfcqj/Build/Products/Debug-iphonesimulator/ExpoKeepAwake/ExpoKeepAwake.modulemap -Xcc -fmodule-map-file\=/Users/nathannovak/Library/Developer/Xcode/DerivedData/StraboSpot2-gztieqkdzpsbarfnoxqpkwxgfcqj/Build/Products/Debug-iphonesimulator/ExpoModulesCore/ExpoModulesCore.modulemap -Xcc -fmodule-map-file\=/Users/nathannovak/Library/Developer/Xcode/DerivedData/StraboSpot2-gztieqkdzpsbarfnoxqpkwxgfcqj/Build/Products/Debug-iphonesimulator/IQKeyboardManagerSwift/IQKeyboardManagerSwift.modulemap -Xcc -fmodule-map-file\=/Users/nathannovak/Library/Developer/Xcode/DerivedData/StraboSpot2-gztieqkdzpsbarfnoxqpkwxgfcqj/Build/Products/Debug-iphonesimulator/ReachabilitySwift/Reachability.modulemap -Xcc -fmodule-map-file\=/Users/nathannovak/Library/Developer/Xcode/DerivedData/StraboSpot2-gztieqkdzpsbarfnoxqpkwxgfcqj/Build/Products/Debug-iphonesimulator/Sentry/Sentry.modulemap -Xcc -fmodule-map-file\=/Users/nathannovak/Library/Developer/Xcode/DerivedData/StraboSpot2-gztieqkdzpsbarfnoxqpkwxgfcqj/Build/Products/Debug-iphonesimulator/lottie-ios/Lottie.modulemap -Xcc -fmodule-map-file\=/Users/nathannovak/Library/Developer/Xcode/DerivedData/StraboSpot2-gztieqkdzpsbarfnoxqpkwxgfcqj/Build/Products/Debug-iphonesimulator/lottie-react-native/lottie_react_native.modulemap -Xcc -fmodule-map-file\=/Users/nathannovak/Library/Developer/Xcode/DerivedData/StraboSpot2-gztieqkdzpsbarfnoxqpkwxgfcqj/Build/Products/Debug-iphonesimulator/react-native-document-picker/react_native_document_picker.modulemap -Xcc -fmodule-map-file\=/Users/nathannovak/Library/Developer/Xcode/DerivedData/StraboSpot2-gztieqkdzpsbarfnoxqpkwxgfcqj/Build/Products/Debug-iphonesimulator/react-native-orientation-director/react_native_orientation_director.modulemap -Xcc -fmodule-map-file\=/Users/nathannovak/Library/Developer/Xcode/DerivedData/StraboSpot2-gztieqkdzpsbarfnoxqpkwxgfcqj/Build/Products/Debug-iphonesimulator/rnmapbox-maps/rnmapbox_maps.modulemap -Xcc -fmodule-map-file\=/Users/nathannovak/Development/Apps/StraboSpot2/ios/Pods/Headers/Public/DoubleConversion/DoubleConversion.modulemap -Xcc -fmodule-map-file\=/Users/nathannovak/Development/Apps/StraboSpot2/ios/Pods/Headers/Public/EXJSONUtils/EXJSONUtils.modulemap -Xcc -fmodule-map-file\=/Users/nathannovak/Development/Apps/StraboSpot2/ios/Pods/Headers/Public/EXStructuredHeaders/EXStructuredHeaders.modulemap -Xcc -fmodule-map-file\=/Users/nathannovak/Development/Apps/StraboSpot2/ios/Pods/Headers/Public/RCTDeprecation/RCTDeprecation.modulemap -Xcc -fmodule-map-file\=/Users/nathannovak/Development/Apps/StraboSpot2/ios/Pods/Headers/Public/RCTFabric/React-RCTFabric.modulemap -Xcc -fmodule-map-file\=/Users/nathannovak/Development/Apps/StraboSpot2/ios/Pods/Headers/Public/RCTRuntime/React-RCTRuntime.modulemap -Xcc -fmodule-map-file\=/Users/nathannovak/Development/Apps/StraboSpot2/ios/Pods/Headers/Public/RCTTypeSafety/RCTTypeSafety.modulemap -Xcc -fmodule-map-file\=/Users/nathannovak/Development/Apps/StraboSpot2/ios/Pods/Headers/Public/RNReanimated/RNReanimated.modulemap -Xcc -fmodule-map-file\=/Users/nathannovak/Development/Apps/StraboSpot2/ios/Pods/Headers/Public/React/React-Core.modulemap -Xcc -fmodule-map-file\=/Users/nathannovak/Development/Apps/StraboSpot2/ios/Pods/Headers/Public/ReactAppDependencyProvider/ReactAppDependencyProvider.modulemap -Xcc -fmodule-map-file\=/Users/nathannovak/Development/Apps/StraboSpot2/ios/Pods/Headers/Public/ReactCodegen/ReactCodegen.modulemap -Xcc -fmodule-map-file\=/Users/nathannovak/Development/Apps/StraboSpot2/ios/Pods/Headers/Public/ReactCommon/ReactCommon.modulemap -Xcc -fmodule-map-file\=/Users/nathannovak/Development/Apps/StraboSpot2/ios/Pods/Headers/Public/React_Fabric/React-Fabric.modulemap -Xcc -fmodule-map-file\=/Users/nathannovak/Development/Apps/StraboSpot2/ios/Pods/Headers/Public/React_FabricComponents/React-FabricComponents.modulemap -Xcc -fmodule-map-file\=/Users/nathannovak/Development/Apps/StraboSpot2/ios/Pods/Headers/Public/React_NativeModulesApple/React-NativeModulesApple.modulemap -Xcc -fmodule-map-file\=/Users/nathannovak/Development/Apps/StraboSpot2/ios/Pods/Headers/Public/React_RCTAppDelegate/React-RCTAppDelegate.modulemap -Xcc -fmodule-map-file\=/Users/nathannovak/Development/Apps/StraboSpot2/ios/Pods/Headers/Public/SSZipArchive/SSZipArchive.modulemap -Xcc -fmodule-map-file\=/Users/nathannovak/Development/Apps/StraboSpot2/ios/Pods/Headers/Public/folly/RCT-Folly.modulemap -Xcc -fmodule-map-file\=/Users/nathannovak/Development/Apps/StraboSpot2/ios/Pods/Headers/Public/glog/glog.modulemap -Xcc -fmodule-map-file\=/Users/nathannovak/Development/Apps/StraboSpot2/ios/Pods/Headers/Public/jsi/React-jsi.modulemap -Xcc -fmodule-map-file\=/Users/nathannovak/Development/Apps/StraboSpot2/ios/Pods/Headers/Public/jsinspector_modern/React-jsinspector.modulemap -Xcc -fmodule-map-file\=/Users/nathannovak/Development/Apps/StraboSpot2/ios/Pods/Headers/Public/jsinspector_modern_tracing/React-jsinspectortracing.modulemap -Xcc -fmodule-map-file\=/Users/nathannovak/Development/Apps/StraboSpot2/ios/Pods/Headers/Public/react_debug/React-debug.modulemap -Xcc -fmodule-map-file\=/Users/nathannovak/Development/Apps/StraboSpot2/ios/Pods/Headers/Public/react_featureflags/React-featureflags.modulemap -Xcc -fmodule-map-file\=/Users/nathannovak/Development/Apps/StraboSpot2/ios/Pods/Headers/Public/react_nativemodule_defaults/React-defaultsnativemodule.modulemap -Xcc -fmodule-map-file\=/Users/nathannovak/Development/Apps/StraboSpot2/ios/Pods/Headers/Public/react_nativemodule_dom/React-domnativemodule.modulemap -Xcc -fmodule-map-file\=/Users/nathannovak/Development/Apps/StraboSpot2/ios/Pods/Headers/Public/react_nativemodule_featureflags/React-featureflagsnativemodule.modulemap -Xcc -fmodule-map-file\=/Users/nathannovak/Development/Apps/StraboSpot2/ios/Pods/Headers/Public/react_nativemodule_idlecallbacks/React-idlecallbacksnativemodule.modulemap -Xcc -fmodule-map-file\=/Users/nathannovak/Development/Apps/StraboSpot2/ios/Pods/Headers/Public/react_nativemodule_microtasks/React-microtasksnativemodule.modulemap -Xcc -fmodule-map-file\=/Users/nathannovak/Development/Apps/StraboSpot2/ios/Pods/Headers/Public/react_renderer_css/React-renderercss.modulemap -Xcc -fmodule-map-file\=/Users/nathannovak/Development/Apps/StraboSpot2/ios/Pods/Headers/Public/react_renderer_debug/React-rendererdebug.modulemap -Xcc -fmodule-map-file\=/Users/nathannovak/Development/Apps/StraboSpot2/ios/Pods/Headers/Public/react_renderer_graphics/React-graphics.modulemap -Xcc -fmodule-map-file\=/Users/nathannovak/Development/Apps/StraboSpot2/ios/Pods/Headers/Public/react_renderer_imagemanager/React-ImageManager.modulemap -Xcc -fmodule-map-file\=/Users/nathannovak/Development/Apps/StraboSpot2/ios/Pods/Headers/Public/react_runtime/React-jsitooling.modulemap -Xcc -fmodule-map-file\=/Users/nathannovak/Development/Apps/StraboSpot2/ios/Pods/Headers/Public/react_utils/React-utils.modulemap -Xcc -fmodule-map-file\=/Users/nathannovak/Development/Apps/StraboSpot2/ios/Pods/Headers/Public/reacthermes/React-hermes.modulemap -Xcc -fmodule-map-file\=/Users/nathannovak/Development/Apps/StraboSpot2/ios/Pods/Headers/Public/yoga/Yoga.modulemap -D EXPO_CONFIGURATION_DEBUG -enable-bare-slash-regex -enable-experimental-feature DebugDescriptionMacro -sdk /Applications/Xcode.app/Contents/Developer/Platforms/iPhoneSimulator.platform/Developer/SDKs/iPhoneSimulator26.0.sdk -target x86_64-apple-ios15.6-simulator -g -module-cache-path /Users/nathannovak/Library/Developer/Xcode/DerivedData/ModuleCache.noindex -Xfrontend -serialize-debugging-options -enable-testing -index-store-path /Users/nathannovak/Library/Developer/Xcode/DerivedData/StraboSpot2-gztieqkdzpsbarfnoxqpkwxgfcqj/Index.noindex/DataStore -Xcc -D_LIBCPP_HARDENING_MODE\=_LIBCPP_HARDENING_MODE_DEBUG -swift-version 5 -I /Users/nathannovak/Library/Developer/Xcode/DerivedData/StraboSpot2-gztieqkdzpsbarfnoxqpkwxgfcqj/Build/Products/Debug-iphonesimulator -I /Users/nathannovak/Library/Developer/Xcode/DerivedData/StraboSpot2-gztieqkdzpsbarfnoxqpkwxgfcqj/Build/Products/Debug-iphonesimulator/EASClient -I /Users/nathannovak/Library/Developer/Xcode/DerivedData/StraboSpot2-gztieqkdzpsbarfnoxqpkwxgfcqj/Build/Products/Debug-iphonesimulator/EXConstants -I /Users/nathannovak/Library/Developer/Xcode/DerivedData/StraboSpot2-gztieqkdzpsbarfnoxqpkwxgfcqj/Build/Products/Debug-iphonesimulator/EXManifests -I /Users/nathannovak/Library/Developer/Xcode/DerivedData/StraboSpot2-gztieqkdzpsbarfnoxqpkwxgfcqj/Build/Products/Debug-iphonesimulator/EXUpdates -I /Users/nathannovak/Library/Developer/Xcode/DerivedData/StraboSpot2-gztieqkdzpsbarfnoxqpkwxgfcqj/Build/Products/Debug-iphonesimulator/EXUpdatesInterface -I /Users/nathannovak/Library/Developer/Xcode/DerivedData/StraboSpot2-gztieqkdzpsbarfnoxqpkwxgfcqj/Build/Products/Debug-iphonesimulator/Expo -I /Users/nathannovak/Library/Developer/Xcode/DerivedData/StraboSpot2-gztieqkdzpsbarfnoxqpkwxgfcqj/Build/Products/Debug-iphonesimulator/ExpoAsset -I /Users/nathannovak/Library/Developer/Xcode/DerivedData/StraboSpot2-gztieqkdzpsbarfnoxqpkwxgfcqj/Build/Products/Debug-iphonesimulator/ExpoFileSystem -I /Users/nathannovak/Library/Developer/Xcode/DerivedData/StraboSpot2-gztieqkdzpsbarfnoxqpkwxgfcqj/Build/Products/Debug-iphonesimulator/ExpoFont -I /Users/nathannovak/Library/Developer/Xcode/DerivedData/StraboSpot2-gztieqkdzpsbarfnoxqpkwxgfcqj/Build/Products/Debug-iphonesimulator/ExpoKeepAwake -I /Users/nathannovak/Library/Developer/Xcode/DerivedData/StraboSpot2-gztieqkdzpsbarfnoxqpkwxgfcqj/Build/Products/Debug-iphonesimulator/ExpoModulesCore -I /Users/nathannovak/Library/Developer/Xcode/DerivedData/StraboSpot2-gztieqkdzpsbarfnoxqpkwxgfcqj/Build/Products/Debug-iphonesimulator/IQKeyboardManagerSwift -I /Users/nathannovak/Library/Developer/Xcode/DerivedData/StraboSpot2-gztieqkdzpsbarfnoxqpkwxgfcqj/Build/Products/Debug-iphonesimulator/ReachabilitySwift -I /Users/nathannovak/Library/Developer/Xcode/DerivedData/StraboSpot2-gztieqkdzpsbarfnoxqpkwxgfcqj/Build/Products/Debug-iphonesimulator/Sentry -I /Users/nathannovak/Library/Developer/Xcode/DerivedData/StraboSpot2-gztieqkdzpsbarfnoxqpkwxgfcqj/Build/Products/Debug-iphonesimulator/lottie-ios -I /Users/nathannovak/Library/Developer/Xcode/DerivedData/StraboSpot2-gztieqkdzpsbarfnoxqpkwxgfcqj/Build/Products/Debug-iphonesimulator/lottie-react-native -I /Users/nathannovak/Library/Developer/Xcode/DerivedData/StraboSpot2-gztieqkdzpsbarfnoxqpkwxgfcqj/Build/Products/Debug-iphonesimulator/react-native-document-picker -I /Users/nathannovak/Library/Developer/Xcode/DerivedData/StraboSpot2-gztieqkdzpsbarfnoxqpkwxgfcqj/Build/Products/Debug-iphonesimulator/react-native-orientation-director -I /Users/nathannovak/Library/Developer/Xcode/DerivedData/StraboSpot2-gztieqkdzpsbarfnoxqpkwxgfcqj/Build/Products/Debug-iphonesimulator/rnmapbox-maps -F /Users/nathannovak/Library/Developer/Xcode/DerivedData/StraboSpot2-gztieqkdzpsbarfnoxqpkwxgfcqj/Build/Products/Debug-iphonesimulator -F /Users/nathannovak/Library/Developer/Xcode/DerivedData/StraboSpot2-gztieqkdzpsbarfnoxqpkwxgfcqj/Build/Products/Debug-iphonesimulator/MapboxMaps -F /Users/nathannovak/Library/Developer/Xcode/DerivedData/StraboSpot2-gztieqkdzpsbarfnoxqpkwxgfcqj/Build/Products/Debug-iphonesimulator/Turf -F /Users/nathannovak/Development/Apps/StraboSpot2/ios/Pods/MapboxCommon -F /Users/nathannovak/Development/Apps/StraboSpot2/ios/Pods/MapboxCoreMaps -F /Users/nathannovak/Development/Apps/StraboSpot2/ios/Pods/MapboxMobileEvents -F /Users/nathannovak/Development/Apps/StraboSpot2/ios/Pods/hermes-engine/destroot/Library/Frameworks/universal -F /Users/nathannovak/Library/Developer/Xcode/DerivedData/StraboSpot2-gztieqkdzpsbarfnoxqpkwxgfcqj/Build/Products/Debug-iphonesimulator/XCFrameworkIntermediates/MapboxCommon -F /Users/nathannovak/Library/Developer/Xcode/DerivedData/StraboSpot2-gztieqkdzpsbarfnoxqpkwxgfcqj/Build/Products/Debug-iphonesimulator/XCFrameworkIntermediates/MapboxCoreMaps -F /Users/nathannovak/Library/Developer/Xcode/DerivedData/StraboSpot2-gztieqkdzpsbarfnoxqpkwxgfcqj/Build/Products/Debug-iphonesimulator/XCFrameworkIntermediates/MapboxMobileEvents -F /Users/nathannovak/Library/Developer/Xcode/DerivedData/StraboSpot2-gztieqkdzpsbarfnoxqpkwxgfcqj/Build/Products/Debug-iphonesimulator/XCFrameworkIntermediates/hermes-engine/Pre-built -c -j16 -enable-batch-mode -incremental -Xcc -ivfsstatcache -Xcc /Users/nathannovak/Library/Developer/Xcode/DerivedData/SDKStatCaches.noindex/iphonesimulator26.0-23A339-26257891a6c027eb51374368541b8346.sdkstatcache -output-file-map /Users/nathannovak/Library/Developer/Xcode/DerivedData/StraboSpot2-gztieqkdzpsbarfnoxqpkwxgfcqj/Build/Intermediates.noindex/StraboSpot2.build/Debug-iphonesimulator/StraboSpot2.build/Objects-normal/x86_64/StraboSpot2-OutputFileMap.json -use-frontend-parseable-output -save-temps -no-color-diagnostics -explicit-module-build -module-cache-path /Users/nathannovak/Library/Developer/Xcode/DerivedData/StraboSpot2-gztieqkdzpsbarfnoxqpkwxgfcqj/Build/Intermediates.noindex/SwiftExplicitPrecompiledModules -clang-scanner-module-cache-path /Users/nathannovak/Library/Developer/Xcode/DerivedData/ModuleCache.noindex -sdk-module-cache-path /Users/nathannovak/Library/Developer/Xcode/DerivedData/ModuleCache.noindex -serialize-diagnostics -emit-dependencies -emit-module -emit-module-path /Users/nathannovak/Library/Developer/Xcode/DerivedData/StraboSpot2-gztieqkdzpsbarfnoxqpkwxgfcqj/Build/Intermediates.noindex/StraboSpot2.build/Debug-iphonesimulator/StraboSpot2.build/Objects-normal/x86_64/StraboSpot2.swiftmodule -validate-clang-modules-once -clang-build-session-file /Users/nathannovak/Library/Developer/Xcode/DerivedData/ModuleCache.noindex/Session.modulevalidation -Xcc -I/Users/nathannovak/Library/Developer/Xcode/DerivedData/StraboSpot2-gztieqkdzpsbarfnoxqpkwxgfcqj/Build/Intermediates.noindex/StraboSpot2.build/Debug-iphonesimulator/StraboSpot2.build/swift-overrides.hmap -emit-const-values -Xfrontend -const-gather-protocols-file -Xfrontend /Users/nathannovak/Library/Developer/Xcode/DerivedData/StraboSpot2-gztieqkdzpsbarfnoxqpkwxgfcqj/Build/Intermediates.noindex/StraboSpot2.build/Debug-iphonesimulator/StraboSpot2.build/Objects-normal/x86_64/StraboSpot2_const_extract_protocols.json -Xcc -iquote -Xcc /Users/nathannovak/Library/Developer/Xcode/DerivedData/StraboSpot2-gztieqkdzpsbarfnoxqpkwxgfcqj/Build/Intermediates.noindex/StraboSpot2.build/Debug-iphonesimulator/StraboSpot2.build/StraboSpot2-generated-files.hmap -Xcc -I/Users/nathannovak/Library/Developer/Xcode/DerivedData/StraboSpot2-gztieqkdzpsbarfnoxqpkwxgfcqj/Build/Intermediates.noindex/StraboSpot2.build/Debug-iphonesimulator/StraboSpot2.build/StraboSpot2-own-target-headers.hmap -Xcc -I/Users/nathannovak/Library/Developer/Xcode/DerivedData/StraboSpot2-gztieqkdzpsbarfnoxqpkwxgfcqj/Build/Intermediates.noindex/StraboSpot2.build/Debug-iphonesimulator/StraboSpot2.build/StraboSpot2-all-non-framework-target-headers.hmap -Xcc -ivfsoverlay -Xcc /Users/nathannovak/Library/Developer/Xcode/DerivedData/StraboSpot2-gztieqkdzpsbarfnoxqpkwxgfcqj/Build/Intermediates.noindex/StraboSpot2.build/Debug-iphonesimulator/StraboSpot2-5ae4280a4e419be4569b03d7a8f7e3cb-VFS-iphonesimulator/all-product-headers.yaml -Xcc -iquote -Xcc /Users/nathannovak/Library/Developer/Xcode/DerivedData/StraboSpot2-gztieqkdzpsbarfnoxqpkwxgfcqj/Build/Intermediates.noindex/StraboSpot2.build/Debug-iphonesimulator/StraboSpot2.build/StraboSpot2-project-headers.hmap -Xcc -I/Users/nathannovak/Library/Developer/Xcode/DerivedData/StraboSpot2-gztieqkdzpsbarfnoxqpkwxgfcqj/Build/Products/Debug-iphonesimulator/include -Xcc -I/Users/nathannovak/Library/Developer/Xcode/DerivedData/StraboSpot2-gztieqkdzpsbarfnoxqpkwxgfcqj/Build/Products/Debug-iphonesimulator/MapboxMaps/MapboxMaps.framework/Headers -Xcc -I/Users/nathannovak/Library/Developer/Xcode/DerivedData/StraboSpot2-gztieqkdzpsbarfnoxqpkwxgfcqj/Build/Products/Debug-iphonesimulator/Turf/Turf.framework/Headers -Xcc -I/Users/nathannovak/Development/Apps/StraboSpot2/ios/Pods/Headers/Public -Xcc -I/Users/nathannovak/Development/Apps/StraboSpot2/ios/Pods/Headers/Public/DoubleConversion -Xcc -I/Users/nathannovak/Development/Apps/StraboSpot2/ios/Pods/Headers/Public/EXConstants -Xcc -I/Users/nathannovak/Development/Apps/StraboSpot2/ios/Pods/Headers/Public/EXJSONUtils -Xcc -I/Users/nathannovak/Development/Apps/StraboSpot2/ios/Pods/Headers/Public/EXStructuredHeaders -Xcc -I/Users/nathannovak/Development/Apps/StraboSpot2/ios/Pods/Headers/Public/EXUpdates -Xcc -I/Users/nathannovak/Development/Apps/StraboSpot2/ios/Pods/Headers/Public/Expo -Xcc -I/Users/nathannovak/Development/Apps/StraboSpot2/ios/Pods/Headers/Public/ExpoFileSystem -Xcc -I/Users/nathannovak/Development/Apps/StraboSpot2/ios/Pods/Headers/Public/ExpoModulesCore -Xcc -I/Users/nathannovak/Development/Apps/StraboSpot2/ios/Pods/Headers/Public/FBLazyVector -Xcc -I/Users/nathannovak/Development/Apps/StraboSpot2/ios/Pods/Headers/Public/RCT-Folly -Xcc -I/Users/nathannovak/Development/Apps/StraboSpot2/ios/Pods/Headers/Public/RCTDeprecation -Xcc -I/Users/nathannovak/Development/Apps/StraboSpot2/ios/Pods/Headers/Public/RCTRequired -Xcc -I/Users/nathannovak/Development/Apps/StraboSpot2/ios/Pods/Headers/Public/RCTTypeSafety -Xcc -I/Users/nathannovak/Development/Apps/StraboSpot2/ios/Pods/Headers/Public/RNCAsyncStorage -Xcc -I/Users/nathannovak/Development/Apps/StraboSpot2/ios/Pods/Headers/Public/RNCClipboard -Xcc -I/Users/nathannovak/Development/Apps/StraboSpot2/ios/Pods/Headers/Public/RNCPicker -Xcc -I/Users/nathannovak/Development/Apps/StraboSpot2/ios/Pods/Headers/Public/RNDateTimePicker -Xcc -I/Users/nathannovak/Development/Apps/StraboSpot2/ios/Pods/Headers/Public/RNDeviceInfo -Xcc -I/Users/nathannovak/Development/Apps/StraboSpot2/ios/Pods/Headers/Public/RNFS -Xcc -I/Users/nathannovak/Development/Apps/StraboSpot2/ios/Pods/Headers/Public/RNGestureHandler -Xcc -I/Users/nathannovak/Development/Apps/StraboSpot2/ios/Pods/Headers/Public/RNReanimated -Xcc -I/Users/nathannovak/Development/Apps/StraboSpot2/ios/Pods/Headers/Public/RNScreens -Xcc -I/Users/nathannovak/Development/Apps/StraboSpot2/ios/Pods/Headers/Public/RNSensors -Xcc -I/Users/nathannovak/Development/Apps/StraboSpot2/ios/Pods/Headers/Public/RNSentry -Xcc -I/Users/nathannovak/Development/Apps/StraboSpot2/ios/Pods/Headers/Public/RNSketchCanvas -Xcc -I/Users/nathannovak/Development/Apps/StraboSpot2/ios/Pods/Headers/Public/RNSoundPlayer -Xcc -I/Users/nathannovak/Development/Apps/StraboSpot2/ios/Pods/Headers/Public/RNVectorIcons -Xcc -I/Users/nathannovak/Development/Apps/StraboSpot2/ios/Pods/Headers/Public/RNZipArchive -Xcc -I/Users/nathannovak/Development/Apps/StraboSpot2/ios/Pods/Headers/Public/React-Core -Xcc -I/Users/nathannovak/Development/Apps/StraboSpot2/ios/Pods/Headers/Public/React-Fabric -Xcc -I/Users/nathannovak/Development/Apps/StraboSpot2/ios/Pods/Headers/Public/React-FabricComponents -Xcc -I/Users/nathannovak/Development/Apps/StraboSpot2/ios/Pods/Headers/Public/React-FabricImage -Xcc -I/Users/nathannovak/Development/Apps/StraboSpot2/ios/Pods/Headers/Public/React-ImageManager -Xcc -I/Users/nathannovak/Development/Apps/StraboSpot2/ios/Pods/Headers/Public/React-Mapbuffer -Xcc -I/Users/nathannovak/Development/Apps/StraboSpot2/ios/Pods/Headers/Public/React-NativeModulesApple -Xcc -I/Users/nathannovak/Development/Apps/StraboSpot2/ios/Pods/Headers/Public/React-RCTAnimation -Xcc -I/Users/nathannovak/Development/Apps/StraboSpot2/ios/Pods/Headers/Public/React-RCTAppDelegate -Xcc -I/Users/nathannovak/Development/Apps/StraboSpot2/ios/Pods/Headers/Public/React-RCTBlob -Xcc -I/Users/nathannovak/Development/Apps/StraboSpot2/ios/Pods/Headers/Public/React-RCTFBReactNativeSpec -Xcc -I/Users/nathannovak/Development/Apps/StraboSpot2/ios/Pods/Headers/Public/React-RCTFabric -Xcc -I/Users/nathannovak/Development/Apps/StraboSpot2/ios/Pods/Headers/Public/React-RCTRuntime -Xcc -I/Users/nathannovak/Development/Apps/StraboSpot2/ios/Pods/Headers/Public/React-RCTText -Xcc -I/Users/nathannovak/Development/Apps/StraboSpot2/ios/Pods/Headers/Public/React-RuntimeApple -Xcc -I/Users/nathannovak/Development/Apps/StraboSpot2/ios/Pods/Headers/Public/React-RuntimeCore -Xcc -I/Users/nathannovak/Development/Apps/StraboSpot2/ios/Pods/Headers/Public/React-RuntimeHermes -Xcc -I/Users/nathannovak/Development/Apps/StraboSpot2/ios/Pods/Headers/Public/React-callinvoker -Xcc -I/Users/nathannovak/Development/Apps/StraboSpot2/ios/Pods/Headers/Public/React-cxxreact -Xcc -I/Users/nathannovak/Development/Apps/StraboSpot2/ios/Pods/Headers/Public/React-debug -Xcc -I/Users/nathannovak/Development/Apps/StraboSpot2/ios/Pods/Headers/Public/React-defaultsnativemodule -Xcc -I/Users/nathannovak/Development/Apps/StraboSpot2/ios/Pods/Headers/Public/React-domnativemodule -Xcc -I/Users/nathannovak/Development/Apps/StraboSpot2/ios/Pods/Headers/Public/React-featureflags -Xcc -I/Users/nathannovak/Development/Apps/StraboSpot2/ios/Pods/Headers/Public/React-featureflagsnativemodule -Xcc -I/Users/nathannovak/Development/Apps/StraboSpot2/ios/Pods/Headers/Public/React-graphics -Xcc -I/Users/nathannovak/Development/Apps/StraboSpot2/ios/Pods/Headers/Public/React-hermes -Xcc -I/Users/nathannovak/Development/Apps/StraboSpot2/ios/Pods/Headers/Public/React-idlecallbacksnativemodule -Xcc -I/Users/nathannovak/Development/Apps/StraboSpot2/ios/Pods/Headers/Public/React-jserrorhandler -Xcc -I/Users/nathannovak/Development/Apps/StraboSpot2/ios/Pods/Headers/Public/React-jsi -Xcc -I/Users/nathannovak/Development/Apps/StraboSpot2/ios/Pods/Headers/Public/React-jsiexecutor -Xcc -I/Users/nathannovak/Development/Apps/StraboSpot2/ios/Pods/Headers/Public/React-jsinspector -Xcc -I/Users/nathannovak/Development/Apps/StraboSpot2/ios/Pods/Headers/Public/React-jsinspectortracing -Xcc -I/Users/nathannovak/Development/Apps/StraboSpot2/ios/Pods/Headers/Public/React-jsitooling -Xcc -I/Users/nathannovak/Development/Apps/StraboSpot2/ios/Pods/Headers/Public/React-logger -Xcc -I/Users/nathannovak/Development/Apps/StraboSpot2/ios/Pods/Headers/Public/React-microtasksnativemodule -Xcc -I/Users/nathannovak/Development/Apps/StraboSpot2/ios/Pods/Headers/Public/React-oscompat -Xcc -I/Users/nathannovak/Development/Apps/StraboSpot2/ios/Pods/Headers/Public/React-perflogger -Xcc -I/Users/nathannovak/Development/Apps/StraboSpot2/ios/Pods/Headers/Public/React-performancetimeline -Xcc -I/Users/nathannovak/Development/Apps/StraboSpot2/ios/Pods/Headers/Public/React-rendererconsistency -Xcc -I/Users/nathannovak/Development/Apps/StraboSpot2/ios/Pods/Headers/Public/React-renderercss -Xcc -I/Users/nathannovak/Development/Apps/StraboSpot2/ios/Pods/Headers/Public/React-rendererdebug -Xcc -I/Users/nathannovak/Development/Apps/StraboSpot2/ios/Pods/Headers/Public/React-runtimeexecutor -Xcc -I/Users/nathannovak/Development/Apps/StraboSpot2/ios/Pods/Headers/Public/React-runtimescheduler -Xcc -I/Users/nathannovak/Development/Apps/StraboSpot2/ios/Pods/Headers/Public/React-timing -Xcc -I/Users/nathannovak/Development/Apps/StraboSpot2/ios/Pods/Headers/Public/React-utils -Xcc -I/Users/nathannovak/Development/Apps/StraboSpot2/ios/Pods/Headers/Public/ReactAppDependencyProvider -Xcc -I/Users/nathannovak/Development/Apps/StraboSpot2/ios/Pods/Headers/Public/ReactCodegen -Xcc -I/Users/nathannovak/Development/Apps/StraboSpot2/ios/Pods/Headers/Public/ReactCommon -Xcc -I/Users/nathannovak/Development/Apps/StraboSpot2/ios/Pods/Headers/Public/ReactNativeKeyboardManager -Xcc -I/Users/nathannovak/Development/Apps/StraboSpot2/ios/Pods/Headers/Public/SSZipArchive -Xcc -I/Users/nathannovak/Development/Apps/StraboSpot2/ios/Pods/Headers/Public/Sentry -Xcc -I/Users/nathannovak/Development/Apps/StraboSpot2/ios/Pods/Headers/Public/SocketRocket -Xcc -I/Users/nathannovak/Development/Apps/StraboSpot2/ios/Pods/Headers/Public/Yoga -Xcc -I/Users/nathannovak/Development/Apps/StraboSpot2/ios/Pods/Headers/Public/boost -Xcc -I/Users/nathannovak/Development/Apps/StraboSpot2/ios/Pods/Headers/Public/fast_float -Xcc -I/Users/nathannovak/Development/Apps/StraboSpot2/ios/Pods/Headers/Public/fmt -Xcc -I/Users/nathannovak/Development/Apps/StraboSpot2/ios/Pods/Headers/Public/glog -Xcc -I/Users/nathannovak/Development/Apps/StraboSpot2/ios/Pods/Headers/Public/hermes-engine -Xcc -I/Users/nathannovak/Development/Apps/StraboSpot2/ios/Pods/Headers/Public/lottie-react-native -Xcc -I/Users/nathannovak/Development/Apps/StraboSpot2/ios/Pods/Headers/Public/react-native-blob-util -Xcc -I/Users/nathannovak/Development/Apps/StraboSpot2/ios/Pods/Headers/Public/react-native-document-picker -Xcc -I/Users/nathannovak/Development/Apps/StraboSpot2/ios/Pods/Headers/Public/react-native-geolocation -Xcc -I/Users/nathannovak/Development/Apps/StraboSpot2/ios/Pods/Headers/Public/react-native-get-random-values -Xcc -I/Users/nathannovak/Development/Apps/StraboSpot2/ios/Pods/Headers/Public/react-native-image-picker -Xcc -I/Users/nathannovak/Development/Apps/StraboSpot2/ios/Pods/Headers/Public/react-native-image-resizer -Xcc -I/Users/nathannovak/Development/Apps/StraboSpot2/ios/Pods/Headers/Public/react-native-keep-awake -Xcc -I/Users/nathannovak/Development/Apps/StraboSpot2/ios/Pods/Headers/Public/react-native-netinfo -Xcc -I/Users/nathannovak/Development/Apps/StraboSpot2/ios/Pods/Headers/Public/react-native-orientation-director -Xcc -I/Users/nathannovak/Development/Apps/StraboSpot2/ios/Pods/Headers/Public/react-native-pager-view -Xcc -I/Users/nathannovak/Development/Apps/StraboSpot2/ios/Pods/Headers/Public/react-native-pdf -Xcc -I/Users/nathannovak/Development/Apps/StraboSpot2/ios/Pods/Headers/Public/react-native-safe-area-context -Xcc -I/Users/nathannovak/Development/Apps/StraboSpot2/ios/Pods/Headers/Public/react-native-slider -Xcc -I/Users/nathannovak/Development/Apps/StraboSpot2/ios/Pods/Headers/Public/rnmapbox-maps -Xcc -I/Users/nathannovak/Development/Apps/StraboSpot2/ios/Pods/DoubleConversion -Xcc -I/Users/nathannovak/Library/Developer/Xcode/DerivedData/StraboSpot2-gztieqkdzpsbarfnoxqpkwxgfcqj/Build/Products/Debug-iphonesimulator/EXManifests/Swift\ Compatibility\ Header -Xcc -I/Users/nathannovak/Library/Developer/Xcode/DerivedData/StraboSpot2-gztieqkdzpsbarfnoxqpkwxgfcqj/Build/Products/Debug-iphonesimulator/EXUpdates/Swift\ Compatibility\ Header -Xcc -I/Users/nathannovak/Library/Developer/Xcode/DerivedData/StraboSpot2-gztieqkdzpsbarfnoxqpkwxgfcqj/Build/Products/Debug-iphonesimulator/EXUpdatesInterface/Swift\ Compatibility\ Header -Xcc -I/Users/nathannovak/Library/Developer/Xcode/DerivedData/StraboSpot2-gztieqkdzpsbarfnoxqpkwxgfcqj/Build/Products/Debug-iphonesimulator/Expo/Swift\ Compatibility\ Header -Xcc -I/Users/nathannovak/Development/Apps/StraboSpot2/ios/Pods/Headers/Private/Yoga -Xcc -I/Users/nathannovak/Library/Developer/Xcode/DerivedData/StraboSpot2-gztieqkdzpsbarfnoxqpkwxgfcqj/Build/Products/Debug-iphonesimulator/ExpoModulesCore/Swift\ Compatibility\ Header -Xcc -I/Users/nathannovak/Development/Apps/StraboSpot2/ios/Pods/Headers/Private/Yoga -Xcc -I/Users/nathannovak/Development/Apps/StraboSpot2/ios/Pods/boost -Xcc -I/Users/nathannovak/Development/Apps/StraboSpot2/ios/Pods/boost -Xcc -I/Users/nathannovak/Development/Apps/StraboSpot2/ios/Pods/boost-for-react-native -Xcc -I/Users/nathannovak/Development/Apps/StraboSpot2/ios/Pods/glog -Xcc -I/Users/nathannovak/Development/Apps/StraboSpot2/ios/Pods/RCT-Folly -Xcc -I/Users/nathannovak/Development/Apps/StraboSpot2/ios/Pods/Headers/Public/React-hermes -Xcc -I/Users/nathannovak/Development/Apps/StraboSpot2/ios/Pods/Headers/Public/hermes-engine -Xcc -I/Users/nathannovak/Development/Apps/StraboSpot2/node_modules/react-native/ReactCommon -Xcc -I/Users/nathannovak/Development/Apps/StraboSpot2/node_modules/react-native-reanimated/apple -Xcc -I/Users/nathannovak/Development/Apps/StraboSpot2/node_modules/react-native-reanimated/Common/cpp -Xcc -I/Users/nathannovak/Development/Apps/StraboSpot2/ios/Pods/Headers/Private/React-Core -Xcc -I/Users/nathannovak/Development/Apps/StraboSpot2/ios/Pods/Headers/Private/React-Core -Xcc -I/Users/nathannovak/Development/Apps/StraboSpot2/ios/Pods/Headers/Private/Yoga -Xcc -I/Users/nathannovak/Library/Developer/Xcode/DerivedData/StraboSpot2-gztieqkdzpsbarfnoxqpkwxgfcqj/Build/Intermediates.noindex/StraboSpot2.build/Debug-iphonesimulator/StraboSpot2.build/DerivedSources-normal/x86_64 -Xcc -I/Users/nathannovak/Library/Developer/Xcode/DerivedData/StraboSpot2-gztieqkdzpsbarfnoxqpkwxgfcqj/Build/Intermediates.noindex/StraboSpot2.build/Debug-iphonesimulator/StraboSpot2.build/DerivedSources/x86_64 -Xcc -I/Users/nathannovak/Library/Developer/Xcode/DerivedData/StraboSpot2-gztieqkdzpsbarfnoxqpkwxgfcqj/Build/Intermediates.noindex/StraboSpot2.build/Debug-iphonesimulator/StraboSpot2.build/DerivedSources -Xcc -DDEBUG\=1 -Xcc -DCOCOAPODS\=1 -emit-objc-header -emit-objc-header-path /Users/nathannovak/Library/Developer/Xcode/DerivedData/StraboSpot2-gztieqkdzpsbarfnoxqpkwxgfcqj/Build/Intermediates.noindex/StraboSpot2.build/Debug-iphonesimulator/StraboSpot2.build/Objects-normal/x86_64/StraboSpot2-Swift.h -import-objc-header /Users/nathannovak/Development/Apps/StraboSpot2/ios/StraboSpot2-Bridging-Header.h -working-directory /Users/nathannovak/Development/Apps/StraboSpot2/ios -experimental-emit-module-separately -disable-cmo

SwiftGeneratePch normal x86_64 Compiling\ bridging\ header (in target 'StraboSpot2' from project 'StraboSpot2')

SwiftCompile normal x86_64 Compiling\ ExpoModulesProvider.swift /Users/nathannovak/Development/Apps/StraboSpot2/ios/Pods/Target\ Support\ Files/Pods-StraboSpot2/ExpoModulesProvider.swift (in target 'StraboSpot2' from project 'StraboSpot2')

SwiftCompile normal x86_64 /Users/nathannovak/Development/Apps/StraboSpot2/ios/Pods/Target\ Support\ Files/Pods-StraboSpot2/ExpoModulesProvider.swift (in target 'StraboSpot2' from project 'StraboSpot2')
    cd /Users/nathannovak/Development/Apps/StraboSpot2/ios
    

SwiftEmitModule normal x86_64 Emitting\ module\ for\ StraboSpot2 (in target 'StraboSpot2' from project 'StraboSpot2')
EmitSwiftModule normal x86_64 (in target 'StraboSpot2' from project 'StraboSpot2')
    cd /Users/nathannovak/Development/Apps/StraboSpot2/ios
    

SwiftDriverJobDiscovery normal x86_64 Compiling ExpoModulesProvider.swift (in target 'StraboSpot2' from project 'StraboSpot2')

SwiftDriver\ Compilation StraboSpot2 normal x86_64 com.apple.xcode.tools.swift.compiler (in target 'StraboSpot2' from project 'StraboSpot2')
    cd /Users/nathannovak/Development/Apps/StraboSpot2/ios
    builtin-Swift-Compilation -- /Applications/Xcode.app/Contents/Developer/Toolchains/XcodeDefault.xctoolchain/usr/bin/swiftc -module-name StraboSpot2 -Onone -enforce-exclusivity\=checked @/Users/nathannovak/Library/Developer/Xcode/DerivedData/StraboSpot2-gztieqkdzpsbarfnoxqpkwxgfcqj/Build/Intermediates.noindex/StraboSpot2.build/Debug-iphonesimulator/StraboSpot2.build/Objects-normal/x86_64/StraboSpot2.SwiftFileList -DDEBUG -D COCOAPODS -Xcc -fmodule-map-file\=/Users/nathannovak/Library/Developer/Xcode/DerivedData/StraboSpot2-gztieqkdzpsbarfnoxqpkwxgfcqj/Build/Products/Debug-iphonesimulator/EASClient/EASClient.modulemap -Xcc -fmodule-map-file\=/Users/nathannovak/Library/Developer/Xcode/DerivedData/StraboSpot2-gztieqkdzpsbarfnoxqpkwxgfcqj/Build/Products/Debug-iphonesimulator/EXConstants/EXConstants.modulemap -Xcc -fmodule-map-file\=/Users/nathannovak/Library/Developer/Xcode/DerivedData/StraboSpot2-gztieqkdzpsbarfnoxqpkwxgfcqj/Build/Products/Debug-iphonesimulator/EXManifests/EXManifests.modulemap -Xcc -fmodule-map-file\=/Users/nathannovak/Library/Developer/Xcode/DerivedData/StraboSpot2-gztieqkdzpsbarfnoxqpkwxgfcqj/Build/Products/Debug-iphonesimulator/EXUpdates/EXUpdates.modulemap -Xcc -fmodule-map-file\=/Users/nathannovak/Library/Developer/Xcode/DerivedData/StraboSpot2-gztieqkdzpsbarfnoxqpkwxgfcqj/Build/Products/Debug-iphonesimulator/EXUpdatesInterface/EXUpdatesInterface.modulemap -Xcc -fmodule-map-file\=/Users/nathannovak/Library/Developer/Xcode/DerivedData/StraboSpot2-gztieqkdzpsbarfnoxqpkwxgfcqj/Build/Products/Debug-iphonesimulator/Expo/Expo.modulemap -Xcc -fmodule-map-file\=/Users/nathannovak/Library/Developer/Xcode/DerivedData/StraboSpot2-gztieqkdzpsbarfnoxqpkwxgfcqj/Build/Products/Debug-iphonesimulator/ExpoAsset/ExpoAsset.modulemap -Xcc -fmodule-map-file\=/Users/nathannovak/Library/Developer/Xcode/DerivedData/StraboSpot2-gztieqkdzpsbarfnoxqpkwxgfcqj/Build/Products/Debug-iphonesimulator/ExpoFileSystem/ExpoFileSystem.modulemap -Xcc -fmodule-map-file\=/Users/nathannovak/Library/Developer/Xcode/DerivedData/StraboSpot2-gztieqkdzpsbarfnoxqpkwxgfcqj/Build/Products/Debug-iphonesimulator/ExpoFont/ExpoFont.modulemap -Xcc -fmodule-map-file\=/Users/nathannovak/Library/Developer/Xcode/DerivedData/StraboSpot2-gztieqkdzpsbarfnoxqpkwxgfcqj/Build/Products/Debug-iphonesimulator/ExpoKeepAwake/ExpoKeepAwake.modulemap -Xcc -fmodule-map-file\=/Users/nathannovak/Library/Developer/Xcode/DerivedData/StraboSpot2-gztieqkdzpsbarfnoxqpkwxgfcqj/Build/Products/Debug-iphonesimulator/ExpoModulesCore/ExpoModulesCore.modulemap -Xcc -fmodule-map-file\=/Users/nathannovak/Library/Developer/Xcode/DerivedData/StraboSpot2-gztieqkdzpsbarfnoxqpkwxgfcqj/Build/Products/Debug-iphonesimulator/IQKeyboardManagerSwift/IQKeyboardManagerSwift.modulemap -Xcc -fmodule-map-file\=/Users/nathannovak/Library/Developer/Xcode/DerivedData/StraboSpot2-gztieqkdzpsbarfnoxqpkwxgfcqj/Build/Products/Debug-iphonesimulator/ReachabilitySwift/Reachability.modulemap -Xcc -fmodule-map-file\=/Users/nathannovak/Library/Developer/Xcode/DerivedData/StraboSpot2-gztieqkdzpsbarfnoxqpkwxgfcqj/Build/Products/Debug-iphonesimulator/Sentry/Sentry.modulemap -Xcc -fmodule-map-file\=/Users/nathannovak/Library/Developer/Xcode/DerivedData/StraboSpot2-gztieqkdzpsbarfnoxqpkwxgfcqj/Build/Products/Debug-iphonesimulator/lottie-ios/Lottie.modulemap -Xcc -fmodule-map-file\=/Users/nathannovak/Library/Developer/Xcode/DerivedData/StraboSpot2-gztieqkdzpsbarfnoxqpkwxgfcqj/Build/Products/Debug-iphonesimulator/lottie-react-native/lottie_react_native.modulemap -Xcc -fmodule-map-file\=/Users/nathannovak/Library/Developer/Xcode/DerivedData/StraboSpot2-gztieqkdzpsbarfnoxqpkwxgfcqj/Build/Products/Debug-iphonesimulator/react-native-document-picker/react_native_document_picker.modulemap -Xcc -fmodule-map-file\=/Users/nathannovak/Library/Developer/Xcode/DerivedData/StraboSpot2-gztieqkdzpsbarfnoxqpkwxgfcqj/Build/Products/Debug-iphonesimulator/react-native-orientation-director/react_native_orientation_director.modulemap -Xcc -fmodule-map-file\=/Users/nathannovak/Library/Developer/Xcode/DerivedData/StraboSpot2-gztieqkdzpsbarfnoxqpkwxgfcqj/Build/Products/Debug-iphonesimulator/rnmapbox-maps/rnmapbox_maps.modulemap -Xcc -fmodule-map-file\=/Users/nathannovak/Development/Apps/StraboSpot2/ios/Pods/Headers/Public/DoubleConversion/DoubleConversion.modulemap -Xcc -fmodule-map-file\=/Users/nathannovak/Development/Apps/StraboSpot2/ios/Pods/Headers/Public/EXJSONUtils/EXJSONUtils.modulemap -Xcc -fmodule-map-file\=/Users/nathannovak/Development/Apps/StraboSpot2/ios/Pods/Headers/Public/EXStructuredHeaders/EXStructuredHeaders.modulemap -Xcc -fmodule-map-file\=/Users/nathannovak/Development/Apps/StraboSpot2/ios/Pods/Headers/Public/RCTDeprecation/RCTDeprecation.modulemap -Xcc -fmodule-map-file\=/Users/nathannovak/Development/Apps/StraboSpot2/ios/Pods/Headers/Public/RCTFabric/React-RCTFabric.modulemap -Xcc -fmodule-map-file\=/Users/nathannovak/Development/Apps/StraboSpot2/ios/Pods/Headers/Public/RCTRuntime/React-RCTRuntime.modulemap -Xcc -fmodule-map-file\=/Users/nathannovak/Development/Apps/StraboSpot2/ios/Pods/Headers/Public/RCTTypeSafety/RCTTypeSafety.modulemap -Xcc -fmodule-map-file\=/Users/nathannovak/Development/Apps/StraboSpot2/ios/Pods/Headers/Public/RNReanimated/RNReanimated.modulemap -Xcc -fmodule-map-file\=/Users/nathannovak/Development/Apps/StraboSpot2/ios/Pods/Headers/Public/React/React-Core.modulemap -Xcc -fmodule-map-file\=/Users/nathannovak/Development/Apps/StraboSpot2/ios/Pods/Headers/Public/ReactAppDependencyProvider/ReactAppDependencyProvider.modulemap -Xcc -fmodule-map-file\=/Users/nathannovak/Development/Apps/StraboSpot2/ios/Pods/Headers/Public/ReactCodegen/ReactCodegen.modulemap -Xcc -fmodule-map-file\=/Users/nathannovak/Development/Apps/StraboSpot2/ios/Pods/Headers/Public/ReactCommon/ReactCommon.modulemap -Xcc -fmodule-map-file\=/Users/nathannovak/Development/Apps/StraboSpot2/ios/Pods/Headers/Public/React_Fabric/React-Fabric.modulemap -Xcc -fmodule-map-file\=/Users/nathannovak/Development/Apps/StraboSpot2/ios/Pods/Headers/Public/React_FabricComponents/React-FabricComponents.modulemap -Xcc -fmodule-map-file\=/Users/nathannovak/Development/Apps/StraboSpot2/ios/Pods/Headers/Public/React_NativeModulesApple/React-NativeModulesApple.modulemap -Xcc -fmodule-map-file\=/Users/nathannovak/Development/Apps/StraboSpot2/ios/Pods/Headers/Public/React_RCTAppDelegate/React-RCTAppDelegate.modulemap -Xcc -fmodule-map-file\=/Users/nathannovak/Development/Apps/StraboSpot2/ios/Pods/Headers/Public/SSZipArchive/SSZipArchive.modulemap -Xcc -fmodule-map-file\=/Users/nathannovak/Development/Apps/StraboSpot2/ios/Pods/Headers/Public/folly/RCT-Folly.modulemap -Xcc -fmodule-map-file\=/Users/nathannovak/Development/Apps/StraboSpot2/ios/Pods/Headers/Public/glog/glog.modulemap -Xcc -fmodule-map-file\=/Users/nathannovak/Development/Apps/StraboSpot2/ios/Pods/Headers/Public/jsi/React-jsi.modulemap -Xcc -fmodule-map-file\=/Users/nathannovak/Development/Apps/StraboSpot2/ios/Pods/Headers/Public/jsinspector_modern/React-jsinspector.modulemap -Xcc -fmodule-map-file\=/Users/nathannovak/Development/Apps/StraboSpot2/ios/Pods/Headers/Public/jsinspector_modern_tracing/React-jsinspectortracing.modulemap -Xcc -fmodule-map-file\=/Users/nathannovak/Development/Apps/StraboSpot2/ios/Pods/Headers/Public/react_debug/React-debug.modulemap -Xcc -fmodule-map-file\=/Users/nathannovak/Development/Apps/StraboSpot2/ios/Pods/Headers/Public/react_featureflags/React-featureflags.modulemap -Xcc -fmodule-map-file\=/Users/nathannovak/Development/Apps/StraboSpot2/ios/Pods/Headers/Public/react_nativemodule_defaults/React-defaultsnativemodule.modulemap -Xcc -fmodule-map-file\=/Users/nathannovak/Development/Apps/StraboSpot2/ios/Pods/Headers/Public/react_nativemodule_dom/React-domnativemodule.modulemap -Xcc -fmodule-map-file\=/Users/nathannovak/Development/Apps/StraboSpot2/ios/Pods/Headers/Public/react_nativemodule_featureflags/React-featureflagsnativemodule.modulemap -Xcc -fmodule-map-file\=/Users/nathannovak/Development/Apps/StraboSpot2/ios/Pods/Headers/Public/react_nativemodule_idlecallbacks/React-idlecallbacksnativemodule.modulemap -Xcc -fmodule-map-file\=/Users/nathannovak/Development/Apps/StraboSpot2/ios/Pods/Headers/Public/react_nativemodule_microtasks/React-microtasksnativemodule.modulemap -Xcc -fmodule-map-file\=/Users/nathannovak/Development/Apps/StraboSpot2/ios/Pods/Headers/Public/react_renderer_css/React-renderercss.modulemap -Xcc -fmodule-map-file\=/Users/nathannovak/Development/Apps/StraboSpot2/ios/Pods/Headers/Public/react_renderer_debug/React-rendererdebug.modulemap -Xcc -fmodule-map-file\=/Users/nathannovak/Development/Apps/StraboSpot2/ios/Pods/Headers/Public/react_renderer_graphics/React-graphics.modulemap -Xcc -fmodule-map-file\=/Users/nathannovak/Development/Apps/StraboSpot2/ios/Pods/Headers/Public/react_renderer_imagemanager/React-ImageManager.modulemap -Xcc -fmodule-map-file\=/Users/nathannovak/Development/Apps/StraboSpot2/ios/Pods/Headers/Public/react_runtime/React-jsitooling.modulemap -Xcc -fmodule-map-file\=/Users/nathannovak/Development/Apps/StraboSpot2/ios/Pods/Headers/Public/react_utils/React-utils.modulemap -Xcc -fmodule-map-file\=/Users/nathannovak/Development/Apps/StraboSpot2/ios/Pods/Headers/Public/reacthermes/React-hermes.modulemap -Xcc -fmodule-map-file\=/Users/nathannovak/Development/Apps/StraboSpot2/ios/Pods/Headers/Public/yoga/Yoga.modulemap -D EXPO_CONFIGURATION_DEBUG -enable-bare-slash-regex -enable-experimental-feature DebugDescriptionMacro -sdk /Applications/Xcode.app/Contents/Developer/Platforms/iPhoneSimulator.platform/Developer/SDKs/iPhoneSimulator26.0.sdk -target x86_64-apple-ios15.6-simulator -g -module-cache-path /Users/nathannovak/Library/Developer/Xcode/DerivedData/ModuleCache.noindex -Xfrontend -serialize-debugging-options -enable-testing -index-store-path /Users/nathannovak/Library/Developer/Xcode/DerivedData/StraboSpot2-gztieqkdzpsbarfnoxqpkwxgfcqj/Index.noindex/DataStore -Xcc -D_LIBCPP_HARDENING_MODE\=_LIBCPP_HARDENING_MODE_DEBUG -swift-version 5 -I /Users/nathannovak/Library/Developer/Xcode/DerivedData/StraboSpot2-gztieqkdzpsbarfnoxqpkwxgfcqj/Build/Products/Debug-iphonesimulator -I /Users/nathannovak/Library/Developer/Xcode/DerivedData/StraboSpot2-gztieqkdzpsbarfnoxqpkwxgfcqj/Build/Products/Debug-iphonesimulator/EASClient -I /Users/nathannovak/Library/Developer/Xcode/DerivedData/StraboSpot2-gztieqkdzpsbarfnoxqpkwxgfcqj/Build/Products/Debug-iphonesimulator/EXConstants -I /Users/nathannovak/Library/Developer/Xcode/DerivedData/StraboSpot2-gztieqkdzpsbarfnoxqpkwxgfcqj/Build/Products/Debug-iphonesimulator/EXManifests -I /Users/nathannovak/Library/Developer/Xcode/DerivedData/StraboSpot2-gztieqkdzpsbarfnoxqpkwxgfcqj/Build/Products/Debug-iphonesimulator/EXUpdates -I /Users/nathannovak/Library/Developer/Xcode/DerivedData/StraboSpot2-gztieqkdzpsbarfnoxqpkwxgfcqj/Build/Products/Debug-iphonesimulator/EXUpdatesInterface -I /Users/nathannovak/Library/Developer/Xcode/DerivedData/StraboSpot2-gztieqkdzpsbarfnoxqpkwxgfcqj/Build/Products/Debug-iphonesimulator/Expo -I /Users/nathannovak/Library/Developer/Xcode/DerivedData/StraboSpot2-gztieqkdzpsbarfnoxqpkwxgfcqj/Build/Products/Debug-iphonesimulator/ExpoAsset -I /Users/nathannovak/Library/Developer/Xcode/DerivedData/StraboSpot2-gztieqkdzpsbarfnoxqpkwxgfcqj/Build/Products/Debug-iphonesimulator/ExpoFileSystem -I /Users/nathannovak/Library/Developer/Xcode/DerivedData/StraboSpot2-gztieqkdzpsbarfnoxqpkwxgfcqj/Build/Products/Debug-iphonesimulator/ExpoFont -I /Users/nathannovak/Library/Developer/Xcode/DerivedData/StraboSpot2-gztieqkdzpsbarfnoxqpkwxgfcqj/Build/Products/Debug-iphonesimulator/ExpoKeepAwake -I /Users/nathannovak/Library/Developer/Xcode/DerivedData/StraboSpot2-gztieqkdzpsbarfnoxqpkwxgfcqj/Build/Products/Debug-iphonesimulator/ExpoModulesCore -I /Users/nathannovak/Library/Developer/Xcode/DerivedData/StraboSpot2-gztieqkdzpsbarfnoxqpkwxgfcqj/Build/Products/Debug-iphonesimulator/IQKeyboardManagerSwift -I /Users/nathannovak/Library/Developer/Xcode/DerivedData/StraboSpot2-gztieqkdzpsbarfnoxqpkwxgfcqj/Build/Products/Debug-iphonesimulator/ReachabilitySwift -I /Users/nathannovak/Library/Developer/Xcode/DerivedData/StraboSpot2-gztieqkdzpsbarfnoxqpkwxgfcqj/Build/Products/Debug-iphonesimulator/Sentry -I /Users/nathannovak/Library/Developer/Xcode/DerivedData/StraboSpot2-gztieqkdzpsbarfnoxqpkwxgfcqj/Build/Products/Debug-iphonesimulator/lottie-ios -I /Users/nathannovak/Library/Developer/Xcode/DerivedData/StraboSpot2-gztieqkdzpsbarfnoxqpkwxgfcqj/Build/Products/Debug-iphonesimulator/lottie-react-native -I /Users/nathannovak/Library/Developer/Xcode/DerivedData/StraboSpot2-gztieqkdzpsbarfnoxqpkwxgfcqj/Build/Products/Debug-iphonesimulator/react-native-document-picker -I /Users/nathannovak/Library/Developer/Xcode/DerivedData/StraboSpot2-gztieqkdzpsbarfnoxqpkwxgfcqj/Build/Products/Debug-iphonesimulator/react-native-orientation-director -I /Users/nathannovak/Library/Developer/Xcode/DerivedData/StraboSpot2-gztieqkdzpsbarfnoxqpkwxgfcqj/Build/Products/Debug-iphonesimulator/rnmapbox-maps -F /Users/nathannovak/Library/Developer/Xcode/DerivedData/StraboSpot2-gztieqkdzpsbarfnoxqpkwxgfcqj/Build/Products/Debug-iphonesimulator -F /Users/nathannovak/Library/Developer/Xcode/DerivedData/StraboSpot2-gztieqkdzpsbarfnoxqpkwxgfcqj/Build/Products/Debug-iphonesimulator/MapboxMaps -F /Users/nathannovak/Library/Developer/Xcode/DerivedData/StraboSpot2-gztieqkdzpsbarfnoxqpkwxgfcqj/Build/Products/Debug-iphonesimulator/Turf -F /Users/nathannovak/Development/Apps/StraboSpot2/ios/Pods/MapboxCommon -F /Users/nathannovak/Development/Apps/StraboSpot2/ios/Pods/MapboxCoreMaps -F /Users/nathannovak/Development/Apps/StraboSpot2/ios/Pods/MapboxMobileEvents -F /Users/nathannovak/Development/Apps/StraboSpot2/ios/Pods/hermes-engine/destroot/Library/Frameworks/universal -F /Users/nathannovak/Library/Developer/Xcode/DerivedData/StraboSpot2-gztieqkdzpsbarfnoxqpkwxgfcqj/Build/Products/Debug-iphonesimulator/XCFrameworkIntermediates/MapboxCommon -F /Users/nathannovak/Library/Developer/Xcode/DerivedData/StraboSpot2-gztieqkdzpsbarfnoxqpkwxgfcqj/Build/Products/Debug-iphonesimulator/XCFrameworkIntermediates/MapboxCoreMaps -F /Users/nathannovak/Library/Developer/Xcode/DerivedData/StraboSpot2-gztieqkdzpsbarfnoxqpkwxgfcqj/Build/Products/Debug-iphonesimulator/XCFrameworkIntermediates/MapboxMobileEvents -F /Users/nathannovak/Library/Developer/Xcode/DerivedData/StraboSpot2-gztieqkdzpsbarfnoxqpkwxgfcqj/Build/Products/Debug-iphonesimulator/XCFrameworkIntermediates/hermes-engine/Pre-built -c -j16 -enable-batch-mode -incremental -Xcc -ivfsstatcache -Xcc /Users/nathannovak/Library/Developer/Xcode/DerivedData/SDKStatCaches.noindex/iphonesimulator26.0-23A339-26257891a6c027eb51374368541b8346.sdkstatcache -output-file-map /Users/nathannovak/Library/Developer/Xcode/DerivedData/StraboSpot2-gztieqkdzpsbarfnoxqpkwxgfcqj/Build/Intermediates.noindex/StraboSpot2.build/Debug-iphonesimulator/StraboSpot2.build/Objects-normal/x86_64/StraboSpot2-OutputFileMap.json -use-frontend-parseable-output -save-temps -no-color-diagnostics -explicit-module-build -module-cache-path /Users/nathannovak/Library/Developer/Xcode/DerivedData/StraboSpot2-gztieqkdzpsbarfnoxqpkwxgfcqj/Build/Intermediates.noindex/SwiftExplicitPrecompiledModules -clang-scanner-module-cache-path /Users/nathannovak/Library/Developer/Xcode/DerivedData/ModuleCache.noindex -sdk-module-cache-path /Users/nathannovak/Library/Developer/Xcode/DerivedData/ModuleCache.noindex -serialize-diagnostics -emit-dependencies -emit-module -emit-module-path /Users/nathannovak/Library/Developer/Xcode/DerivedData/StraboSpot2-gztieqkdzpsbarfnoxqpkwxgfcqj/Build/Intermediates.noindex/StraboSpot2.build/Debug-iphonesimulator/StraboSpot2.build/Objects-normal/x86_64/StraboSpot2.swiftmodule -validate-clang-modules-once -clang-build-session-file /Users/nathannovak/Library/Developer/Xcode/DerivedData/ModuleCache.noindex/Session.modulevalidation -Xcc -I/Users/nathannovak/Library/Developer/Xcode/DerivedData/StraboSpot2-gztieqkdzpsbarfnoxqpkwxgfcqj/Build/Intermediates.noindex/StraboSpot2.build/Debug-iphonesimulator/StraboSpot2.build/swift-overrides.hmap -emit-const-values -Xfrontend -const-gather-protocols-file -Xfrontend /Users/nathannovak/Library/Developer/Xcode/DerivedData/StraboSpot2-gztieqkdzpsbarfnoxqpkwxgfcqj/Build/Intermediates.noindex/StraboSpot2.build/Debug-iphonesimulator/StraboSpot2.build/Objects-normal/x86_64/StraboSpot2_const_extract_protocols.json -Xcc -iquote -Xcc /Users/nathannovak/Library/Developer/Xcode/DerivedData/StraboSpot2-gztieqkdzpsbarfnoxqpkwxgfcqj/Build/Intermediates.noindex/StraboSpot2.build/Debug-iphonesimulator/StraboSpot2.build/StraboSpot2-generated-files.hmap -Xcc -I/Users/nathannovak/Library/Developer/Xcode/DerivedData/StraboSpot2-gztieqkdzpsbarfnoxqpkwxgfcqj/Build/Intermediates.noindex/StraboSpot2.build/Debug-iphonesimulator/StraboSpot2.build/StraboSpot2-own-target-headers.hmap -Xcc -I/Users/nathannovak/Library/Developer/Xcode/DerivedData/StraboSpot2-gztieqkdzpsbarfnoxqpkwxgfcqj/Build/Intermediates.noindex/StraboSpot2.build/Debug-iphonesimulator/StraboSpot2.build/StraboSpot2-all-non-framework-target-headers.hmap -Xcc -ivfsoverlay -Xcc /Users/nathannovak/Library/Developer/Xcode/DerivedData/StraboSpot2-gztieqkdzpsbarfnoxqpkwxgfcqj/Build/Intermediates.noindex/StraboSpot2.build/Debug-iphonesimulator/StraboSpot2-5ae4280a4e419be4569b03d7a8f7e3cb-VFS-iphonesimulator/all-product-headers.yaml -Xcc -iquote -Xcc /Users/nathannovak/Library/Developer/Xcode/DerivedData/StraboSpot2-gztieqkdzpsbarfnoxqpkwxgfcqj/Build/Intermediates.noindex/StraboSpot2.build/Debug-iphonesimulator/StraboSpot2.build/StraboSpot2-project-headers.hmap -Xcc -I/Users/nathannovak/Library/Developer/Xcode/DerivedData/StraboSpot2-gztieqkdzpsbarfnoxqpkwxgfcqj/Build/Products/Debug-iphonesimulator/include -Xcc -I/Users/nathannovak/Library/Developer/Xcode/DerivedData/StraboSpot2-gztieqkdzpsbarfnoxqpkwxgfcqj/Build/Products/Debug-iphonesimulator/MapboxMaps/MapboxMaps.framework/Headers -Xcc -I/Users/nathannovak/Library/Developer/Xcode/DerivedData/StraboSpot2-gztieqkdzpsbarfnoxqpkwxgfcqj/Build/Products/Debug-iphonesimulator/Turf/Turf.framework/Headers -Xcc -I/Users/nathannovak/Development/Apps/StraboSpot2/ios/Pods/Headers/Public -Xcc -I/Users/nathannovak/Development/Apps/StraboSpot2/ios/Pods/Headers/Public/DoubleConversion -Xcc -I/Users/nathannovak/Development/Apps/StraboSpot2/ios/Pods/Headers/Public/EXConstants -Xcc -I/Users/nathannovak/Development/Apps/StraboSpot2/ios/Pods/Headers/Public/EXJSONUtils -Xcc -I/Users/nathannovak/Development/Apps/StraboSpot2/ios/Pods/Headers/Public/EXStructuredHeaders -Xcc -I/Users/nathannovak/Development/Apps/StraboSpot2/ios/Pods/Headers/Public/EXUpdates -Xcc -I/Users/nathannovak/Development/Apps/StraboSpot2/ios/Pods/Headers/Public/Expo -Xcc -I/Users/nathannovak/Development/Apps/StraboSpot2/ios/Pods/Headers/Public/ExpoFileSystem -Xcc -I/Users/nathannovak/Development/Apps/StraboSpot2/ios/Pods/Headers/Public/ExpoModulesCore -Xcc -I/Users/nathannovak/Development/Apps/StraboSpot2/ios/Pods/Headers/Public/FBLazyVector -Xcc -I/Users/nathannovak/Development/Apps/StraboSpot2/ios/Pods/Headers/Public/RCT-Folly -Xcc -I/Users/nathannovak/Development/Apps/StraboSpot2/ios/Pods/Headers/Public/RCTDeprecation -Xcc -I/Users/nathannovak/Development/Apps/StraboSpot2/ios/Pods/Headers/Public/RCTRequired -Xcc -I/Users/nathannovak/Development/Apps/StraboSpot2/ios/Pods/Headers/Public/RCTTypeSafety -Xcc -I/Users/nathannovak/Development/Apps/StraboSpot2/ios/Pods/Headers/Public/RNCAsyncStorage -Xcc -I/Users/nathannovak/Development/Apps/StraboSpot2/ios/Pods/Headers/Public/RNCClipboard -Xcc -I/Users/nathannovak/Development/Apps/StraboSpot2/ios/Pods/Headers/Public/RNCPicker -Xcc -I/Users/nathannovak/Development/Apps/StraboSpot2/ios/Pods/Headers/Public/RNDateTimePicker -Xcc -I/Users/nathannovak/Development/Apps/StraboSpot2/ios/Pods/Headers/Public/RNDeviceInfo -Xcc -I/Users/nathannovak/Development/Apps/StraboSpot2/ios/Pods/Headers/Public/RNFS -Xcc -I/Users/nathannovak/Development/Apps/StraboSpot2/ios/Pods/Headers/Public/RNGestureHandler -Xcc -I/Users/nathannovak/Development/Apps/StraboSpot2/ios/Pods/Headers/Public/RNReanimated -Xcc -I/Users/nathannovak/Development/Apps/StraboSpot2/ios/Pods/Headers/Public/RNScreens -Xcc -I/Users/nathannovak/Development/Apps/StraboSpot2/ios/Pods/Headers/Public/RNSensors -Xcc -I/Users/nathannovak/Development/Apps/StraboSpot2/ios/Pods/Headers/Public/RNSentry -Xcc -I/Users/nathannovak/Development/Apps/StraboSpot2/ios/Pods/Headers/Public/RNSketchCanvas -Xcc -I/Users/nathannovak/Development/Apps/StraboSpot2/ios/Pods/Headers/Public/RNSoundPlayer -Xcc -I/Users/nathannovak/Development/Apps/StraboSpot2/ios/Pods/Headers/Public/RNVectorIcons -Xcc -I/Users/nathannovak/Development/Apps/StraboSpot2/ios/Pods/Headers/Public/RNZipArchive -Xcc -I/Users/nathannovak/Development/Apps/StraboSpot2/ios/Pods/Headers/Public/React-Core -Xcc -I/Users/nathannovak/Development/Apps/StraboSpot2/ios/Pods/Headers/Public/React-Fabric -Xcc -I/Users/nathannovak/Development/Apps/StraboSpot2/ios/Pods/Headers/Public/React-FabricComponents -Xcc -I/Users/nathannovak/Development/Apps/StraboSpot2/ios/Pods/Headers/Public/React-FabricImage -Xcc -I/Users/nathannovak/Development/Apps/StraboSpot2/ios/Pods/Headers/Public/React-ImageManager -Xcc -I/Users/nathannovak/Development/Apps/StraboSpot2/ios/Pods/Headers/Public/React-Mapbuffer -Xcc -I/Users/nathannovak/Development/Apps/StraboSpot2/ios/Pods/Headers/Public/React-NativeModulesApple -Xcc -I/Users/nathannovak/Development/Apps/StraboSpot2/ios/Pods/Headers/Public/React-RCTAnimation -Xcc -I/Users/nathannovak/Development/Apps/StraboSpot2/ios/Pods/Headers/Public/React-RCTAppDelegate -Xcc -I/Users/nathannovak/Development/Apps/StraboSpot2/ios/Pods/Headers/Public/React-RCTBlob -Xcc -I/Users/nathannovak/Development/Apps/StraboSpot2/ios/Pods/Headers/Public/React-RCTFBReactNativeSpec -Xcc -I/Users/nathannovak/Development/Apps/StraboSpot2/ios/Pods/Headers/Public/React-RCTFabric -Xcc -I/Users/nathannovak/Development/Apps/StraboSpot2/ios/Pods/Headers/Public/React-RCTRuntime -Xcc -I/Users/nathannovak/Development/Apps/StraboSpot2/ios/Pods/Headers/Public/React-RCTText -Xcc -I/Users/nathannovak/Development/Apps/StraboSpot2/ios/Pods/Headers/Public/React-RuntimeApple -Xcc -I/Users/nathannovak/Development/Apps/StraboSpot2/ios/Pods/Headers/Public/React-RuntimeCore -Xcc -I/Users/nathannovak/Development/Apps/StraboSpot2/ios/Pods/Headers/Public/React-RuntimeHermes -Xcc -I/Users/nathannovak/Development/Apps/StraboSpot2/ios/Pods/Headers/Public/React-callinvoker -Xcc -I/Users/nathannovak/Development/Apps/StraboSpot2/ios/Pods/Headers/Public/React-cxxreact -Xcc -I/Users/nathannovak/Development/Apps/StraboSpot2/ios/Pods/Headers/Public/React-debug -Xcc -I/Users/nathannovak/Development/Apps/StraboSpot2/ios/Pods/Headers/Public/React-defaultsnativemodule -Xcc -I/Users/nathannovak/Development/Apps/StraboSpot2/ios/Pods/Headers/Public/React-domnativemodule -Xcc -I/Users/nathannovak/Development/Apps/StraboSpot2/ios/Pods/Headers/Public/React-featureflags -Xcc -I/Users/nathannovak/Development/Apps/StraboSpot2/ios/Pods/Headers/Public/React-featureflagsnativemodule -Xcc -I/Users/nathannovak/Development/Apps/StraboSpot2/ios/Pods/Headers/Public/React-graphics -Xcc -I/Users/nathannovak/Development/Apps/StraboSpot2/ios/Pods/Headers/Public/React-hermes -Xcc -I/Users/nathannovak/Development/Apps/StraboSpot2/ios/Pods/Headers/Public/React-idlecallbacksnativemodule -Xcc -I/Users/nathannovak/Development/Apps/StraboSpot2/ios/Pods/Headers/Public/React-jserrorhandler -Xcc -I/Users/nathannovak/Development/Apps/StraboSpot2/ios/Pods/Headers/Public/React-jsi -Xcc -I/Users/nathannovak/Development/Apps/StraboSpot2/ios/Pods/Headers/Public/React-jsiexecutor -Xcc -I/Users/nathannovak/Development/Apps/StraboSpot2/ios/Pods/Headers/Public/React-jsinspector -Xcc -I/Users/nathannovak/Development/Apps/StraboSpot2/ios/Pods/Headers/Public/React-jsinspectortracing -Xcc -I/Users/nathannovak/Development/Apps/StraboSpot2/ios/Pods/Headers/Public/React-jsitooling -Xcc -I/Users/nathannovak/Development/Apps/StraboSpot2/ios/Pods/Headers/Public/React-logger -Xcc -I/Users/nathannovak/Development/Apps/StraboSpot2/ios/Pods/Headers/Public/React-microtasksnativemodule -Xcc -I/Users/nathannovak/Development/Apps/StraboSpot2/ios/Pods/Headers/Public/React-oscompat -Xcc -I/Users/nathannovak/Development/Apps/StraboSpot2/ios/Pods/Headers/Public/React-perflogger -Xcc -I/Users/nathannovak/Development/Apps/StraboSpot2/ios/Pods/Headers/Public/React-performancetimeline -Xcc -I/Users/nathannovak/Development/Apps/StraboSpot2/ios/Pods/Headers/Public/React-rendererconsistency -Xcc -I/Users/nathannovak/Development/Apps/StraboSpot2/ios/Pods/Headers/Public/React-renderercss -Xcc -I/Users/nathannovak/Development/Apps/StraboSpot2/ios/Pods/Headers/Public/React-rendererdebug -Xcc -I/Users/nathannovak/Development/Apps/StraboSpot2/ios/Pods/Headers/Public/React-runtimeexecutor -Xcc -I/Users/nathannovak/Development/Apps/StraboSpot2/ios/Pods/Headers/Public/React-runtimescheduler -Xcc -I/Users/nathannovak/Development/Apps/StraboSpot2/ios/Pods/Headers/Public/React-timing -Xcc -I/Users/nathannovak/Development/Apps/StraboSpot2/ios/Pods/Headers/Public/React-utils -Xcc -I/Users/nathannovak/Development/Apps/StraboSpot2/ios/Pods/Headers/Public/ReactAppDependencyProvider -Xcc -I/Users/nathannovak/Development/Apps/StraboSpot2/ios/Pods/Headers/Public/ReactCodegen -Xcc -I/Users/nathannovak/Development/Apps/StraboSpot2/ios/Pods/Headers/Public/ReactCommon -Xcc -I/Users/nathannovak/Development/Apps/StraboSpot2/ios/Pods/Headers/Public/ReactNativeKeyboardManager -Xcc -I/Users/nathannovak/Development/Apps/StraboSpot2/ios/Pods/Headers/Public/SSZipArchive -Xcc -I/Users/nathannovak/Development/Apps/StraboSpot2/ios/Pods/Headers/Public/Sentry -Xcc -I/Users/nathannovak/Development/Apps/StraboSpot2/ios/Pods/Headers/Public/SocketRocket -Xcc -I/Users/nathannovak/Development/Apps/StraboSpot2/ios/Pods/Headers/Public/Yoga -Xcc -I/Users/nathannovak/Development/Apps/StraboSpot2/ios/Pods/Headers/Public/boost -Xcc -I/Users/nathannovak/Development/Apps/StraboSpot2/ios/Pods/Headers/Public/fast_float -Xcc -I/Users/nathannovak/Development/Apps/StraboSpot2/ios/Pods/Headers/Public/fmt -Xcc -I/Users/nathannovak/Development/Apps/StraboSpot2/ios/Pods/Headers/Public/glog -Xcc -I/Users/nathannovak/Development/Apps/StraboSpot2/ios/Pods/Headers/Public/hermes-engine -Xcc -I/Users/nathannovak/Development/Apps/StraboSpot2/ios/Pods/Headers/Public/lottie-react-native -Xcc -I/Users/nathannovak/Development/Apps/StraboSpot2/ios/Pods/Headers/Public/react-native-blob-util -Xcc -I/Users/nathannovak/Development/Apps/StraboSpot2/ios/Pods/Headers/Public/react-native-document-picker -Xcc -I/Users/nathannovak/Development/Apps/StraboSpot2/ios/Pods/Headers/Public/react-native-geolocation -Xcc -I/Users/nathannovak/Development/Apps/StraboSpot2/ios/Pods/Headers/Public/react-native-get-random-values -Xcc -I/Users/nathannovak/Development/Apps/StraboSpot2/ios/Pods/Headers/Public/react-native-image-picker -Xcc -I/Users/nathannovak/Development/Apps/StraboSpot2/ios/Pods/Headers/Public/react-native-image-resizer -Xcc -I/Users/nathannovak/Development/Apps/StraboSpot2/ios/Pods/Headers/Public/react-native-keep-awake -Xcc -I/Users/nathannovak/Development/Apps/StraboSpot2/ios/Pods/Headers/Public/react-native-netinfo -Xcc -I/Users/nathannovak/Development/Apps/StraboSpot2/ios/Pods/Headers/Public/react-native-orientation-director -Xcc -I/Users/nathannovak/Development/Apps/StraboSpot2/ios/Pods/Headers/Public/react-native-pager-view -Xcc -I/Users/nathannovak/Development/Apps/StraboSpot2/ios/Pods/Headers/Public/react-native-pdf -Xcc -I/Users/nathannovak/Development/Apps/StraboSpot2/ios/Pods/Headers/Public/react-native-safe-area-context -Xcc -I/Users/nathannovak/Development/Apps/StraboSpot2/ios/Pods/Headers/Public/react-native-slider -Xcc -I/Users/nathannovak/Development/Apps/StraboSpot2/ios/Pods/Headers/Public/rnmapbox-maps -Xcc -I/Users/nathannovak/Development/Apps/StraboSpot2/ios/Pods/DoubleConversion -Xcc -I/Users/nathannovak/Library/Developer/Xcode/DerivedData/StraboSpot2-gztieqkdzpsbarfnoxqpkwxgfcqj/Build/Products/Debug-iphonesimulator/EXManifests/Swift\ Compatibility\ Header -Xcc -I/Users/nathannovak/Library/Developer/Xcode/DerivedData/StraboSpot2-gztieqkdzpsbarfnoxqpkwxgfcqj/Build/Products/Debug-iphonesimulator/EXUpdates/Swift\ Compatibility\ Header -Xcc -I/Users/nathannovak/Library/Developer/Xcode/DerivedData/StraboSpot2-gztieqkdzpsbarfnoxqpkwxgfcqj/Build/Products/Debug-iphonesimulator/EXUpdatesInterface/Swift\ Compatibility\ Header -Xcc -I/Users/nathannovak/Library/Developer/Xcode/DerivedData/StraboSpot2-gztieqkdzpsbarfnoxqpkwxgfcqj/Build/Products/Debug-iphonesimulator/Expo/Swift\ Compatibility\ Header -Xcc -I/Users/nathannovak/Development/Apps/StraboSpot2/ios/Pods/Headers/Private/Yoga -Xcc -I/Users/nathannovak/Library/Developer/Xcode/DerivedData/StraboSpot2-gztieqkdzpsbarfnoxqpkwxgfcqj/Build/Products/Debug-iphonesimulator/ExpoModulesCore/Swift\ Compatibility\ Header -Xcc -I/Users/nathannovak/Development/Apps/StraboSpot2/ios/Pods/Headers/Private/Yoga -Xcc -I/Users/nathannovak/Development/Apps/StraboSpot2/ios/Pods/boost -Xcc -I/Users/nathannovak/Development/Apps/StraboSpot2/ios/Pods/boost -Xcc -I/Users/nathannovak/Development/Apps/StraboSpot2/ios/Pods/boost-for-react-native -Xcc -I/Users/nathannovak/Development/Apps/StraboSpot2/ios/Pods/glog -Xcc -I/Users/nathannovak/Development/Apps/StraboSpot2/ios/Pods/RCT-Folly -Xcc -I/Users/nathannovak/Development/Apps/StraboSpot2/ios/Pods/Headers/Public/React-hermes -Xcc -I/Users/nathannovak/Development/Apps/StraboSpot2/ios/Pods/Headers/Public/hermes-engine -Xcc -I/Users/nathannovak/Development/Apps/StraboSpot2/node_modules/react-native/ReactCommon -Xcc -I/Users/nathannovak/Development/Apps/StraboSpot2/node_modules/react-native-reanimated/apple -Xcc -I/Users/nathannovak/Development/Apps/StraboSpot2/node_modules/react-native-reanimated/Common/cpp -Xcc -I/Users/nathannovak/Development/Apps/StraboSpot2/ios/Pods/Headers/Private/React-Core -Xcc -I/Users/nathannovak/Development/Apps/StraboSpot2/ios/Pods/Headers/Private/React-Core -Xcc -I/Users/nathannovak/Development/Apps/StraboSpot2/ios/Pods/Headers/Private/Yoga -Xcc -I/Users/nathannovak/Library/Developer/Xcode/DerivedData/StraboSpot2-gztieqkdzpsbarfnoxqpkwxgfcqj/Build/Intermediates.noindex/StraboSpot2.build/Debug-iphonesimulator/StraboSpot2.build/DerivedSources-normal/x86_64 -Xcc -I/Users/nathannovak/Library/Developer/Xcode/DerivedData/StraboSpot2-gztieqkdzpsbarfnoxqpkwxgfcqj/Build/Intermediates.noindex/StraboSpot2.build/Debug-iphonesimulator/StraboSpot2.build/DerivedSources/x86_64 -Xcc -I/Users/nathannovak/Library/Developer/Xcode/DerivedData/StraboSpot2-gztieqkdzpsbarfnoxqpkwxgfcqj/Build/Intermediates.noindex/StraboSpot2.build/Debug-iphonesimulator/StraboSpot2.build/DerivedSources -Xcc -DDEBUG\=1 -Xcc -DCOCOAPODS\=1 -emit-objc-header -emit-objc-header-path /Users/nathannovak/Library/Developer/Xcode/DerivedData/StraboSpot2-gztieqkdzpsbarfnoxqpkwxgfcqj/Build/Intermediates.noindex/StraboSpot2.build/Debug-iphonesimulator/StraboSpot2.build/Objects-normal/x86_64/StraboSpot2-Swift.h -import-objc-header /Users/nathannovak/Development/Apps/StraboSpot2/ios/StraboSpot2-Bridging-Header.h -working-directory /Users/nathannovak/Development/Apps/StraboSpot2/ios -experimental-emit-module-separately -disable-cmo

SwiftDriverJobDiscovery normal x86_64 Emitting module for StraboSpot2 (in target 'StraboSpot2' from project 'StraboSpot2')

SwiftDriverJobDiscovery normal x86_64 Compiling bridging header (in target 'StraboSpot2' from project 'StraboSpot2')

SwiftDriver\ Compilation\ Requirements StraboSpot2 normal x86_64 com.apple.xcode.tools.swift.compiler (in target 'StraboSpot2' from project 'StraboSpot2')
    cd /Users/nathannovak/Development/Apps/StraboSpot2/ios
    builtin-Swift-Compilation-Requirements -- /Applications/Xcode.app/Contents/Developer/Toolchains/XcodeDefault.xctoolchain/usr/bin/swiftc -module-name StraboSpot2 -Onone -enforce-exclusivity\=checked @/Users/nathannovak/Library/Developer/Xcode/DerivedData/StraboSpot2-gztieqkdzpsbarfnoxqpkwxgfcqj/Build/Intermediates.noindex/StraboSpot2.build/Debug-iphonesimulator/StraboSpot2.build/Objects-normal/x86_64/StraboSpot2.SwiftFileList -DDEBUG -D COCOAPODS -Xcc -fmodule-map-file\=/Users/nathannovak/Library/Developer/Xcode/DerivedData/StraboSpot2-gztieqkdzpsbarfnoxqpkwxgfcqj/Build/Products/Debug-iphonesimulator/EASClient/EASClient.modulemap -Xcc -fmodule-map-file\=/Users/nathannovak/Library/Developer/Xcode/DerivedData/StraboSpot2-gztieqkdzpsbarfnoxqpkwxgfcqj/Build/Products/Debug-iphonesimulator/EXConstants/EXConstants.modulemap -Xcc -fmodule-map-file\=/Users/nathannovak/Library/Developer/Xcode/DerivedData/StraboSpot2-gztieqkdzpsbarfnoxqpkwxgfcqj/Build/Products/Debug-iphonesimulator/EXManifests/EXManifests.modulemap -Xcc -fmodule-map-file\=/Users/nathannovak/Library/Developer/Xcode/DerivedData/StraboSpot2-gztieqkdzpsbarfnoxqpkwxgfcqj/Build/Products/Debug-iphonesimulator/EXUpdates/EXUpdates.modulemap -Xcc -fmodule-map-file\=/Users/nathannovak/Library/Developer/Xcode/DerivedData/StraboSpot2-gztieqkdzpsbarfnoxqpkwxgfcqj/Build/Products/Debug-iphonesimulator/EXUpdatesInterface/EXUpdatesInterface.modulemap -Xcc -fmodule-map-file\=/Users/nathannovak/Library/Developer/Xcode/DerivedData/StraboSpot2-gztieqkdzpsbarfnoxqpkwxgfcqj/Build/Products/Debug-iphonesimulator/Expo/Expo.modulemap -Xcc -fmodule-map-file\=/Users/nathannovak/Library/Developer/Xcode/DerivedData/StraboSpot2-gztieqkdzpsbarfnoxqpkwxgfcqj/Build/Products/Debug-iphonesimulator/ExpoAsset/ExpoAsset.modulemap -Xcc -fmodule-map-file\=/Users/nathannovak/Library/Developer/Xcode/DerivedData/StraboSpot2-gztieqkdzpsbarfnoxqpkwxgfcqj/Build/Products/Debug-iphonesimulator/ExpoFileSystem/ExpoFileSystem.modulemap -Xcc -fmodule-map-file\=/Users/nathannovak/Library/Developer/Xcode/DerivedData/StraboSpot2-gztieqkdzpsbarfnoxqpkwxgfcqj/Build/Products/Debug-iphonesimulator/ExpoFont/ExpoFont.modulemap -Xcc -fmodule-map-file\=/Users/nathannovak/Library/Developer/Xcode/DerivedData/StraboSpot2-gztieqkdzpsbarfnoxqpkwxgfcqj/Build/Products/Debug-iphonesimulator/ExpoKeepAwake/ExpoKeepAwake.modulemap -Xcc -fmodule-map-file\=/Users/nathannovak/Library/Developer/Xcode/DerivedData/StraboSpot2-gztieqkdzpsbarfnoxqpkwxgfcqj/Build/Products/Debug-iphonesimulator/ExpoModulesCore/ExpoModulesCore.modulemap -Xcc -fmodule-map-file\=/Users/nathannovak/Library/Developer/Xcode/DerivedData/StraboSpot2-gztieqkdzpsbarfnoxqpkwxgfcqj/Build/Products/Debug-iphonesimulator/IQKeyboardManagerSwift/IQKeyboardManagerSwift.modulemap -Xcc -fmodule-map-file\=/Users/nathannovak/Library/Developer/Xcode/DerivedData/StraboSpot2-gztieqkdzpsbarfnoxqpkwxgfcqj/Build/Products/Debug-iphonesimulator/ReachabilitySwift/Reachability.modulemap -Xcc -fmodule-map-file\=/Users/nathannovak/Library/Developer/Xcode/DerivedData/StraboSpot2-gztieqkdzpsbarfnoxqpkwxgfcqj/Build/Products/Debug-iphonesimulator/Sentry/Sentry.modulemap -Xcc -fmodule-map-file\=/Users/nathannovak/Library/Developer/Xcode/DerivedData/StraboSpot2-gztieqkdzpsbarfnoxqpkwxgfcqj/Build/Products/Debug-iphonesimulator/lottie-ios/Lottie.modulemap -Xcc -fmodule-map-file\=/Users/nathannovak/Library/Developer/Xcode/DerivedData/StraboSpot2-gztieqkdzpsbarfnoxqpkwxgfcqj/Build/Products/Debug-iphonesimulator/lottie-react-native/lottie_react_native.modulemap -Xcc -fmodule-map-file\=/Users/nathannovak/Library/Developer/Xcode/DerivedData/StraboSpot2-gztieqkdzpsbarfnoxqpkwxgfcqj/Build/Products/Debug-iphonesimulator/react-native-document-picker/react_native_document_picker.modulemap -Xcc -fmodule-map-file\=/Users/nathannovak/Library/Developer/Xcode/DerivedData/StraboSpot2-gztieqkdzpsbarfnoxqpkwxgfcqj/Build/Products/Debug-iphonesimulator/react-native-orientation-director/react_native_orientation_director.modulemap -Xcc -fmodule-map-file\=/Users/nathannovak/Library/Developer/Xcode/DerivedData/StraboSpot2-gztieqkdzpsbarfnoxqpkwxgfcqj/Build/Products/Debug-iphonesimulator/rnmapbox-maps/rnmapbox_maps.modulemap -Xcc -fmodule-map-file\=/Users/nathannovak/Development/Apps/StraboSpot2/ios/Pods/Headers/Public/DoubleConversion/DoubleConversion.modulemap -Xcc -fmodule-map-file\=/Users/nathannovak/Development/Apps/StraboSpot2/ios/Pods/Headers/Public/EXJSONUtils/EXJSONUtils.modulemap -Xcc -fmodule-map-file\=/Users/nathannovak/Development/Apps/StraboSpot2/ios/Pods/Headers/Public/EXStructuredHeaders/EXStructuredHeaders.modulemap -Xcc -fmodule-map-file\=/Users/nathannovak/Development/Apps/StraboSpot2/ios/Pods/Headers/Public/RCTDeprecation/RCTDeprecation.modulemap -Xcc -fmodule-map-file\=/Users/nathannovak/Development/Apps/StraboSpot2/ios/Pods/Headers/Public/RCTFabric/React-RCTFabric.modulemap -Xcc -fmodule-map-file\=/Users/nathannovak/Development/Apps/StraboSpot2/ios/Pods/Headers/Public/RCTRuntime/React-RCTRuntime.modulemap -Xcc -fmodule-map-file\=/Users/nathannovak/Development/Apps/StraboSpot2/ios/Pods/Headers/Public/RCTTypeSafety/RCTTypeSafety.modulemap -Xcc -fmodule-map-file\=/Users/nathannovak/Development/Apps/StraboSpot2/ios/Pods/Headers/Public/RNReanimated/RNReanimated.modulemap -Xcc -fmodule-map-file\=/Users/nathannovak/Development/Apps/StraboSpot2/ios/Pods/Headers/Public/React/React-Core.modulemap -Xcc -fmodule-map-file\=/Users/nathannovak/Development/Apps/StraboSpot2/ios/Pods/Headers/Public/ReactAppDependencyProvider/ReactAppDependencyProvider.modulemap -Xcc -fmodule-map-file\=/Users/nathannovak/Development/Apps/StraboSpot2/ios/Pods/Headers/Public/ReactCodegen/ReactCodegen.modulemap -Xcc -fmodule-map-file\=/Users/nathannovak/Development/Apps/StraboSpot2/ios/Pods/Headers/Public/ReactCommon/ReactCommon.modulemap -Xcc -fmodule-map-file\=/Users/nathannovak/Development/Apps/StraboSpot2/ios/Pods/Headers/Public/React_Fabric/React-Fabric.modulemap -Xcc -fmodule-map-file\=/Users/nathannovak/Development/Apps/StraboSpot2/ios/Pods/Headers/Public/React_FabricComponents/React-FabricComponents.modulemap -Xcc -fmodule-map-file\=/Users/nathannovak/Development/Apps/StraboSpot2/ios/Pods/Headers/Public/React_NativeModulesApple/React-NativeModulesApple.modulemap -Xcc -fmodule-map-file\=/Users/nathannovak/Development/Apps/StraboSpot2/ios/Pods/Headers/Public/React_RCTAppDelegate/React-RCTAppDelegate.modulemap -Xcc -fmodule-map-file\=/Users/nathannovak/Development/Apps/StraboSpot2/ios/Pods/Headers/Public/SSZipArchive/SSZipArchive.modulemap -Xcc -fmodule-map-file\=/Users/nathannovak/Development/Apps/StraboSpot2/ios/Pods/Headers/Public/folly/RCT-Folly.modulemap -Xcc -fmodule-map-file\=/Users/nathannovak/Development/Apps/StraboSpot2/ios/Pods/Headers/Public/glog/glog.modulemap -Xcc -fmodule-map-file\=/Users/nathannovak/Development/Apps/StraboSpot2/ios/Pods/Headers/Public/jsi/React-jsi.modulemap -Xcc -fmodule-map-file\=/Users/nathannovak/Development/Apps/StraboSpot2/ios/Pods/Headers/Public/jsinspector_modern/React-jsinspector.modulemap -Xcc -fmodule-map-file\=/Users/nathannovak/Development/Apps/StraboSpot2/ios/Pods/Headers/Public/jsinspector_modern_tracing/React-jsinspectortracing.modulemap -Xcc -fmodule-map-file\=/Users/nathannovak/Development/Apps/StraboSpot2/ios/Pods/Headers/Public/react_debug/React-debug.modulemap -Xcc -fmodule-map-file\=/Users/nathannovak/Development/Apps/StraboSpot2/ios/Pods/Headers/Public/react_featureflags/React-featureflags.modulemap -Xcc -fmodule-map-file\=/Users/nathannovak/Development/Apps/StraboSpot2/ios/Pods/Headers/Public/react_nativemodule_defaults/React-defaultsnativemodule.modulemap -Xcc -fmodule-map-file\=/Users/nathannovak/Development/Apps/StraboSpot2/ios/Pods/Headers/Public/react_nativemodule_dom/React-domnativemodule.modulemap -Xcc -fmodule-map-file\=/Users/nathannovak/Development/Apps/StraboSpot2/ios/Pods/Headers/Public/react_nativemodule_featureflags/React-featureflagsnativemodule.modulemap -Xcc -fmodule-map-file\=/Users/nathannovak/Development/Apps/StraboSpot2/ios/Pods/Headers/Public/react_nativemodule_idlecallbacks/React-idlecallbacksnativemodule.modulemap -Xcc -fmodule-map-file\=/Users/nathannovak/Development/Apps/StraboSpot2/ios/Pods/Headers/Public/react_nativemodule_microtasks/React-microtasksnativemodule.modulemap -Xcc -fmodule-map-file\=/Users/nathannovak/Development/Apps/StraboSpot2/ios/Pods/Headers/Public/react_renderer_css/React-renderercss.modulemap -Xcc -fmodule-map-file\=/Users/nathannovak/Development/Apps/StraboSpot2/ios/Pods/Headers/Public/react_renderer_debug/React-rendererdebug.modulemap -Xcc -fmodule-map-file\=/Users/nathannovak/Development/Apps/StraboSpot2/ios/Pods/Headers/Public/react_renderer_graphics/React-graphics.modulemap -Xcc -fmodule-map-file\=/Users/nathannovak/Development/Apps/StraboSpot2/ios/Pods/Headers/Public/react_renderer_imagemanager/React-ImageManager.modulemap -Xcc -fmodule-map-file\=/Users/nathannovak/Development/Apps/StraboSpot2/ios/Pods/Headers/Public/react_runtime/React-jsitooling.modulemap -Xcc -fmodule-map-file\=/Users/nathannovak/Development/Apps/StraboSpot2/ios/Pods/Headers/Public/react_utils/React-utils.modulemap -Xcc -fmodule-map-file\=/Users/nathannovak/Development/Apps/StraboSpot2/ios/Pods/Headers/Public/reacthermes/React-hermes.modulemap -Xcc -fmodule-map-file\=/Users/nathannovak/Development/Apps/StraboSpot2/ios/Pods/Headers/Public/yoga/Yoga.modulemap -D EXPO_CONFIGURATION_DEBUG -enable-bare-slash-regex -enable-experimental-feature DebugDescriptionMacro -sdk /Applications/Xcode.app/Contents/Developer/Platforms/iPhoneSimulator.platform/Developer/SDKs/iPhoneSimulator26.0.sdk -target x86_64-apple-ios15.6-simulator -g -module-cache-path /Users/nathannovak/Library/Developer/Xcode/DerivedData/ModuleCache.noindex -Xfrontend -serialize-debugging-options -enable-testing -index-store-path /Users/nathannovak/Library/Developer/Xcode/DerivedData/StraboSpot2-gztieqkdzpsbarfnoxqpkwxgfcqj/Index.noindex/DataStore -Xcc -D_LIBCPP_HARDENING_MODE\=_LIBCPP_HARDENING_MODE_DEBUG -swift-version 5 -I /Users/nathannovak/Library/Developer/Xcode/DerivedData/StraboSpot2-gztieqkdzpsbarfnoxqpkwxgfcqj/Build/Products/Debug-iphonesimulator -I /Users/nathannovak/Library/Developer/Xcode/DerivedData/StraboSpot2-gztieqkdzpsbarfnoxqpkwxgfcqj/Build/Products/Debug-iphonesimulator/EASClient -I /Users/nathannovak/Library/Developer/Xcode/DerivedData/StraboSpot2-gztieqkdzpsbarfnoxqpkwxgfcqj/Build/Products/Debug-iphonesimulator/EXConstants -I /Users/nathannovak/Library/Developer/Xcode/DerivedData/StraboSpot2-gztieqkdzpsbarfnoxqpkwxgfcqj/Build/Products/Debug-iphonesimulator/EXManifests -I /Users/nathannovak/Library/Developer/Xcode/DerivedData/StraboSpot2-gztieqkdzpsbarfnoxqpkwxgfcqj/Build/Products/Debug-iphonesimulator/EXUpdates -I /Users/nathannovak/Library/Developer/Xcode/DerivedData/StraboSpot2-gztieqkdzpsbarfnoxqpkwxgfcqj/Build/Products/Debug-iphonesimulator/EXUpdatesInterface -I /Users/nathannovak/Library/Developer/Xcode/DerivedData/StraboSpot2-gztieqkdzpsbarfnoxqpkwxgfcqj/Build/Products/Debug-iphonesimulator/Expo -I /Users/nathannovak/Library/Developer/Xcode/DerivedData/StraboSpot2-gztieqkdzpsbarfnoxqpkwxgfcqj/Build/Products/Debug-iphonesimulator/ExpoAsset -I /Users/nathannovak/Library/Developer/Xcode/DerivedData/StraboSpot2-gztieqkdzpsbarfnoxqpkwxgfcqj/Build/Products/Debug-iphonesimulator/ExpoFileSystem -I /Users/nathannovak/Library/Developer/Xcode/DerivedData/StraboSpot2-gztieqkdzpsbarfnoxqpkwxgfcqj/Build/Products/Debug-iphonesimulator/ExpoFont -I /Users/nathannovak/Library/Developer/Xcode/DerivedData/StraboSpot2-gztieqkdzpsbarfnoxqpkwxgfcqj/Build/Products/Debug-iphonesimulator/ExpoKeepAwake -I /Users/nathannovak/Library/Developer/Xcode/DerivedData/StraboSpot2-gztieqkdzpsbarfnoxqpkwxgfcqj/Build/Products/Debug-iphonesimulator/ExpoModulesCore -I /Users/nathannovak/Library/Developer/Xcode/DerivedData/StraboSpot2-gztieqkdzpsbarfnoxqpkwxgfcqj/Build/Products/Debug-iphonesimulator/IQKeyboardManagerSwift -I /Users/nathannovak/Library/Developer/Xcode/DerivedData/StraboSpot2-gztieqkdzpsbarfnoxqpkwxgfcqj/Build/Products/Debug-iphonesimulator/ReachabilitySwift -I /Users/nathannovak/Library/Developer/Xcode/DerivedData/StraboSpot2-gztieqkdzpsbarfnoxqpkwxgfcqj/Build/Products/Debug-iphonesimulator/Sentry -I /Users/nathannovak/Library/Developer/Xcode/DerivedData/StraboSpot2-gztieqkdzpsbarfnoxqpkwxgfcqj/Build/Products/Debug-iphonesimulator/lottie-ios -I /Users/nathannovak/Library/Developer/Xcode/DerivedData/StraboSpot2-gztieqkdzpsbarfnoxqpkwxgfcqj/Build/Products/Debug-iphonesimulator/lottie-react-native -I /Users/nathannovak/Library/Developer/Xcode/DerivedData/StraboSpot2-gztieqkdzpsbarfnoxqpkwxgfcqj/Build/Products/Debug-iphonesimulator/react-native-document-picker -I /Users/nathannovak/Library/Developer/Xcode/DerivedData/StraboSpot2-gztieqkdzpsbarfnoxqpkwxgfcqj/Build/Products/Debug-iphonesimulator/react-native-orientation-director -I /Users/nathannovak/Library/Developer/Xcode/DerivedData/StraboSpot2-gztieqkdzpsbarfnoxqpkwxgfcqj/Build/Products/Debug-iphonesimulator/rnmapbox-maps -F /Users/nathannovak/Library/Developer/Xcode/DerivedData/StraboSpot2-gztieqkdzpsbarfnoxqpkwxgfcqj/Build/Products/Debug-iphonesimulator -F /Users/nathannovak/Library/Developer/Xcode/DerivedData/StraboSpot2-gztieqkdzpsbarfnoxqpkwxgfcqj/Build/Products/Debug-iphonesimulator/MapboxMaps -F /Users/nathannovak/Library/Developer/Xcode/DerivedData/StraboSpot2-gztieqkdzpsbarfnoxqpkwxgfcqj/Build/Products/Debug-iphonesimulator/Turf -F /Users/nathannovak/Development/Apps/StraboSpot2/ios/Pods/MapboxCommon -F /Users/nathannovak/Development/Apps/StraboSpot2/ios/Pods/MapboxCoreMaps -F /Users/nathannovak/Development/Apps/StraboSpot2/ios/Pods/MapboxMobileEvents -F /Users/nathannovak/Development/Apps/StraboSpot2/ios/Pods/hermes-engine/destroot/Library/Frameworks/universal -F /Users/nathannovak/Library/Developer/Xcode/DerivedData/StraboSpot2-gztieqkdzpsbarfnoxqpkwxgfcqj/Build/Products/Debug-iphonesimulator/XCFrameworkIntermediates/MapboxCommon -F /Users/nathannovak/Library/Developer/Xcode/DerivedData/StraboSpot2-gztieqkdzpsbarfnoxqpkwxgfcqj/Build/Products/Debug-iphonesimulator/XCFrameworkIntermediates/MapboxCoreMaps -F /Users/nathannovak/Library/Developer/Xcode/DerivedData/StraboSpot2-gztieqkdzpsbarfnoxqpkwxgfcqj/Build/Products/Debug-iphonesimulator/XCFrameworkIntermediates/MapboxMobileEvents -F /Users/nathannovak/Library/Developer/Xcode/DerivedData/StraboSpot2-gztieqkdzpsbarfnoxqpkwxgfcqj/Build/Products/Debug-iphonesimulator/XCFrameworkIntermediates/hermes-engine/Pre-built -c -j16 -enable-batch-mode -incremental -Xcc -ivfsstatcache -Xcc /Users/nathannovak/Library/Developer/Xcode/DerivedData/SDKStatCaches.noindex/iphonesimulator26.0-23A339-26257891a6c027eb51374368541b8346.sdkstatcache -output-file-map /Users/nathannovak/Library/Developer/Xcode/DerivedData/StraboSpot2-gztieqkdzpsbarfnoxqpkwxgfcqj/Build/Intermediates.noindex/StraboSpot2.build/Debug-iphonesimulator/StraboSpot2.build/Objects-normal/x86_64/StraboSpot2-OutputFileMap.json -use-frontend-parseable-output -save-temps -no-color-diagnostics -explicit-module-build -module-cache-path /Users/nathannovak/Library/Developer/Xcode/DerivedData/StraboSpot2-gztieqkdzpsbarfnoxqpkwxgfcqj/Build/Intermediates.noindex/SwiftExplicitPrecompiledModules -clang-scanner-module-cache-path /Users/nathannovak/Library/Developer/Xcode/DerivedData/ModuleCache.noindex -sdk-module-cache-path /Users/nathannovak/Library/Developer/Xcode/DerivedData/ModuleCache.noindex -serialize-diagnostics -emit-dependencies -emit-module -emit-module-path /Users/nathannovak/Library/Developer/Xcode/DerivedData/StraboSpot2-gztieqkdzpsbarfnoxqpkwxgfcqj/Build/Intermediates.noindex/StraboSpot2.build/Debug-iphonesimulator/StraboSpot2.build/Objects-normal/x86_64/StraboSpot2.swiftmodule -validate-clang-modules-once -clang-build-session-file /Users/nathannovak/Library/Developer/Xcode/DerivedData/ModuleCache.noindex/Session.modulevalidation -Xcc -I/Users/nathannovak/Library/Developer/Xcode/DerivedData/StraboSpot2-gztieqkdzpsbarfnoxqpkwxgfcqj/Build/Intermediates.noindex/StraboSpot2.build/Debug-iphonesimulator/StraboSpot2.build/swift-overrides.hmap -emit-const-values -Xfrontend -const-gather-protocols-file -Xfrontend /Users/nathannovak/Library/Developer/Xcode/DerivedData/StraboSpot2-gztieqkdzpsbarfnoxqpkwxgfcqj/Build/Intermediates.noindex/StraboSpot2.build/Debug-iphonesimulator/StraboSpot2.build/Objects-normal/x86_64/StraboSpot2_const_extract_protocols.json -Xcc -iquote -Xcc /Users/nathannovak/Library/Developer/Xcode/DerivedData/StraboSpot2-gztieqkdzpsbarfnoxqpkwxgfcqj/Build/Intermediates.noindex/StraboSpot2.build/Debug-iphonesimulator/StraboSpot2.build/StraboSpot2-generated-files.hmap -Xcc -I/Users/nathannovak/Library/Developer/Xcode/DerivedData/StraboSpot2-gztieqkdzpsbarfnoxqpkwxgfcqj/Build/Intermediates.noindex/StraboSpot2.build/Debug-iphonesimulator/StraboSpot2.build/StraboSpot2-own-target-headers.hmap -Xcc -I/Users/nathannovak/Library/Developer/Xcode/DerivedData/StraboSpot2-gztieqkdzpsbarfnoxqpkwxgfcqj/Build/Intermediates.noindex/StraboSpot2.build/Debug-iphonesimulator/StraboSpot2.build/StraboSpot2-all-non-framework-target-headers.hmap -Xcc -ivfsoverlay -Xcc /Users/nathannovak/Library/Developer/Xcode/DerivedData/StraboSpot2-gztieqkdzpsbarfnoxqpkwxgfcqj/Build/Intermediates.noindex/StraboSpot2.build/Debug-iphonesimulator/StraboSpot2-5ae4280a4e419be4569b03d7a8f7e3cb-VFS-iphonesimulator/all-product-headers.yaml -Xcc -iquote -Xcc /Users/nathannovak/Library/Developer/Xcode/DerivedData/StraboSpot2-gztieqkdzpsbarfnoxqpkwxgfcqj/Build/Intermediates.noindex/StraboSpot2.build/Debug-iphonesimulator/StraboSpot2.build/StraboSpot2-project-headers.hmap -Xcc -I/Users/nathannovak/Library/Developer/Xcode/DerivedData/StraboSpot2-gztieqkdzpsbarfnoxqpkwxgfcqj/Build/Products/Debug-iphonesimulator/include -Xcc -I/Users/nathannovak/Library/Developer/Xcode/DerivedData/StraboSpot2-gztieqkdzpsbarfnoxqpkwxgfcqj/Build/Products/Debug-iphonesimulator/MapboxMaps/MapboxMaps.framework/Headers -Xcc -I/Users/nathannovak/Library/Developer/Xcode/DerivedData/StraboSpot2-gztieqkdzpsbarfnoxqpkwxgfcqj/Build/Products/Debug-iphonesimulator/Turf/Turf.framework/Headers -Xcc -I/Users/nathannovak/Development/Apps/StraboSpot2/ios/Pods/Headers/Public -Xcc -I/Users/nathannovak/Development/Apps/StraboSpot2/ios/Pods/Headers/Public/DoubleConversion -Xcc -I/Users/nathannovak/Development/Apps/StraboSpot2/ios/Pods/Headers/Public/EXConstants -Xcc -I/Users/nathannovak/Development/Apps/StraboSpot2/ios/Pods/Headers/Public/EXJSONUtils -Xcc -I/Users/nathannovak/Development/Apps/StraboSpot2/ios/Pods/Headers/Public/EXStructuredHeaders -Xcc -I/Users/nathannovak/Development/Apps/StraboSpot2/ios/Pods/Headers/Public/EXUpdates -Xcc -I/Users/nathannovak/Development/Apps/StraboSpot2/ios/Pods/Headers/Public/Expo -Xcc -I/Users/nathannovak/Development/Apps/StraboSpot2/ios/Pods/Headers/Public/ExpoFileSystem -Xcc -I/Users/nathannovak/Development/Apps/StraboSpot2/ios/Pods/Headers/Public/ExpoModulesCore -Xcc -I/Users/nathannovak/Development/Apps/StraboSpot2/ios/Pods/Headers/Public/FBLazyVector -Xcc -I/Users/nathannovak/Development/Apps/StraboSpot2/ios/Pods/Headers/Public/RCT-Folly -Xcc -I/Users/nathannovak/Development/Apps/StraboSpot2/ios/Pods/Headers/Public/RCTDeprecation -Xcc -I/Users/nathannovak/Development/Apps/StraboSpot2/ios/Pods/Headers/Public/RCTRequired -Xcc -I/Users/nathannovak/Development/Apps/StraboSpot2/ios/Pods/Headers/Public/RCTTypeSafety -Xcc -I/Users/nathannovak/Development/Apps/StraboSpot2/ios/Pods/Headers/Public/RNCAsyncStorage -Xcc -I/Users/nathannovak/Development/Apps/StraboSpot2/ios/Pods/Headers/Public/RNCClipboard -Xcc -I/Users/nathannovak/Development/Apps/StraboSpot2/ios/Pods/Headers/Public/RNCPicker -Xcc -I/Users/nathannovak/Development/Apps/StraboSpot2/ios/Pods/Headers/Public/RNDateTimePicker -Xcc -I/Users/nathannovak/Development/Apps/StraboSpot2/ios/Pods/Headers/Public/RNDeviceInfo -Xcc -I/Users/nathannovak/Development/Apps/StraboSpot2/ios/Pods/Headers/Public/RNFS -Xcc -I/Users/nathannovak/Development/Apps/StraboSpot2/ios/Pods/Headers/Public/RNGestureHandler -Xcc -I/Users/nathannovak/Development/Apps/StraboSpot2/ios/Pods/Headers/Public/RNReanimated -Xcc -I/Users/nathannovak/Development/Apps/StraboSpot2/ios/Pods/Headers/Public/RNScreens -Xcc -I/Users/nathannovak/Development/Apps/StraboSpot2/ios/Pods/Headers/Public/RNSensors -Xcc -I/Users/nathannovak/Development/Apps/StraboSpot2/ios/Pods/Headers/Public/RNSentry -Xcc -I/Users/nathannovak/Development/Apps/StraboSpot2/ios/Pods/Headers/Public/RNSketchCanvas -Xcc -I/Users/nathannovak/Development/Apps/StraboSpot2/ios/Pods/Headers/Public/RNSoundPlayer -Xcc -I/Users/nathannovak/Development/Apps/StraboSpot2/ios/Pods/Headers/Public/RNVectorIcons -Xcc -I/Users/nathannovak/Development/Apps/StraboSpot2/ios/Pods/Headers/Public/RNZipArchive -Xcc -I/Users/nathannovak/Development/Apps/StraboSpot2/ios/Pods/Headers/Public/React-Core -Xcc -I/Users/nathannovak/Development/Apps/StraboSpot2/ios/Pods/Headers/Public/React-Fabric -Xcc -I/Users/nathannovak/Development/Apps/StraboSpot2/ios/Pods/Headers/Public/React-FabricComponents -Xcc -I/Users/nathannovak/Development/Apps/StraboSpot2/ios/Pods/Headers/Public/React-FabricImage -Xcc -I/Users/nathannovak/Development/Apps/StraboSpot2/ios/Pods/Headers/Public/React-ImageManager -Xcc -I/Users/nathannovak/Development/Apps/StraboSpot2/ios/Pods/Headers/Public/React-Mapbuffer -Xcc -I/Users/nathannovak/Development/Apps/StraboSpot2/ios/Pods/Headers/Public/React-NativeModulesApple -Xcc -I/Users/nathannovak/Development/Apps/StraboSpot2/ios/Pods/Headers/Public/React-RCTAnimation -Xcc -I/Users/nathannovak/Development/Apps/StraboSpot2/ios/Pods/Headers/Public/React-RCTAppDelegate -Xcc -I/Users/nathannovak/Development/Apps/StraboSpot2/ios/Pods/Headers/Public/React-RCTBlob -Xcc -I/Users/nathannovak/Development/Apps/StraboSpot2/ios/Pods/Headers/Public/React-RCTFBReactNativeSpec -Xcc -I/Users/nathannovak/Development/Apps/StraboSpot2/ios/Pods/Headers/Public/React-RCTFabric -Xcc -I/Users/nathannovak/Development/Apps/StraboSpot2/ios/Pods/Headers/Public/React-RCTRuntime -Xcc -I/Users/nathannovak/Development/Apps/StraboSpot2/ios/Pods/Headers/Public/React-RCTText -Xcc -I/Users/nathannovak/Development/Apps/StraboSpot2/ios/Pods/Headers/Public/React-RuntimeApple -Xcc -I/Users/nathannovak/Development/Apps/StraboSpot2/ios/Pods/Headers/Public/React-RuntimeCore -Xcc -I/Users/nathannovak/Development/Apps/StraboSpot2/ios/Pods/Headers/Public/React-RuntimeHermes -Xcc -I/Users/nathannovak/Development/Apps/StraboSpot2/ios/Pods/Headers/Public/React-callinvoker -Xcc -I/Users/nathannovak/Development/Apps/StraboSpot2/ios/Pods/Headers/Public/React-cxxreact -Xcc -I/Users/nathannovak/Development/Apps/StraboSpot2/ios/Pods/Headers/Public/React-debug -Xcc -I/Users/nathannovak/Development/Apps/StraboSpot2/ios/Pods/Headers/Public/React-defaultsnativemodule -Xcc -I/Users/nathannovak/Development/Apps/StraboSpot2/ios/Pods/Headers/Public/React-domnativemodule -Xcc -I/Users/nathannovak/Development/Apps/StraboSpot2/ios/Pods/Headers/Public/React-featureflags -Xcc -I/Users/nathannovak/Development/Apps/StraboSpot2/ios/Pods/Headers/Public/React-featureflagsnativemodule -Xcc -I/Users/nathannovak/Development/Apps/StraboSpot2/ios/Pods/Headers/Public/React-graphics -Xcc -I/Users/nathannovak/Development/Apps/StraboSpot2/ios/Pods/Headers/Public/React-hermes -Xcc -I/Users/nathannovak/Development/Apps/StraboSpot2/ios/Pods/Headers/Public/React-idlecallbacksnativemodule -Xcc -I/Users/nathannovak/Development/Apps/StraboSpot2/ios/Pods/Headers/Public/React-jserrorhandler -Xcc -I/Users/nathannovak/Development/Apps/StraboSpot2/ios/Pods/Headers/Public/React-jsi -Xcc -I/Users/nathannovak/Development/Apps/StraboSpot2/ios/Pods/Headers/Public/React-jsiexecutor -Xcc -I/Users/nathannovak/Development/Apps/StraboSpot2/ios/Pods/Headers/Public/React-jsinspector -Xcc -I/Users/nathannovak/Development/Apps/StraboSpot2/ios/Pods/Headers/Public/React-jsinspectortracing -Xcc -I/Users/nathannovak/Development/Apps/StraboSpot2/ios/Pods/Headers/Public/React-jsitooling -Xcc -I/Users/nathannovak/Development/Apps/StraboSpot2/ios/Pods/Headers/Public/React-logger -Xcc -I/Users/nathannovak/Development/Apps/StraboSpot2/ios/Pods/Headers/Public/React-microtasksnativemodule -Xcc -I/Users/nathannovak/Development/Apps/StraboSpot2/ios/Pods/Headers/Public/React-oscompat -Xcc -I/Users/nathannovak/Development/Apps/StraboSpot2/ios/Pods/Headers/Public/React-perflogger -Xcc -I/Users/nathannovak/Development/Apps/StraboSpot2/ios/Pods/Headers/Public/React-performancetimeline -Xcc -I/Users/nathannovak/Development/Apps/StraboSpot2/ios/Pods/Headers/Public/React-rendererconsistency -Xcc -I/Users/nathannovak/Development/Apps/StraboSpot2/ios/Pods/Headers/Public/React-renderercss -Xcc -I/Users/nathannovak/Development/Apps/StraboSpot2/ios/Pods/Headers/Public/React-rendererdebug -Xcc -I/Users/nathannovak/Development/Apps/StraboSpot2/ios/Pods/Headers/Public/React-runtimeexecutor -Xcc -I/Users/nathannovak/Development/Apps/StraboSpot2/ios/Pods/Headers/Public/React-runtimescheduler -Xcc -I/Users/nathannovak/Development/Apps/StraboSpot2/ios/Pods/Headers/Public/React-timing -Xcc -I/Users/nathannovak/Development/Apps/StraboSpot2/ios/Pods/Headers/Public/React-utils -Xcc -I/Users/nathannovak/Development/Apps/StraboSpot2/ios/Pods/Headers/Public/ReactAppDependencyProvider -Xcc -I/Users/nathannovak/Development/Apps/StraboSpot2/ios/Pods/Headers/Public/ReactCodegen -Xcc -I/Users/nathannovak/Development/Apps/StraboSpot2/ios/Pods/Headers/Public/ReactCommon -Xcc -I/Users/nathannovak/Development/Apps/StraboSpot2/ios/Pods/Headers/Public/ReactNativeKeyboardManager -Xcc -I/Users/nathannovak/Development/Apps/StraboSpot2/ios/Pods/Headers/Public/SSZipArchive -Xcc -I/Users/nathannovak/Development/Apps/StraboSpot2/ios/Pods/Headers/Public/Sentry -Xcc -I/Users/nathannovak/Development/Apps/StraboSpot2/ios/Pods/Headers/Public/SocketRocket -Xcc -I/Users/nathannovak/Development/Apps/StraboSpot2/ios/Pods/Headers/Public/Yoga -Xcc -I/Users/nathannovak/Development/Apps/StraboSpot2/ios/Pods/Headers/Public/boost -Xcc -I/Users/nathannovak/Development/Apps/StraboSpot2/ios/Pods/Headers/Public/fast_float -Xcc -I/Users/nathannovak/Development/Apps/StraboSpot2/ios/Pods/Headers/Public/fmt -Xcc -I/Users/nathannovak/Development/Apps/StraboSpot2/ios/Pods/Headers/Public/glog -Xcc -I/Users/nathannovak/Development/Apps/StraboSpot2/ios/Pods/Headers/Public/hermes-engine -Xcc -I/Users/nathannovak/Development/Apps/StraboSpot2/ios/Pods/Headers/Public/lottie-react-native -Xcc -I/Users/nathannovak/Development/Apps/StraboSpot2/ios/Pods/Headers/Public/react-native-blob-util -Xcc -I/Users/nathannovak/Development/Apps/StraboSpot2/ios/Pods/Headers/Public/react-native-document-picker -Xcc -I/Users/nathannovak/Development/Apps/StraboSpot2/ios/Pods/Headers/Public/react-native-geolocation -Xcc -I/Users/nathannovak/Development/Apps/StraboSpot2/ios/Pods/Headers/Public/react-native-get-random-values -Xcc -I/Users/nathannovak/Development/Apps/StraboSpot2/ios/Pods/Headers/Public/react-native-image-picker -Xcc -I/Users/nathannovak/Development/Apps/StraboSpot2/ios/Pods/Headers/Public/react-native-image-resizer -Xcc -I/Users/nathannovak/Development/Apps/StraboSpot2/ios/Pods/Headers/Public/react-native-keep-awake -Xcc -I/Users/nathannovak/Development/Apps/StraboSpot2/ios/Pods/Headers/Public/react-native-netinfo -Xcc -I/Users/nathannovak/Development/Apps/StraboSpot2/ios/Pods/Headers/Public/react-native-orientation-director -Xcc -I/Users/nathannovak/Development/Apps/StraboSpot2/ios/Pods/Headers/Public/react-native-pager-view -Xcc -I/Users/nathannovak/Development/Apps/StraboSpot2/ios/Pods/Headers/Public/react-native-pdf -Xcc -I/Users/nathannovak/Development/Apps/StraboSpot2/ios/Pods/Headers/Public/react-native-safe-area-context -Xcc -I/Users/nathannovak/Development/Apps/StraboSpot2/ios/Pods/Headers/Public/react-native-slider -Xcc -I/Users/nathannovak/Development/Apps/StraboSpot2/ios/Pods/Headers/Public/rnmapbox-maps -Xcc -I/Users/nathannovak/Development/Apps/StraboSpot2/ios/Pods/DoubleConversion -Xcc -I/Users/nathannovak/Library/Developer/Xcode/DerivedData/StraboSpot2-gztieqkdzpsbarfnoxqpkwxgfcqj/Build/Products/Debug-iphonesimulator/EXManifests/Swift\ Compatibility\ Header -Xcc -I/Users/nathannovak/Library/Developer/Xcode/DerivedData/StraboSpot2-gztieqkdzpsbarfnoxqpkwxgfcqj/Build/Products/Debug-iphonesimulator/EXUpdates/Swift\ Compatibility\ Header -Xcc -I/Users/nathannovak/Library/Developer/Xcode/DerivedData/StraboSpot2-gztieqkdzpsbarfnoxqpkwxgfcqj/Build/Products/Debug-iphonesimulator/EXUpdatesInterface/Swift\ Compatibility\ Header -Xcc -I/Users/nathannovak/Library/Developer/Xcode/DerivedData/StraboSpot2-gztieqkdzpsbarfnoxqpkwxgfcqj/Build/Products/Debug-iphonesimulator/Expo/Swift\ Compatibility\ Header -Xcc -I/Users/nathannovak/Development/Apps/StraboSpot2/ios/Pods/Headers/Private/Yoga -Xcc -I/Users/nathannovak/Library/Developer/Xcode/DerivedData/StraboSpot2-gztieqkdzpsbarfnoxqpkwxgfcqj/Build/Products/Debug-iphonesimulator/ExpoModulesCore/Swift\ Compatibility\ Header -Xcc -I/Users/nathannovak/Development/Apps/StraboSpot2/ios/Pods/Headers/Private/Yoga -Xcc -I/Users/nathannovak/Development/Apps/StraboSpot2/ios/Pods/boost -Xcc -I/Users/nathannovak/Development/Apps/StraboSpot2/ios/Pods/boost -Xcc -I/Users/nathannovak/Development/Apps/StraboSpot2/ios/Pods/boost-for-react-native -Xcc -I/Users/nathannovak/Development/Apps/StraboSpot2/ios/Pods/glog -Xcc -I/Users/nathannovak/Development/Apps/StraboSpot2/ios/Pods/RCT-Folly -Xcc -I/Users/nathannovak/Development/Apps/StraboSpot2/ios/Pods/Headers/Public/React-hermes -Xcc -I/Users/nathannovak/Development/Apps/StraboSpot2/ios/Pods/Headers/Public/hermes-engine -Xcc -I/Users/nathannovak/Development/Apps/StraboSpot2/node_modules/react-native/ReactCommon -Xcc -I/Users/nathannovak/Development/Apps/StraboSpot2/node_modules/react-native-reanimated/apple -Xcc -I/Users/nathannovak/Development/Apps/StraboSpot2/node_modules/react-native-reanimated/Common/cpp -Xcc -I/Users/nathannovak/Development/Apps/StraboSpot2/ios/Pods/Headers/Private/React-Core -Xcc -I/Users/nathannovak/Development/Apps/StraboSpot2/ios/Pods/Headers/Private/React-Core -Xcc -I/Users/nathannovak/Development/Apps/StraboSpot2/ios/Pods/Headers/Private/Yoga -Xcc -I/Users/nathannovak/Library/Developer/Xcode/DerivedData/StraboSpot2-gztieqkdzpsbarfnoxqpkwxgfcqj/Build/Intermediates.noindex/StraboSpot2.build/Debug-iphonesimulator/StraboSpot2.build/DerivedSources-normal/x86_64 -Xcc -I/Users/nathannovak/Library/Developer/Xcode/DerivedData/StraboSpot2-gztieqkdzpsbarfnoxqpkwxgfcqj/Build/Intermediates.noindex/StraboSpot2.build/Debug-iphonesimulator/StraboSpot2.build/DerivedSources/x86_64 -Xcc -I/Users/nathannovak/Library/Developer/Xcode/DerivedData/StraboSpot2-gztieqkdzpsbarfnoxqpkwxgfcqj/Build/Intermediates.noindex/StraboSpot2.build/Debug-iphonesimulator/StraboSpot2.build/DerivedSources -Xcc -DDEBUG\=1 -Xcc -DCOCOAPODS\=1 -emit-objc-header -emit-objc-header-path /Users/nathannovak/Library/Developer/Xcode/DerivedData/StraboSpot2-gztieqkdzpsbarfnoxqpkwxgfcqj/Build/Intermediates.noindex/StraboSpot2.build/Debug-iphonesimulator/StraboSpot2.build/Objects-normal/x86_64/StraboSpot2-Swift.h -import-objc-header /Users/nathannovak/Development/Apps/StraboSpot2/ios/StraboSpot2-Bridging-Header.h -working-directory /Users/nathannovak/Development/Apps/StraboSpot2/ios -experimental-emit-module-separately -disable-cmo

Copy /Users/nathannovak/Library/Developer/Xcode/DerivedData/StraboSpot2-gztieqkdzpsbarfnoxqpkwxgfcqj/Build/Products/Debug-iphonesimulator/StraboSpot2.swiftmodule/Project/x86_64-apple-ios-simulator.swiftsourceinfo /Users/nathannovak/Library/Developer/Xcode/DerivedData/StraboSpot2-gztieqkdzpsbarfnoxqpkwxgfcqj/Build/Intermediates.noindex/StraboSpot2.build/Debug-iphonesimulator/StraboSpot2.build/Objects-normal/x86_64/StraboSpot2.swiftsourceinfo (in target 'StraboSpot2' from project 'StraboSpot2')
    cd /Users/nathannovak/Development/Apps/StraboSpot2/ios
    builtin-copy -exclude .DS_Store -exclude CVS -exclude .svn -exclude .git -exclude .hg -resolve-src-symlinks -rename /Users/nathannovak/Library/Developer/Xcode/DerivedData/StraboSpot2-gztieqkdzpsbarfnoxqpkwxgfcqj/Build/Intermediates.noindex/StraboSpot2.build/Debug-iphonesimulator/StraboSpot2.build/Objects-normal/x86_64/StraboSpot2.swiftsourceinfo /Users/nathannovak/Library/Developer/Xcode/DerivedData/StraboSpot2-gztieqkdzpsbarfnoxqpkwxgfcqj/Build/Products/Debug-iphonesimulator/StraboSpot2.swiftmodule/Project/x86_64-apple-ios-simulator.swiftsourceinfo

Copy /Users/nathannovak/Library/Developer/Xcode/DerivedData/StraboSpot2-gztieqkdzpsbarfnoxqpkwxgfcqj/Build/Products/Debug-iphonesimulator/StraboSpot2.swiftmodule/x86_64-apple-ios-simulator.abi.json /Users/nathannovak/Library/Developer/Xcode/DerivedData/StraboSpot2-gztieqkdzpsbarfnoxqpkwxgfcqj/Build/Intermediates.noindex/StraboSpot2.build/Debug-iphonesimulator/StraboSpot2.build/Objects-normal/x86_64/StraboSpot2.abi.json (in target 'StraboSpot2' from project 'StraboSpot2')
    cd /Users/nathannovak/Development/Apps/StraboSpot2/ios
    builtin-copy -exclude .DS_Store -exclude CVS -exclude .svn -exclude .git -exclude .hg -resolve-src-symlinks -rename /Users/nathannovak/Library/Developer/Xcode/DerivedData/StraboSpot2-gztieqkdzpsbarfnoxqpkwxgfcqj/Build/Intermediates.noindex/StraboSpot2.build/Debug-iphonesimulator/StraboSpot2.build/Objects-normal/x86_64/StraboSpot2.abi.json /Users/nathannovak/Library/Developer/Xcode/DerivedData/StraboSpot2-gztieqkdzpsbarfnoxqpkwxgfcqj/Build/Products/Debug-iphonesimulator/StraboSpot2.swiftmodule/x86_64-apple-ios-simulator.abi.json

PhaseScriptExecution Bundle\ React\ Native\ code\ and\ images /Users/nathannovak/Library/Developer/Xcode/DerivedData/StraboSpot2-gztieqkdzpsbarfnoxqpkwxgfcqj/Build/Intermediates.noindex/StraboSpot2.build/Debug-iphonesimulator/StraboSpot2.build/Script-00DD1BFF1BD5951E006B06BC.sh (in target 'StraboSpot2' from project 'StraboSpot2')
    cd /Users/nathannovak/Development/Apps/StraboSpot2/ios
    export ACTION\=build
    export AD_HOC_CODE_SIGNING_ALLOWED\=YES
    export AGGREGATE_TRACKED_DOMAINS\=YES
    export ALLOW_BUILD_REQUEST_OVERRIDES\=NO
    export ALLOW_TARGET_PLATFORM_SPECIALIZATION\=NO
    export ALTERNATE_GROUP\=staff
    export ALTERNATE_MODE\=u+w,go-w,a+rX
    export ALTERNATE_OWNER\=nathannovak
    export ALTERNATIVE_DISTRIBUTION_WEB\=NO
    export ALWAYS_EMBED_SWIFT_STANDARD_LIBRARIES\=YES
    export ALWAYS_SEARCH_USER_PATHS\=NO
    export ALWAYS_USE_SEPARATE_HEADERMAPS\=NO
    export ANDROID_DEPLOYMENT_TARGET\=21.0
    export APPLICATION_EXTENSION_API_ONLY\=NO
    export APPLY_RULES_IN_COPY_FILES\=NO
    export APPLY_RULES_IN_COPY_HEADERS\=NO
    export APP_SHORTCUTS_ENABLE_FLEXIBLE_MATCHING\=YES
    export ARCHS\=x86_64
    export ARCHS_STANDARD\=arm64\ x86_64
    export ARCHS_STANDARD_32_64_BIT\=arm64\ x86_64
    export ARCHS_STANDARD_64_BIT\=arm64\ x86_64
    export ARCHS_STANDARD_INCLUDING_64_BIT\=arm64\ x86_64
    export ARCHS_UNIVERSAL_IPHONE_OS\=arm64\ x86_64
    export ASSETCATALOG_COMPILER_APPICON_NAME\=AppIcon
    export ASSETCATALOG_FILTER_FOR_DEVICE_MODEL\=iPad14,3-A
    export ASSETCATALOG_FILTER_FOR_DEVICE_OS_VERSION\=18.0
    export ASSETCATALOG_FILTER_FOR_THINNING_DEVICE_CONFIGURATION\=iPad14,3-A
    export AUTOMATICALLY_MERGE_DEPENDENCIES\=NO
    export AUTOMATION_APPLE_EVENTS\=NO
    export AVAILABLE_PLATFORMS\=android\ appletvos\ appletvsimulator\ driverkit\ iphoneos\ iphonesimulator\ macosx\ qnx\ watchos\ watchsimulator\ webassembly\ xros\ xrsimulator
    export AppIdentifierPrefix\=5CQY5S92XA.
    export BUILD_ACTIVE_RESOURCES_ONLY\=YES
    export BUILD_COMPONENTS\=headers\ build
    export BUILD_DIR\=/Users/nathannovak/Library/Developer/Xcode/DerivedData/StraboSpot2-gztieqkdzpsbarfnoxqpkwxgfcqj/Build/Products
    export BUILD_LIBRARY_FOR_DISTRIBUTION\=NO
    export BUILD_ROOT\=/Users/nathannovak/Library/Developer/Xcode/DerivedData/StraboSpot2-gztieqkdzpsbarfnoxqpkwxgfcqj/Build/Products
    export BUILD_STYLE\=
    export BUILD_VARIANTS\=normal
    export BUILT_PRODUCTS_DIR\=/Users/nathannovak/Library/Developer/Xcode/DerivedData/StraboSpot2-gztieqkdzpsbarfnoxqpkwxgfcqj/Build/Products/Debug-iphonesimulator
    export BUNDLE_CONTENTS_FOLDER_PATH_deep\=Contents/
    export BUNDLE_EXECUTABLE_FOLDER_NAME_deep\=MacOS
    export BUNDLE_EXTENSIONS_FOLDER_PATH\=Extensions
    export BUNDLE_FORMAT\=shallow
    export BUNDLE_FRAMEWORKS_FOLDER_PATH\=Frameworks
    export BUNDLE_PLUGINS_FOLDER_PATH\=PlugIns
    export BUNDLE_PRIVATE_HEADERS_FOLDER_PATH\=PrivateHeaders
    export BUNDLE_PUBLIC_HEADERS_FOLDER_PATH\=Headers
    export CACHE_ROOT\=/var/folders/pj/76qzdyzd0077fjwvf34jpht00000gn/C/com.apple.DeveloperTools/26.0.1-17A400/Xcode
    export CCHROOT\=/var/folders/pj/76qzdyzd0077fjwvf34jpht00000gn/C/com.apple.DeveloperTools/26.0.1-17A400/Xcode
    export CHMOD\=/bin/chmod
    export CHOWN\=/usr/sbin/chown
    export CLANG_ANALYZER_LOCALIZABILITY_NONLOCALIZED\=YES
    export CLANG_CACHE_FINE_GRAINED_OUTPUTS\=YES
    export CLANG_CXX_LANGUAGE_STANDARD\=c++20
    export CLANG_CXX_LIBRARY\=libc++
    export CLANG_ENABLE_EXPLICIT_MODULES\=YES
    export CLANG_ENABLE_MODULES\=YES
    export CLANG_ENABLE_OBJC_ARC\=YES
    export CLANG_MODULES_BUILD_SESSION_FILE\=/Users/nathannovak/Library/Developer/Xcode/DerivedData/ModuleCache.noindex/Session.modulevalidation
    export CLANG_WARN_BLOCK_CAPTURE_AUTORELEASING\=YES
    export CLANG_WARN_BOOL_CONVERSION\=YES
    export CLANG_WARN_COMMA\=YES
    export CLANG_WARN_CONSTANT_CONVERSION\=YES
    export CLANG_WARN_DEPRECATED_OBJC_IMPLEMENTATIONS\=YES
    export CLANG_WARN_DIRECT_OBJC_ISA_USAGE\=YES_ERROR
    export CLANG_WARN_EMPTY_BODY\=YES
    export CLANG_WARN_ENUM_CONVERSION\=YES
    export CLANG_WARN_INFINITE_RECURSION\=YES
    export CLANG_WARN_INT_CONVERSION\=YES
    export CLANG_WARN_NON_LITERAL_NULL_CONVERSION\=YES
    export CLANG_WARN_OBJC_IMPLICIT_RETAIN_SELF\=YES
    export CLANG_WARN_OBJC_LITERAL_CONVERSION\=YES
    export CLANG_WARN_OBJC_ROOT_CLASS\=YES_ERROR
    export CLANG_WARN_QUOTED_INCLUDE_IN_FRAMEWORK_HEADER\=NO
    export CLANG_WARN_RANGE_LOOP_ANALYSIS\=YES
    export CLANG_WARN_STRICT_PROTOTYPES\=YES
    export CLANG_WARN_SUSPICIOUS_MOVE\=YES
    export CLANG_WARN_UNREACHABLE_CODE\=YES
    export CLANG_WARN__DUPLICATE_METHOD_MATCH\=YES
    export CLASS_FILE_DIR\=/Users/nathannovak/Library/Developer/Xcode/DerivedData/StraboSpot2-gztieqkdzpsbarfnoxqpkwxgfcqj/Build/Intermediates.noindex/StraboSpot2.build/Debug-iphonesimulator/StraboSpot2.build/JavaClasses
    export CLEAN_PRECOMPS\=YES
    export CLONE_HEADERS\=NO
    export CODESIGNING_FOLDER_PATH\=/Users/nathannovak/Library/Developer/Xcode/DerivedData/StraboSpot2-gztieqkdzpsbarfnoxqpkwxgfcqj/Build/Products/Debug-iphonesimulator/StraboSpot2.app
    export CODE_SIGNING_ALLOWED\=YES
    export CODE_SIGNING_REQUIRED\=YES
    export CODE_SIGN_CONTEXT_CLASS\=XCiPhoneSimulatorCodeSignContext
    export CODE_SIGN_IDENTITY\=-
    export CODE_SIGN_INJECT_BASE_ENTITLEMENTS\=YES
    export COLOR_DIAGNOSTICS\=NO
    export COMBINE_HIDPI_IMAGES\=NO
    export COMPILATION_CACHE_CAS_PATH\=/Users/nathannovak/Library/Developer/Xcode/DerivedData/CompilationCache.noindex
    export COMPILATION_CACHE_KEEP_CAS_DIRECTORY\=YES
    export COMPILER_INDEX_STORE_ENABLE\=Default
    export COMPOSITE_SDK_DIRS\=/Users/nathannovak/Library/Developer/Xcode/DerivedData/StraboSpot2-gztieqkdzpsbarfnoxqpkwxgfcqj/Build/Intermediates.noindex/CompositeSDKs
    export COMPRESS_PNG_FILES\=YES
    export CONFIGURATION\=Debug
    export CONFIGURATION_BUILD_DIR\=/Users/nathannovak/Library/Developer/Xcode/DerivedData/StraboSpot2-gztieqkdzpsbarfnoxqpkwxgfcqj/Build/Products/Debug-iphonesimulator
    export CONFIGURATION_TEMP_DIR\=/Users/nathannovak/Library/Developer/Xcode/DerivedData/StraboSpot2-gztieqkdzpsbarfnoxqpkwxgfcqj/Build/Intermediates.noindex/StraboSpot2.build/Debug-iphonesimulator
    export CONTENTS_FOLDER_PATH\=StraboSpot2.app
    export CONTENTS_FOLDER_PATH_SHALLOW_BUNDLE_NO\=StraboSpot2.app/Contents
    export CONTENTS_FOLDER_PATH_SHALLOW_BUNDLE_YES\=StraboSpot2.app
    export COPYING_PRESERVES_HFS_DATA\=NO
    export COPY_HEADERS_RUN_UNIFDEF\=NO
    export COPY_PHASE_STRIP\=NO
    export CORRESPONDING_DEVICE_PLATFORM_DIR\=/Applications/Xcode.app/Contents/Developer/Platforms/iPhoneOS.platform
    export CORRESPONDING_DEVICE_PLATFORM_NAME\=iphoneos
    export CORRESPONDING_DEVICE_SDK_DIR\=/Applications/Xcode.app/Contents/Developer/Platforms/iPhoneOS.platform/Developer/SDKs/iPhoneOS26.0.sdk
    export CORRESPONDING_DEVICE_SDK_NAME\=iphoneos26.0
    export CP\=/bin/cp
    export CREATE_INFOPLIST_SECTION_IN_BINARY\=NO
    export CURRENT_ARCH\=undefined_arch
    export CURRENT_PROJECT_VERSION\=150
    export CURRENT_VARIANT\=normal
    export DEAD_CODE_STRIPPING\=YES
    export DEBUGGING_SYMBOLS\=YES
    export DEBUG_INFORMATION_FORMAT\=dwarf-with-dsym
    export DEBUG_INFORMATION_VERSION\=compiler-default
    export DEFAULT_COMPILER\=com.apple.compilers.llvm.clang.1_0
    export DEFAULT_DEXT_INSTALL_PATH\=/System/Library/DriverExtensions
    export DEFAULT_KEXT_INSTALL_PATH\=/System/Library/Extensions
    export DEFINES_MODULE\=NO
    export DEPLOYMENT_LOCATION\=NO
    export DEPLOYMENT_POSTPROCESSING\=NO
    export DEPLOYMENT_TARGET_SETTING_NAME\=IPHONEOS_DEPLOYMENT_TARGET
    export DEPLOYMENT_TARGET_SUGGESTED_VALUES\=12.0\ 12.1\ 12.2\ 12.3\ 12.4\ 13.0\ 13.1\ 13.2\ 13.3\ 13.4\ 13.5\ 13.6\ 14.0\ 14.1\ 14.2\ 14.3\ 14.4\ 14.5\ 14.6\ 14.7\ 15.0\ 15.1\ 15.2\ 15.3\ 15.4\ 15.5\ 15.6\ 16.0\ 16.1\ 16.2\ 16.3\ 16.4\ 16.5\ 16.6\ 17.0\ 17.1\ 17.2\ 17.3\ 17.4\ 17.5\ 17.6\ 18.0\ 18.1\ 18.2\ 18.3\ 18.4\ 18.5\ 18.6\ 26.0
    export DERIVED_FILES_DIR\=/Users/nathannovak/Library/Developer/Xcode/DerivedData/StraboSpot2-gztieqkdzpsbarfnoxqpkwxgfcqj/Build/Intermediates.noindex/StraboSpot2.build/Debug-iphonesimulator/StraboSpot2.build/DerivedSources
    export DERIVED_FILE_DIR\=/Users/nathannovak/Library/Developer/Xcode/DerivedData/StraboSpot2-gztieqkdzpsbarfnoxqpkwxgfcqj/Build/Intermediates.noindex/StraboSpot2.build/Debug-iphonesimulator/StraboSpot2.build/DerivedSources
    export DERIVED_SOURCES_DIR\=/Users/nathannovak/Library/Developer/Xcode/DerivedData/StraboSpot2-gztieqkdzpsbarfnoxqpkwxgfcqj/Build/Intermediates.noindex/StraboSpot2.build/Debug-iphonesimulator/StraboSpot2.build/DerivedSources
    export DEVELOPER_APPLICATIONS_DIR\=/Applications/Xcode.app/Contents/Developer/Applications
    export DEVELOPER_BIN_DIR\=/Applications/Xcode.app/Contents/Developer/usr/bin
    export DEVELOPER_DIR\=/Applications/Xcode.app/Contents/Developer
    export DEVELOPER_FRAMEWORKS_DIR\=/Applications/Xcode.app/Contents/Developer/Library/Frameworks
    export DEVELOPER_FRAMEWORKS_DIR_QUOTED\=/Applications/Xcode.app/Contents/Developer/Library/Frameworks
    export DEVELOPER_LIBRARY_DIR\=/Applications/Xcode.app/Contents/Developer/Library
    export DEVELOPER_SDK_DIR\=/Applications/Xcode.app/Contents/Developer/Platforms/MacOSX.platform/Developer/SDKs
    export DEVELOPER_TOOLS_DIR\=/Applications/Xcode.app/Contents/Developer/Tools
    export DEVELOPER_USR_DIR\=/Applications/Xcode.app/Contents/Developer/usr
    export DEVELOPMENT_LANGUAGE\=en
    export DEVELOPMENT_TEAM\=5CQY5S92XA
    export DIAGNOSE_MISSING_TARGET_DEPENDENCIES\=YES
    export DIFF\=/usr/bin/diff
    export DOCUMENTATION_FOLDER_PATH\=StraboSpot2.app/en.lproj/Documentation
    export DONT_GENERATE_INFOPLIST_FILE\=NO
    export DSTROOT\=/tmp/StraboSpot2.dst
    export DT_TOOLCHAIN_DIR\=/Applications/Xcode.app/Contents/Developer/Toolchains/XcodeDefault.xctoolchain
    export DWARF_DSYM_FILE_NAME\=StraboSpot2.app.dSYM
    export DWARF_DSYM_FILE_SHOULD_ACCOMPANY_PRODUCT\=NO
    export DWARF_DSYM_FOLDER_PATH\=/Users/nathannovak/Library/Developer/Xcode/DerivedData/StraboSpot2-gztieqkdzpsbarfnoxqpkwxgfcqj/Build/Products/Debug-iphonesimulator
    export DYNAMIC_LIBRARY_EXTENSION\=dylib
    export EAGER_COMPILATION_ALLOW_SCRIPTS\=NO
    export EAGER_LINKING\=NO
    export EFFECTIVE_PLATFORM_NAME\=-iphonesimulator
    export EMBEDDED_CONTENT_CONTAINS_SWIFT\=NO
    export EMBED_ASSET_PACKS_IN_PRODUCT_BUNDLE\=NO
    export ENABLE_APP_SANDBOX\=NO
    export ENABLE_BITCODE\=NO
    export ENABLE_CODE_COVERAGE\=YES
    export ENABLE_CPLUSPLUS_BOUNDS_SAFE_BUFFERS\=NO
    export ENABLE_C_BOUNDS_SAFETY\=NO
    export ENABLE_DEBUG_DYLIB\=YES
    export ENABLE_DEFAULT_HEADER_SEARCH_PATHS\=YES
    export ENABLE_DEFAULT_SEARCH_PATHS\=YES
    export ENABLE_ENHANCED_SECURITY\=NO
    export ENABLE_HARDENED_RUNTIME\=NO
    export ENABLE_HEADER_DEPENDENCIES\=YES
    export ENABLE_INCOMING_NETWORK_CONNECTIONS\=NO
    export ENABLE_ON_DEMAND_RESOURCES\=YES
    export ENABLE_OUTGOING_NETWORK_CONNECTIONS\=NO
    export ENABLE_POINTER_AUTHENTICATION\=NO
    export ENABLE_PREVIEWS\=NO
    export ENABLE_RESOURCE_ACCESS_AUDIO_INPUT\=NO
    export ENABLE_RESOURCE_ACCESS_BLUETOOTH\=NO
    export ENABLE_RESOURCE_ACCESS_CALENDARS\=NO
    export ENABLE_RESOURCE_ACCESS_CAMERA\=NO
    export ENABLE_RESOURCE_ACCESS_CONTACTS\=NO
    export ENABLE_RESOURCE_ACCESS_LOCATION\=NO
    export ENABLE_RESOURCE_ACCESS_PHOTO_LIBRARY\=NO
    export ENABLE_RESOURCE_ACCESS_PRINTING\=NO
    export ENABLE_RESOURCE_ACCESS_USB\=NO
    export ENABLE_SDK_IMPORTS\=NO
    export ENABLE_SECURITY_COMPILER_WARNINGS\=NO
    export ENABLE_STRICT_OBJC_MSGSEND\=YES
    export ENABLE_TESTABILITY\=YES
    export ENABLE_TESTING_SEARCH_PATHS\=NO
    export ENABLE_USER_SCRIPT_SANDBOXING\=NO
    export ENABLE_XOJIT_PREVIEWS\=YES
    export ENFORCE_VALID_ARCHS\=YES
    export ENTITLEMENTS_ALLOWED\=NO
    export ENTITLEMENTS_DESTINATION\=__entitlements
    export ENTITLEMENTS_REQUIRED\=NO
    export EXCLUDED_ARCHS\=i386
    export EXCLUDED_INSTALLSRC_SUBDIRECTORY_PATTERNS\=.DS_Store\ .svn\ .git\ .hg\ CVS
    export EXCLUDED_RECURSIVE_SEARCH_PATH_SUBDIRECTORIES\=\*.nib\ \*.lproj\ \*.framework\ \*.gch\ \*.xcode\*\ \*.xcassets\ \*.icon\ \(\*\)\ .DS_Store\ CVS\ .svn\ .git\ .hg\ \*.pbproj\ \*.pbxproj
    export EXECUTABLES_FOLDER_PATH\=StraboSpot2.app/Executables
    export EXECUTABLE_BLANK_INJECTION_DYLIB_PATH\=StraboSpot2.app/__preview.dylib
    export EXECUTABLE_DEBUG_DYLIB_INSTALL_NAME\=@rpath/StraboSpot2.debug.dylib
    export EXECUTABLE_DEBUG_DYLIB_PATH\=StraboSpot2.app/StraboSpot2.debug.dylib
    export EXECUTABLE_FOLDER_PATH\=StraboSpot2.app
    export EXECUTABLE_FOLDER_PATH_SHALLOW_BUNDLE_NO\=StraboSpot2.app/MacOS
    export EXECUTABLE_FOLDER_PATH_SHALLOW_BUNDLE_YES\=StraboSpot2.app
    export EXECUTABLE_NAME\=StraboSpot2
    export EXECUTABLE_PATH\=StraboSpot2.app/StraboSpot2
    export EXPANDED_CODE_SIGN_IDENTITY\=-
    export EXPANDED_CODE_SIGN_IDENTITY_NAME\=Sign\ to\ Run\ Locally
    export EXTENSIONS_FOLDER_PATH\=StraboSpot2.app/Extensions
    export FILE_LIST\=/Users/nathannovak/Library/Developer/Xcode/DerivedData/StraboSpot2-gztieqkdzpsbarfnoxqpkwxgfcqj/Build/Intermediates.noindex/StraboSpot2.build/Debug-iphonesimulator/StraboSpot2.build/Objects/LinkFileList
    export FIXED_FILES_DIR\=/Users/nathannovak/Library/Developer/Xcode/DerivedData/StraboSpot2-gztieqkdzpsbarfnoxqpkwxgfcqj/Build/Intermediates.noindex/StraboSpot2.build/Debug-iphonesimulator/StraboSpot2.build/FixedFiles
    export FRAMEWORKS_FOLDER_PATH\=StraboSpot2.app/Frameworks
    export FRAMEWORK_FLAG_PREFIX\=-framework
    export FRAMEWORK_SEARCH_PATHS\=/Users/nathannovak/Library/Developer/Xcode/DerivedData/StraboSpot2-gztieqkdzpsbarfnoxqpkwxgfcqj/Build/Products/Debug-iphonesimulator\ \ \"/Users/nathannovak/Library/Developer/Xcode/DerivedData/StraboSpot2-gztieqkdzpsbarfnoxqpkwxgfcqj/Build/Products/Debug-iphonesimulator/MapboxMaps\"\ \"/Users/nathannovak/Library/Developer/Xcode/DerivedData/StraboSpot2-gztieqkdzpsbarfnoxqpkwxgfcqj/Build/Products/Debug-iphonesimulator/Turf\"\ \"/Users/nathannovak/Development/Apps/StraboSpot2/ios/Pods/MapboxCommon\"\ \"/Users/nathannovak/Development/Apps/StraboSpot2/ios/Pods/MapboxCoreMaps\"\ \"/Users/nathannovak/Development/Apps/StraboSpot2/ios/Pods/MapboxMobileEvents\"\ \"/Users/nathannovak/Development/Apps/StraboSpot2/ios/Pods/hermes-engine/destroot/Library/Frameworks/universal\"\ \"/Users/nathannovak/Library/Developer/Xcode/DerivedData/StraboSpot2-gztieqkdzpsbarfnoxqpkwxgfcqj/Build/Products/Debug-iphonesimulator/XCFrameworkIntermediates/MapboxCommon\"\ \"/Users/nathannovak/Library/Developer/Xcode/DerivedData/StraboSpot2-gztieqkdzpsbarfnoxqpkwxgfcqj/Build/Products/Debug-iphonesimulator/XCFrameworkIntermediates/MapboxCoreMaps\"\ \"/Users/nathannovak/Library/Developer/Xcode/DerivedData/StraboSpot2-gztieqkdzpsbarfnoxqpkwxgfcqj/Build/Products/Debug-iphonesimulator/XCFrameworkIntermediates/MapboxMobileEvents\"\ \"/Users/nathannovak/Library/Developer/Xcode/DerivedData/StraboSpot2-gztieqkdzpsbarfnoxqpkwxgfcqj/Build/Products/Debug-iphonesimulator/XCFrameworkIntermediates/hermes-engine/Pre-built\"
    export FRAMEWORK_VERSION\=A
    export FULL_PRODUCT_NAME\=StraboSpot2.app
    export FUSE_BUILD_PHASES\=YES
    export FUSE_BUILD_SCRIPT_PHASES\=NO
    export GCC3_VERSION\=3.3
    export GCC_C_LANGUAGE_STANDARD\=gnu99
    export GCC_DYNAMIC_NO_PIC\=NO
    export GCC_INLINES_ARE_PRIVATE_EXTERN\=YES
    export GCC_NO_COMMON_BLOCKS\=YES
    export GCC_OBJC_LEGACY_DISPATCH\=YES
    export GCC_OPTIMIZATION_LEVEL\=0
    export GCC_PFE_FILE_C_DIALECTS\=c\ objective-c\ c++\ objective-c++
    export GCC_PREPROCESSOR_DEFINITIONS\=DEBUG\=1\ \ COCOAPODS\=1
    export GCC_SYMBOLS_PRIVATE_EXTERN\=NO
    export GCC_TREAT_WARNINGS_AS_ERRORS\=NO
    export GCC_VERSION\=com.apple.compilers.llvm.clang.1_0
    export GCC_VERSION_IDENTIFIER\=com_apple_compilers_llvm_clang_1_0
    export GCC_WARN_64_TO_32_BIT_CONVERSION\=YES
    export GCC_WARN_ABOUT_RETURN_TYPE\=YES_ERROR
    export GCC_WARN_UNDECLARED_SELECTOR\=YES
    export GCC_WARN_UNINITIALIZED_AUTOS\=YES_AGGRESSIVE
    export GCC_WARN_UNUSED_FUNCTION\=YES
    export GCC_WARN_UNUSED_VARIABLE\=YES
    export GENERATED_MODULEMAP_DIR\=/Users/nathannovak/Library/Developer/Xcode/DerivedData/StraboSpot2-gztieqkdzpsbarfnoxqpkwxgfcqj/Build/Intermediates.noindex/GeneratedModuleMaps-iphonesimulator
    export GENERATE_INFOPLIST_FILE\=NO
    export GENERATE_INTERMEDIATE_TEXT_BASED_STUBS\=YES
    export GENERATE_PKGINFO_FILE\=YES
    export GENERATE_PRELINK_OBJECT_FILE\=NO
    export GENERATE_PROFILING_CODE\=NO
    export GENERATE_TEXT_BASED_STUBS\=NO
    export GID\=20
    export GROUP\=staff
    export HEADERMAP_INCLUDES_FLAT_ENTRIES_FOR_TARGET_BEING_BUILT\=YES
    export HEADERMAP_INCLUDES_FRAMEWORK_ENTRIES_FOR_ALL_PRODUCT_TYPES\=YES
    export HEADERMAP_INCLUDES_FRAMEWORK_ENTRIES_FOR_TARGETS_NOT_BEING_BUILT\=YES
    export HEADERMAP_INCLUDES_NONPUBLIC_NONPRIVATE_HEADERS\=YES
    export HEADERMAP_INCLUDES_PROJECT_HEADERS\=YES
    export HEADERMAP_USES_FRAMEWORK_PREFIX_ENTRIES\=YES
    export HEADERMAP_USES_VFS\=NO
    export HEADER_SEARCH_PATHS\=/Users/nathannovak/Library/Developer/Xcode/DerivedData/StraboSpot2-gztieqkdzpsbarfnoxqpkwxgfcqj/Build/Products/Debug-iphonesimulator/include\ \ \"/Users/nathannovak/Library/Developer/Xcode/DerivedData/StraboSpot2-gztieqkdzpsbarfnoxqpkwxgfcqj/Build/Products/Debug-iphonesimulator/MapboxMaps/MapboxMaps.framework/Headers\"\ \"/Users/nathannovak/Library/Developer/Xcode/DerivedData/StraboSpot2-gztieqkdzpsbarfnoxqpkwxgfcqj/Build/Products/Debug-iphonesimulator/Turf/Turf.framework/Headers\"\ \"/Users/nathannovak/Development/Apps/StraboSpot2/ios/Pods/Headers/Public\"\ \"/Users/nathannovak/Development/Apps/StraboSpot2/ios/Pods/Headers/Public/DoubleConversion\"\ \"/Users/nathannovak/Development/Apps/StraboSpot2/ios/Pods/Headers/Public/EXConstants\"\ \"/Users/nathannovak/Development/Apps/StraboSpot2/ios/Pods/Headers/Public/EXJSONUtils\"\ \"/Users/nathannovak/Development/Apps/StraboSpot2/ios/Pods/Headers/Public/EXStructuredHeaders\"\ \"/Users/nathannovak/Development/Apps/StraboSpot2/ios/Pods/Headers/Public/EXUpdates\"\ \"/Users/nathannovak/Development/Apps/StraboSpot2/ios/Pods/Headers/Public/Expo\"\ \"/Users/nathannovak/Development/Apps/StraboSpot2/ios/Pods/Headers/Public/ExpoFileSystem\"\ \"/Users/nathannovak/Development/Apps/StraboSpot2/ios/Pods/Headers/Public/ExpoModulesCore\"\ \"/Users/nathannovak/Development/Apps/StraboSpot2/ios/Pods/Headers/Public/FBLazyVector\"\ \"/Users/nathannovak/Development/Apps/StraboSpot2/ios/Pods/Headers/Public/RCT-Folly\"\ \"/Users/nathannovak/Development/Apps/StraboSpot2/ios/Pods/Headers/Public/RCTDeprecation\"\ \"/Users/nathannovak/Development/Apps/StraboSpot2/ios/Pods/Headers/Public/RCTRequired\"\ \"/Users/nathannovak/Development/Apps/StraboSpot2/ios/Pods/Headers/Public/RCTTypeSafety\"\ \"/Users/nathannovak/Development/Apps/StraboSpot2/ios/Pods/Headers/Public/RNCAsyncStorage\"\ \"/Users/nathannovak/Development/Apps/StraboSpot2/ios/Pods/Headers/Public/RNCClipboard\"\ \"/Users/nathannovak/Development/Apps/StraboSpot2/ios/Pods/Headers/Public/RNCPicker\"\ \"/Users/nathannovak/Development/Apps/StraboSpot2/ios/Pods/Headers/Public/RNDateTimePicker\"\ \"/Users/nathannovak/Development/Apps/StraboSpot2/ios/Pods/Headers/Public/RNDeviceInfo\"\ \"/Users/nathannovak/Development/Apps/StraboSpot2/ios/Pods/Headers/Public/RNFS\"\ \"/Users/nathannovak/Development/Apps/StraboSpot2/ios/Pods/Headers/Public/RNGestureHandler\"\ \"/Users/nathannovak/Development/Apps/StraboSpot2/ios/Pods/Headers/Public/RNReanimated\"\ \"/Users/nathannovak/Development/Apps/StraboSpot2/ios/Pods/Headers/Public/RNScreens\"\ \"/Users/nathannovak/Development/Apps/StraboSpot2/ios/Pods/Headers/Public/RNSensors\"\ \"/Users/nathannovak/Development/Apps/StraboSpot2/ios/Pods/Headers/Public/RNSentry\"\ \"/Users/nathannovak/Development/Apps/StraboSpot2/ios/Pods/Headers/Public/RNSketchCanvas\"\ \"/Users/nathannovak/Development/Apps/StraboSpot2/ios/Pods/Headers/Public/RNSoundPlayer\"\ \"/Users/nathannovak/Development/Apps/StraboSpot2/ios/Pods/Headers/Public/RNVectorIcons\"\ \"/Users/nathannovak/Development/Apps/StraboSpot2/ios/Pods/Headers/Public/RNZipArchive\"\ \"/Users/nathannovak/Development/Apps/StraboSpot2/ios/Pods/Headers/Public/React-Core\"\ \"/Users/nathannovak/Development/Apps/StraboSpot2/ios/Pods/Headers/Public/React-Fabric\"\ \"/Users/nathannovak/Development/Apps/StraboSpot2/ios/Pods/Headers/Public/React-FabricComponents\"\ \"/Users/nathannovak/Development/Apps/StraboSpot2/ios/Pods/Headers/Public/React-FabricImage\"\ \"/Users/nathannovak/Development/Apps/StraboSpot2/ios/Pods/Headers/Public/React-ImageManager\"\ \"/Users/nathannovak/Development/Apps/StraboSpot2/ios/Pods/Headers/Public/React-Mapbuffer\"\ \"/Users/nathannovak/Development/Apps/StraboSpot2/ios/Pods/Headers/Public/React-NativeModulesApple\"\ \"/Users/nathannovak/Development/Apps/StraboSpot2/ios/Pods/Headers/Public/React-RCTAnimation\"\ \"/Users/nathannovak/Development/Apps/StraboSpot2/ios/Pods/Headers/Public/React-RCTAppDelegate\"\ \"/Users/nathannovak/Development/Apps/StraboSpot2/ios/Pods/Headers/Public/React-RCTBlob\"\ \"/Users/nathannovak/Development/Apps/StraboSpot2/ios/Pods/Headers/Public/React-RCTFBReactNativeSpec\"\ \"/Users/nathannovak/Development/Apps/StraboSpot2/ios/Pods/Headers/Public/React-RCTFabric\"\ \"/Users/nathannovak/Development/Apps/StraboSpot2/ios/Pods/Headers/Public/React-RCTRuntime\"\ \"/Users/nathannovak/Development/Apps/StraboSpot2/ios/Pods/Headers/Public/React-RCTText\"\ \"/Users/nathannovak/Development/Apps/StraboSpot2/ios/Pods/Headers/Public/React-RuntimeApple\"\ \"/Users/nathannovak/Development/Apps/StraboSpot2/ios/Pods/Headers/Public/React-RuntimeCore\"\ \"/Users/nathannovak/Development/Apps/StraboSpot2/ios/Pods/Headers/Public/React-RuntimeHermes\"\ \"/Users/nathannovak/Development/Apps/StraboSpot2/ios/Pods/Headers/Public/React-callinvoker\"\ \"/Users/nathannovak/Development/Apps/StraboSpot2/ios/Pods/Headers/Public/React-cxxreact\"\ \"/Users/nathannovak/Development/Apps/StraboSpot2/ios/Pods/Headers/Public/React-debug\"\ \"/Users/nathannovak/Development/Apps/StraboSpot2/ios/Pods/Headers/Public/React-defaultsnativemodule\"\ \"/Users/nathannovak/Development/Apps/StraboSpot2/ios/Pods/Headers/Public/React-domnativemodule\"\ \"/Users/nathannovak/Development/Apps/StraboSpot2/ios/Pods/Headers/Public/React-featureflags\"\ \"/Users/nathannovak/Development/Apps/StraboSpot2/ios/Pods/Headers/Public/React-featureflagsnativemodule\"\ \"/Users/nathannovak/Development/Apps/StraboSpot2/ios/Pods/Headers/Public/React-graphics\"\ \"/Users/nathannovak/Development/Apps/StraboSpot2/ios/Pods/Headers/Public/React-hermes\"\ \"/Users/nathannovak/Development/Apps/StraboSpot2/ios/Pods/Headers/Public/React-idlecallbacksnativemodule\"\ \"/Users/nathannovak/Development/Apps/StraboSpot2/ios/Pods/Headers/Public/React-jserrorhandler\"\ \"/Users/nathannovak/Development/Apps/StraboSpot2/ios/Pods/Headers/Public/React-jsi\"\ \"/Users/nathannovak/Development/Apps/StraboSpot2/ios/Pods/Headers/Public/React-jsiexecutor\"\ \"/Users/nathannovak/Development/Apps/StraboSpot2/ios/Pods/Headers/Public/React-jsinspector\"\ \"/Users/nathannovak/Development/Apps/StraboSpot2/ios/Pods/Headers/Public/React-jsinspectortracing\"\ \"/Users/nathannovak/Development/Apps/StraboSpot2/ios/Pods/Headers/Public/React-jsitooling\"\ \"/Users/nathannovak/Development/Apps/StraboSpot2/ios/Pods/Headers/Public/React-logger\"\ \"/Users/nathannovak/Development/Apps/StraboSpot2/ios/Pods/Headers/Public/React-microtasksnativemodule\"\ \"/Users/nathannovak/Development/Apps/StraboSpot2/ios/Pods/Headers/Public/React-oscompat\"\ \"/Users/nathannovak/Development/Apps/StraboSpot2/ios/Pods/Headers/Public/React-perflogger\"\ \"/Users/nathannovak/Development/Apps/StraboSpot2/ios/Pods/Headers/Public/React-performancetimeline\"\ \"/Users/nathannovak/Development/Apps/StraboSpot2/ios/Pods/Headers/Public/React-rendererconsistency\"\ \"/Users/nathannovak/Development/Apps/StraboSpot2/ios/Pods/Headers/Public/React-renderercss\"\ \"/Users/nathannovak/Development/Apps/StraboSpot2/ios/Pods/Headers/Public/React-rendererdebug\"\ \"/Users/nathannovak/Development/Apps/StraboSpot2/ios/Pods/Headers/Public/React-runtimeexecutor\"\ \"/Users/nathannovak/Development/Apps/StraboSpot2/ios/Pods/Headers/Public/React-runtimescheduler\"\ \"/Users/nathannovak/Development/Apps/StraboSpot2/ios/Pods/Headers/Public/React-timing\"\ \"/Users/nathannovak/Development/Apps/StraboSpot2/ios/Pods/Headers/Public/React-utils\"\ \"/Users/nathannovak/Development/Apps/StraboSpot2/ios/Pods/Headers/Public/ReactAppDependencyProvider\"\ \"/Users/nathannovak/Development/Apps/StraboSpot2/ios/Pods/Headers/Public/ReactCodegen\"\ \"/Users/nathannovak/Development/Apps/StraboSpot2/ios/Pods/Headers/Public/ReactCommon\"\ \"/Users/nathannovak/Development/Apps/StraboSpot2/ios/Pods/Headers/Public/ReactNativeKeyboardManager\"\ \"/Users/nathannovak/Development/Apps/StraboSpot2/ios/Pods/Headers/Public/SSZipArchive\"\ \"/Users/nathannovak/Development/Apps/StraboSpot2/ios/Pods/Headers/Public/Sentry\"\ \"/Users/nathannovak/Development/Apps/StraboSpot2/ios/Pods/Headers/Public/SocketRocket\"\ \"/Users/nathannovak/Development/Apps/StraboSpot2/ios/Pods/Headers/Public/Yoga\"\ \"/Users/nathannovak/Development/Apps/StraboSpot2/ios/Pods/Headers/Public/boost\"\ \"/Users/nathannovak/Development/Apps/StraboSpot2/ios/Pods/Headers/Public/fast_float\"\ \"/Users/nathannovak/Development/Apps/StraboSpot2/ios/Pods/Headers/Public/fmt\"\ \"/Users/nathannovak/Development/Apps/StraboSpot2/ios/Pods/Headers/Public/glog\"\ \"/Users/nathannovak/Development/Apps/StraboSpot2/ios/Pods/Headers/Public/hermes-engine\"\ \"/Users/nathannovak/Development/Apps/StraboSpot2/ios/Pods/Headers/Public/lottie-react-native\"\ \"/Users/nathannovak/Development/Apps/StraboSpot2/ios/Pods/Headers/Public/react-native-blob-util\"\ \"/Users/nathannovak/Development/Apps/StraboSpot2/ios/Pods/Headers/Public/react-native-document-picker\"\ \"/Users/nathannovak/Development/Apps/StraboSpot2/ios/Pods/Headers/Public/react-native-geolocation\"\ \"/Users/nathannovak/Development/Apps/StraboSpot2/ios/Pods/Headers/Public/react-native-get-random-values\"\ \"/Users/nathannovak/Development/Apps/StraboSpot2/ios/Pods/Headers/Public/react-native-image-picker\"\ \"/Users/nathannovak/Development/Apps/StraboSpot2/ios/Pods/Headers/Public/react-native-image-resizer\"\ \"/Users/nathannovak/Development/Apps/StraboSpot2/ios/Pods/Headers/Public/react-native-keep-awake\"\ \"/Users/nathannovak/Development/Apps/StraboSpot2/ios/Pods/Headers/Public/react-native-netinfo\"\ \"/Users/nathannovak/Development/Apps/StraboSpot2/ios/Pods/Headers/Public/react-native-orientation-director\"\ \"/Users/nathannovak/Development/Apps/StraboSpot2/ios/Pods/Headers/Public/react-native-pager-view\"\ \"/Users/nathannovak/Development/Apps/StraboSpot2/ios/Pods/Headers/Public/react-native-pdf\"\ \"/Users/nathannovak/Development/Apps/StraboSpot2/ios/Pods/Headers/Public/react-native-safe-area-context\"\ \"/Users/nathannovak/Development/Apps/StraboSpot2/ios/Pods/Headers/Public/react-native-slider\"\ \"/Users/nathannovak/Development/Apps/StraboSpot2/ios/Pods/Headers/Public/rnmapbox-maps\"\ \"/Users/nathannovak/Development/Apps/StraboSpot2/ios/Pods/DoubleConversion\"\ \"/Users/nathannovak/Library/Developer/Xcode/DerivedData/StraboSpot2-gztieqkdzpsbarfnoxqpkwxgfcqj/Build/Products/Debug-iphonesimulator/EXManifests/Swift\ Compatibility\ Header\"\ \"/Users/nathannovak/Library/Developer/Xcode/DerivedData/StraboSpot2-gztieqkdzpsbarfnoxqpkwxgfcqj/Build/Products/Debug-iphonesimulator/EXUpdates/Swift\ Compatibility\ Header\"\ \"/Users/nathannovak/Library/Developer/Xcode/DerivedData/StraboSpot2-gztieqkdzpsbarfnoxqpkwxgfcqj/Build/Products/Debug-iphonesimulator/EXUpdatesInterface/Swift\ Compatibility\ Header\"\ \"/Users/nathannovak/Library/Developer/Xcode/DerivedData/StraboSpot2-gztieqkdzpsbarfnoxqpkwxgfcqj/Build/Products/Debug-iphonesimulator/Expo/Swift\ Compatibility\ Header\"\ \"/Users/nathannovak/Development/Apps/StraboSpot2/ios/Pods/Headers/Private/Yoga\"\ \"/Users/nathannovak/Library/Developer/Xcode/DerivedData/StraboSpot2-gztieqkdzpsbarfnoxqpkwxgfcqj/Build/Products/Debug-iphonesimulator/ExpoModulesCore/Swift\ Compatibility\ Header\"\ \"/Users/nathannovak/Development/Apps/StraboSpot2/ios/Pods/Headers/Private/Yoga\"\ \"/Users/nathannovak/Development/Apps/StraboSpot2/ios/Pods/boost\"\ \"/Users/nathannovak/Development/Apps/StraboSpot2/ios/Pods/boost\"\ \"/Users/nathannovak/Development/Apps/StraboSpot2/ios/Pods/boost-for-react-native\"\ \"/Users/nathannovak/Development/Apps/StraboSpot2/ios/Pods/glog\"\ \"/Users/nathannovak/Development/Apps/StraboSpot2/ios/Pods/RCT-Folly\"\ \"/Users/nathannovak/Development/Apps/StraboSpot2/ios/Pods/Headers/Public/React-hermes\"\ \"/Users/nathannovak/Development/Apps/StraboSpot2/ios/Pods/Headers/Public/hermes-engine\"\ \"/Users/nathannovak/Development/Apps/StraboSpot2/ios/Pods/../../node_modules/react-native/ReactCommon\"\ \"/Users/nathannovak/Development/Apps/StraboSpot2/ios/Pods/../../node_modules/react-native-reanimated/apple\"\ \"/Users/nathannovak/Development/Apps/StraboSpot2/ios/Pods/../../node_modules/react-native-reanimated/Common/cpp\"\ \"/Users/nathannovak/Development/Apps/StraboSpot2/ios/Pods/Headers/Private/React-Core\"\ \"/Users/nathannovak/Development/Apps/StraboSpot2/ios/Pods/Headers/Private/React-Core\"\ \"/Users/nathannovak/Development/Apps/StraboSpot2/ios/Pods/Headers/Private/Yoga\"
    export HOME\=/Users/nathannovak
    export HOST_ARCH\=x86_64
    export HOST_PLATFORM\=macosx
    export ICONV\=/usr/bin/iconv
    export IMPLICIT_DEPENDENCY_DOMAIN\=default
    export INFOPLIST_ENABLE_CFBUNDLEICONS_MERGE\=YES
    export INFOPLIST_EXPAND_BUILD_SETTINGS\=YES
    export INFOPLIST_FILE\=StraboSpot2/Info.plist
    export INFOPLIST_KEY_CFBundleDisplayName\=StraboField
    export INFOPLIST_OUTPUT_FORMAT\=binary
    export INFOPLIST_PATH\=StraboSpot2.app/Info.plist
    export INFOPLIST_PREPROCESS\=NO
    export INFOSTRINGS_PATH\=StraboSpot2.app/en.lproj/InfoPlist.strings
    export INLINE_PRIVATE_FRAMEWORKS\=NO
    export INSTALLAPI_IGNORE_SKIP_INSTALL\=YES
    export INSTALLHDRS_COPY_PHASE\=NO
    export INSTALLHDRS_SCRIPT_PHASE\=NO
    export INSTALL_DIR\=/tmp/StraboSpot2.dst/Applications
    export INSTALL_GROUP\=staff
    export INSTALL_MODE_FLAG\=u+w,go-w,a+rX
    export INSTALL_OWNER\=nathannovak
    export INSTALL_PATH\=/Applications
    export INSTALL_ROOT\=/tmp/StraboSpot2.dst
    export IPHONEOS_DEPLOYMENT_TARGET\=15.6
    export IS_UNOPTIMIZED_BUILD\=YES
    export JAVAC_DEFAULT_FLAGS\=-J-Xms64m\ -J-XX:NewSize\=4M\ -J-Dfile.encoding\=UTF8
    export JAVA_APP_STUB\=/System/Library/Frameworks/JavaVM.framework/Resources/MacOS/JavaApplicationStub
    export JAVA_ARCHIVE_CLASSES\=YES
    export JAVA_ARCHIVE_TYPE\=JAR
    export JAVA_COMPILER\=/usr/bin/javac
    export JAVA_FOLDER_PATH\=StraboSpot2.app/Java
    export JAVA_FRAMEWORK_RESOURCES_DIRS\=Resources
    export JAVA_JAR_FLAGS\=cv
    export JAVA_SOURCE_SUBDIR\=.
    export JAVA_USE_DEPENDENCIES\=YES
    export JAVA_ZIP_FLAGS\=-urg
    export JIKES_DEFAULT_FLAGS\=+E\ +OLDCSO
    export KEEP_PRIVATE_EXTERNS\=NO
    export LD_DEPENDENCY_INFO_FILE\=/Users/nathannovak/Library/Developer/Xcode/DerivedData/StraboSpot2-gztieqkdzpsbarfnoxqpkwxgfcqj/Build/Intermediates.noindex/StraboSpot2.build/Debug-iphonesimulator/StraboSpot2.build/Objects-normal/undefined_arch/StraboSpot2_dependency_info.dat
    export LD_ENTITLEMENTS_SECTION\=/Users/nathannovak/Library/Developer/Xcode/DerivedData/StraboSpot2-gztieqkdzpsbarfnoxqpkwxgfcqj/Build/Intermediates.noindex/StraboSpot2.build/Debug-iphonesimulator/StraboSpot2.build/StraboSpot2.app-Simulated.xcent
    export LD_ENTITLEMENTS_SECTION_DER\=/Users/nathannovak/Library/Developer/Xcode/DerivedData/StraboSpot2-gztieqkdzpsbarfnoxqpkwxgfcqj/Build/Intermediates.noindex/StraboSpot2.build/Debug-iphonesimulator/StraboSpot2.build/StraboSpot2.app-Simulated.xcent.der
    export LD_EXPORT_SYMBOLS\=YES
    export LD_GENERATE_MAP_FILE\=NO
    export LD_MAP_FILE_PATH\=/Users/nathannovak/Library/Developer/Xcode/DerivedData/StraboSpot2-gztieqkdzpsbarfnoxqpkwxgfcqj/Build/Intermediates.noindex/StraboSpot2.build/Debug-iphonesimulator/StraboSpot2.build/StraboSpot2-LinkMap-normal-undefined_arch.txt
    export LD_NO_PIE\=NO
    export LD_QUOTE_LINKER_ARGUMENTS_FOR_COMPILER_DRIVER\=YES
    export LD_RUNPATH_SEARCH_PATHS\=/usr/lib/swift\ \ /usr/lib/swift\ \'@executable_path/Frameworks\'\ \'@loader_path/Frameworks\'\ @executable_path/Frameworks
    export LD_RUNPATH_SEARCH_PATHS_YES\=@loader_path/../Frameworks
    export LD_SHARED_CACHE_ELIGIBLE\=Automatic
    export LD_WARN_DUPLICATE_LIBRARIES\=NO
    export LD_WARN_UNUSED_DYLIBS\=NO
    export LEGACY_DEVELOPER_DIR\=/Applications/Xcode.app/Contents/PlugIns/Xcode3Core.ideplugin/Contents/SharedSupport/Developer
    export LEX\=lex
    export LIBRARY_DEXT_INSTALL_PATH\=/Library/DriverExtensions
    export LIBRARY_FLAG_NOSPACE\=YES
    export LIBRARY_FLAG_PREFIX\=-l
    export LIBRARY_KEXT_INSTALL_PATH\=/Library/Extensions
    export LIBRARY_SEARCH_PATHS\=/Users/nathannovak/Library/Developer/Xcode/DerivedData/StraboSpot2-gztieqkdzpsbarfnoxqpkwxgfcqj/Build/Products/Debug-iphonesimulator\ /Applications/Xcode.app/Contents/Developer/Platforms/iPhoneSimulator.platform/Developer/SDKs/iPhoneSimulator26.0.sdk/usr/lib/swift\ /Applications/Xcode.app/Contents/Developer/Toolchains/XcodeDefault.xctoolchain/usr/lib/swift/iphonesimulator\ /Users/nathannovak/Library/Developer/Xcode/DerivedData/StraboSpot2-gztieqkdzpsbarfnoxqpkwxgfcqj/Build/Products/Debug-iphonesimulator/DoubleConversion\ /Users/nathannovak/Library/Developer/Xcode/DerivedData/StraboSpot2-gztieqkdzpsbarfnoxqpkwxgfcqj/Build/Products/Debug-iphonesimulator/EASClient\ /Users/nathannovak/Library/Developer/Xcode/DerivedData/StraboSpot2-gztieqkdzpsbarfnoxqpkwxgfcqj/Build/Products/Debug-iphonesimulator/EXConstants\ /Users/nathannovak/Library/Developer/Xcode/DerivedData/StraboSpot2-gztieqkdzpsbarfnoxqpkwxgfcqj/Build/Products/Debug-iphonesimulator/EXJSONUtils\ /Users/nathannovak/Library/Developer/Xcode/DerivedData/StraboSpot2-gztieqkdzpsbarfnoxqpkwxgfcqj/Build/Products/Debug-iphonesimulator/EXManifests\ /Users/nathannovak/Library/Developer/Xcode/DerivedData/StraboSpot2-gztieqkdzpsbarfnoxqpkwxgfcqj/Build/Products/Debug-iphonesimulator/EXStructuredHeaders\ /Users/nathannovak/Library/Developer/Xcode/DerivedData/StraboSpot2-gztieqkdzpsbarfnoxqpkwxgfcqj/Build/Products/Debug-iphonesimulator/EXUpdates\ /Users/nathannovak/Library/Developer/Xcode/DerivedData/StraboSpot2-gztieqkdzpsbarfnoxqpkwxgfcqj/Build/Products/Debug-iphonesimulator/EXUpdatesInterface\ /Users/nathannovak/Library/Developer/Xcode/DerivedData/StraboSpot2-gztieqkdzpsbarfnoxqpkwxgfcqj/Build/Products/Debug-iphonesimulator/Expo\ /Users/nathannovak/Library/Developer/Xcode/DerivedData/StraboSpot2-gztieqkdzpsbarfnoxqpkwxgfcqj/Build/Products/Debug-iphonesimulator/ExpoAsset\ /Users/nathannovak/Library/Developer/Xcode/DerivedData/StraboSpot2-gztieqkdzpsbarfnoxqpkwxgfcqj/Build/Products/Debug-iphonesimulator/ExpoFileSystem\ /Users/nathannovak/Library/Developer/Xcode/DerivedData/StraboSpot2-gztieqkdzpsbarfnoxqpkwxgfcqj/Build/Products/Debug-iphonesimulator/ExpoFont\ /Users/nathannovak/Library/Developer/Xcode/DerivedData/StraboSpot2-gztieqkdzpsbarfnoxqpkwxgfcqj/Build/Products/Debug-iphonesimulator/ExpoKeepAwake\ /Users/nathannovak/Library/Developer/Xcode/DerivedData/StraboSpot2-gztieqkdzpsbarfnoxqpkwxgfcqj/Build/Products/Debug-iphonesimulator/ExpoModulesCore\ /Users/nathannovak/Library/Developer/Xcode/DerivedData/StraboSpot2-gztieqkdzpsbarfnoxqpkwxgfcqj/Build/Products/Debug-iphonesimulator/IQKeyboardManagerSwift\ /Users/nathannovak/Library/Developer/Xcode/DerivedData/StraboSpot2-gztieqkdzpsbarfnoxqpkwxgfcqj/Build/Products/Debug-iphonesimulator/RCT-Folly\ /Users/nathannovak/Library/Developer/Xcode/DerivedData/StraboSpot2-gztieqkdzpsbarfnoxqpkwxgfcqj/Build/Products/Debug-iphonesimulator/RCTDeprecation\ /Users/nathannovak/Library/Developer/Xcode/DerivedData/StraboSpot2-gztieqkdzpsbarfnoxqpkwxgfcqj/Build/Products/Debug-iphonesimulator/RCTTypeSafety\ /Users/nathannovak/Library/Developer/Xcode/DerivedData/StraboSpot2-gztieqkdzpsbarfnoxqpkwxgfcqj/Build/Products/Debug-iphonesimulator/RNCAsyncStorage\ /Users/nathannovak/Library/Developer/Xcode/DerivedData/StraboSpot2-gztieqkdzpsbarfnoxqpkwxgfcqj/Build/Products/Debug-iphonesimulator/RNCClipboard\ /Users/nathannovak/Library/Developer/Xcode/DerivedData/StraboSpot2-gztieqkdzpsbarfnoxqpkwxgfcqj/Build/Products/Debug-iphonesimulator/RNCPicker\ /Users/nathannovak/Library/Developer/Xcode/DerivedData/StraboSpot2-gztieqkdzpsbarfnoxqpkwxgfcqj/Build/Products/Debug-iphonesimulator/RNDateTimePicker\ /Users/nathannovak/Library/Developer/Xcode/DerivedData/StraboSpot2-gztieqkdzpsbarfnoxqpkwxgfcqj/Build/Products/Debug-iphonesimulator/RNDeviceInfo\ /Users/nathannovak/Library/Developer/Xcode/DerivedData/StraboSpot2-gztieqkdzpsbarfnoxqpkwxgfcqj/Build/Products/Debug-iphonesimulator/RNFS\ /Users/nathannovak/Library/Developer/Xcode/DerivedData/StraboSpot2-gztieqkdzpsbarfnoxqpkwxgfcqj/Build/Products/Debug-iphonesimulator/RNGestureHandler\ /Users/nathannovak/Library/Developer/Xcode/DerivedData/StraboSpot2-gztieqkdzpsbarfnoxqpkwxgfcqj/Build/Products/Debug-iphonesimulator/RNReanimated\ /Users/nathannovak/Library/Developer/Xcode/DerivedData/StraboSpot2-gztieqkdzpsbarfnoxqpkwxgfcqj/Build/Products/Debug-iphonesimulator/RNScreens\ /Users/nathannovak/Library/Developer/Xcode/DerivedData/StraboSpot2-gztieqkdzpsbarfnoxqpkwxgfcqj/Build/Products/Debug-iphonesimulator/RNSensors\ /Users/nathannovak/Library/Developer/Xcode/DerivedData/StraboSpot2-gztieqkdzpsbarfnoxqpkwxgfcqj/Build/Products/Debug-iphonesimulator/RNSentry\ /Users/nathannovak/Library/Developer/Xcode/DerivedData/StraboSpot2-gztieqkdzpsbarfnoxqpkwxgfcqj/Build/Products/Debug-iphonesimulator/RNSketchCanvas\ /Users/nathannovak/Library/Developer/Xcode/DerivedData/StraboSpot2-gztieqkdzpsbarfnoxqpkwxgfcqj/Build/Products/Debug-iphonesimulator/RNSoundPlayer\ /Users/nathannovak/Library/Developer/Xcode/DerivedData/StraboSpot2-gztieqkdzpsbarfnoxqpkwxgfcqj/Build/Products/Debug-iphonesimulator/RNVectorIcons\ /Users/nathannovak/Library/Developer/Xcode/DerivedData/StraboSpot2-gztieqkdzpsbarfnoxqpkwxgfcqj/Build/Products/Debug-iphonesimulator/RNZipArchive\ /Users/nathannovak/Library/Developer/Xcode/DerivedData/StraboSpot2-gztieqkdzpsbarfnoxqpkwxgfcqj/Build/Products/Debug-iphonesimulator/ReachabilitySwift\ /Users/nathannovak/Library/Developer/Xcode/DerivedData/StraboSpot2-gztieqkdzpsbarfnoxqpkwxgfcqj/Build/Products/Debug-iphonesimulator/React-Core\ /Users/nathannovak/Library/Developer/Xcode/DerivedData/StraboSpot2-gztieqkdzpsbarfnoxqpkwxgfcqj/Build/Products/Debug-iphonesimulator/React-CoreModules\ /Users/nathannovak/Library/Developer/Xcode/DerivedData/StraboSpot2-gztieqkdzpsbarfnoxqpkwxgfcqj/Build/Products/Debug-iphonesimulator/React-Fabric\ /Users/nathannovak/Library/Developer/Xcode/DerivedData/StraboSpot2-gztieqkdzpsbarfnoxqpkwxgfcqj/Build/Products/Debug-iphonesimulator/React-FabricComponents\ /Users/nathannovak/Library/Developer/Xcode/DerivedData/StraboSpot2-gztieqkdzpsbarfnoxqpkwxgfcqj/Build/Products/Debug-iphonesimulator/React-FabricImage\ /Users/nathannovak/Library/Developer/Xcode/DerivedData/StraboSpot2-gztieqkdzpsbarfnoxqpkwxgfcqj/Build/Products/Debug-iphonesimulator/React-ImageManager\ /Users/nathannovak/Library/Developer/Xcode/DerivedData/StraboSpot2-gztieqkdzpsbarfnoxqpkwxgfcqj/Build/Products/Debug-iphonesimulator/React-Mapbuffer\ /Users/nathannovak/Library/Developer/Xcode/DerivedData/StraboSpot2-gztieqkdzpsbarfnoxqpkwxgfcqj/Build/Products/Debug-iphonesimulator/React-NativeModulesApple\ /Users/nathannovak/Library/Developer/Xcode/DerivedData/StraboSpot2-gztieqkdzpsbarfnoxqpkwxgfcqj/Build/Products/Debug-iphonesimulator/React-RCTAnimation\ /Users/nathannovak/Library/Developer/Xcode/DerivedData/StraboSpot2-gztieqkdzpsbarfnoxqpkwxgfcqj/Build/Products/Debug-iphonesimulator/React-RCTAppDelegate\ /Users/nathannovak/Library/Developer/Xcode/DerivedData/StraboSpot2-gztieqkdzpsbarfnoxqpkwxgfcqj/Build/Products/Debug-iphonesimulator/React-RCTBlob\ /Users/nathannovak/Library/Developer/Xcode/DerivedData/StraboSpot2-gztieqkdzpsbarfnoxqpkwxgfcqj/Build/Products/Debug-iphonesimulator/React-RCTFBReactNativeSpec\ /Users/nathannovak/Library/Developer/Xcode/DerivedData/StraboSpot2-gztieqkdzpsbarfnoxqpkwxgfcqj/Build/Products/Debug-iphonesimulator/React-RCTFabric\ /Users/nathannovak/Library/Developer/Xcode/DerivedData/StraboSpot2-gztieqkdzpsbarfnoxqpkwxgfcqj/Build/Products/Debug-iphonesimulator/React-RCTImage\ /Users/nathannovak/Library/Developer/Xcode/DerivedData/StraboSpot2-gztieqkdzpsbarfnoxqpkwxgfcqj/Build/Products/Debug-iphonesimulator/React-RCTLinking\ /Users/nathannovak/Library/Developer/Xcode/DerivedData/StraboSpot2-gztieqkdzpsbarfnoxqpkwxgfcqj/Build/Products/Debug-iphonesimulator/React-RCTNetwork\ /Users/nathannovak/Library/Developer/Xcode/DerivedData/StraboSpot2-gztieqkdzpsbarfnoxqpkwxgfcqj/Build/Products/Debug-iphonesimulator/React-RCTRuntime\ /Users/nathannovak/Library/Developer/Xcode/DerivedData/StraboSpot2-gztieqkdzpsbarfnoxqpkwxgfcqj/Build/Products/Debug-iphonesimulator/React-RCTSettings\ /Users/nathannovak/Library/Developer/Xcode/DerivedData/StraboSpot2-gztieqkdzpsbarfnoxqpkwxgfcqj/Build/Products/Debug-iphonesimulator/React-RCTText\ /Users/nathannovak/Library/Developer/Xcode/DerivedData/StraboSpot2-gztieqkdzpsbarfnoxqpkwxgfcqj/Build/Products/Debug-iphonesimulator/React-RCTVibration\ /Users/nathannovak/Library/Developer/Xcode/DerivedData/StraboSpot2-gztieqkdzpsbarfnoxqpkwxgfcqj/Build/Products/Debug-iphonesimulator/React-RuntimeApple\ /Users/nathannovak/Library/Developer/Xcode/DerivedData/StraboSpot2-gztieqkdzpsbarfnoxqpkwxgfcqj/Build/Products/Debug-iphonesimulator/React-RuntimeCore\ /Users/nathannovak/Library/Developer/Xcode/DerivedData/StraboSpot2-gztieqkdzpsbarfnoxqpkwxgfcqj/Build/Products/Debug-iphonesimulator/React-RuntimeHermes\ /Users/nathannovak/Library/Developer/Xcode/DerivedData/StraboSpot2-gztieqkdzpsbarfnoxqpkwxgfcqj/Build/Products/Debug-iphonesimulator/React-cxxreact\ /Users/nathannovak/Library/Developer/Xcode/DerivedData/StraboSpot2-gztieqkdzpsbarfnoxqpkwxgfcqj/Build/Products/Debug-iphonesimulator/React-debug\ /Users/nathannovak/Library/Developer/Xcode/DerivedData/StraboSpot2-gztieqkdzpsbarfnoxqpkwxgfcqj/Build/Products/Debug-iphonesimulator/React-defaultsnativemodule\ /Users/nathannovak/Library/Developer/Xcode/DerivedData/StraboSpot2-gztieqkdzpsbarfnoxqpkwxgfcqj/Build/Products/Debug-iphonesimulator/React-domnativemodule\ /Users/nathannovak/Library/Developer/Xcode/DerivedData/StraboSpot2-gztieqkdzpsbarfnoxqpkwxgfcqj/Build/Products/Debug-iphonesimulator/React-featureflags\ /Users/nathannovak/Library/Developer/Xcode/DerivedData/StraboSpot2-gztieqkdzpsbarfnoxqpkwxgfcqj/Build/Products/Debug-iphonesimulator/React-featureflagsnativemodule\ /Users/nathannovak/Library/Developer/Xcode/DerivedData/StraboSpot2-gztieqkdzpsbarfnoxqpkwxgfcqj/Build/Products/Debug-iphonesimulator/React-graphics\ /Users/nathannovak/Library/Developer/Xcode/DerivedData/StraboSpot2-gztieqkdzpsbarfnoxqpkwxgfcqj/Build/Products/Debug-iphonesimulator/React-hermes\ /Users/nathannovak/Library/Developer/Xcode/DerivedData/StraboSpot2-gztieqkdzpsbarfnoxqpkwxgfcqj/Build/Products/Debug-iphonesimulator/React-idlecallbacksnativemodule\ /Users/nathannovak/Library/Developer/Xcode/DerivedData/StraboSpot2-gztieqkdzpsbarfnoxqpkwxgfcqj/Build/Products/Debug-iphonesimulator/React-jserrorhandler\ /Users/nathannovak/Library/Developer/Xcode/DerivedData/StraboSpot2-gztieqkdzpsbarfnoxqpkwxgfcqj/Build/Products/Debug-iphonesimulator/React-jsi\ /Users/nathannovak/Library/Developer/Xcode/DerivedData/StraboSpot2-gztieqkdzpsbarfnoxqpkwxgfcqj/Build/Products/Debug-iphonesimulator/React-jsiexecutor\ /Users/nathannovak/Library/Developer/Xcode/DerivedData/StraboSpot2-gztieqkdzpsbarfnoxqpkwxgfcqj/Build/Products/Debug-iphonesimulator/React-jsinspector\ /Users/nathannovak/Library/Developer/Xcode/DerivedData/StraboSpot2-gztieqkdzpsbarfnoxqpkwxgfcqj/Build/Products/Debug-iphonesimulator/React-jsinspectortracing\ /Users/nathannovak/Library/Developer/Xcode/DerivedData/StraboSpot2-gztieqkdzpsbarfnoxqpkwxgfcqj/Build/Products/Debug-iphonesimulator/React-jsitooling\ /Users/nathannovak/Library/Developer/Xcode/DerivedData/StraboSpot2-gztieqkdzpsbarfnoxqpkwxgfcqj/Build/Products/Debug-iphonesimulator/React-logger\ /Users/nathannovak/Library/Developer/Xcode/DerivedData/StraboSpot2-gztieqkdzpsbarfnoxqpkwxgfcqj/Build/Products/Debug-iphonesimulator/React-microtasksnativemodule\ /Users/nathannovak/Library/Developer/Xcode/DerivedData/StraboSpot2-gztieqkdzpsbarfnoxqpkwxgfcqj/Build/Products/Debug-iphonesimulator/React-oscompat\ /Users/nathannovak/Library/Developer/Xcode/DerivedData/StraboSpot2-gztieqkdzpsbarfnoxqpkwxgfcqj/Build/Products/Debug-iphonesimulator/React-perflogger\ /Users/nathannovak/Library/Developer/Xcode/DerivedData/StraboSpot2-gztieqkdzpsbarfnoxqpkwxgfcqj/Build/Products/Debug-iphonesimulator/React-performancetimeline\ /Users/nathannovak/Library/Developer/Xcode/DerivedData/StraboSpot2-gztieqkdzpsbarfnoxqpkwxgfcqj/Build/Products/Debug-iphonesimulator/React-rendererconsistency\ /Users/nathannovak/Library/Developer/Xcode/DerivedData/StraboSpot2-gztieqkdzpsbarfnoxqpkwxgfcqj/Build/Products/Debug-iphonesimulator/React-renderercss\ /Users/nathannovak/Library/Developer/Xcode/DerivedData/StraboSpot2-gztieqkdzpsbarfnoxqpkwxgfcqj/Build/Products/Debug-iphonesimulator/React-rendererdebug\ /Users/nathannovak/Library/Developer/Xcode/DerivedData/StraboSpot2-gztieqkdzpsbarfnoxqpkwxgfcqj/Build/Products/Debug-iphonesimulator/React-runtimescheduler\ /Users/nathannovak/Library/Developer/Xcode/DerivedData/StraboSpot2-gztieqkdzpsbarfnoxqpkwxgfcqj/Build/Products/Debug-iphonesimulator/React-utils\ /Users/nathannovak/Library/Developer/Xcode/DerivedData/StraboSpot2-gztieqkdzpsbarfnoxqpkwxgfcqj/Build/Products/Debug-iphonesimulator/ReactAppDependencyProvider\ /Users/nathannovak/Library/Developer/Xcode/DerivedData/StraboSpot2-gztieqkdzpsbarfnoxqpkwxgfcqj/Build/Products/Debug-iphonesimulator/ReactCodegen\ /Users/nathannovak/Library/Developer/Xcode/DerivedData/StraboSpot2-gztieqkdzpsbarfnoxqpkwxgfcqj/Build/Products/Debug-iphonesimulator/ReactCommon\ /Users/nathannovak/Library/Developer/Xcode/DerivedData/StraboSpot2-gztieqkdzpsbarfnoxqpkwxgfcqj/Build/Products/Debug-iphonesimulator/ReactNativeKeyboardManager\ /Users/nathannovak/Library/Developer/Xcode/DerivedData/StraboSpot2-gztieqkdzpsbarfnoxqpkwxgfcqj/Build/Products/Debug-iphonesimulator/SSZipArchive\ /Users/nathannovak/Library/Developer/Xcode/DerivedData/StraboSpot2-gztieqkdzpsbarfnoxqpkwxgfcqj/Build/Products/Debug-iphonesimulator/Sentry\ /Users/nathannovak/Library/Developer/Xcode/DerivedData/StraboSpot2-gztieqkdzpsbarfnoxqpkwxgfcqj/Build/Products/Debug-iphonesimulator/SocketRocket\ /Users/nathannovak/Library/Developer/Xcode/DerivedData/StraboSpot2-gztieqkdzpsbarfnoxqpkwxgfcqj/Build/Products/Debug-iphonesimulator/Yoga\ /Users/nathannovak/Library/Developer/Xcode/DerivedData/StraboSpot2-gztieqkdzpsbarfnoxqpkwxgfcqj/Build/Products/Debug-iphonesimulator/fmt\ /Users/nathannovak/Library/Developer/Xcode/DerivedData/StraboSpot2-gztieqkdzpsbarfnoxqpkwxgfcqj/Build/Products/Debug-iphonesimulator/glog\ /Users/nathannovak/Library/Developer/Xcode/DerivedData/StraboSpot2-gztieqkdzpsbarfnoxqpkwxgfcqj/Build/Products/Debug-iphonesimulator/lottie-ios\ /Users/nathannovak/Library/Developer/Xcode/DerivedData/StraboSpot2-gztieqkdzpsbarfnoxqpkwxgfcqj/Build/Products/Debug-iphonesimulator/lottie-react-native\ /Users/nathannovak/Library/Developer/Xcode/DerivedData/StraboSpot2-gztieqkdzpsbarfnoxqpkwxgfcqj/Build/Products/Debug-iphonesimulator/react-native-blob-util\ /Users/nathannovak/Library/Developer/Xcode/DerivedData/StraboSpot2-gztieqkdzpsbarfnoxqpkwxgfcqj/Build/Products/Debug-iphonesimulator/react-native-document-picker\ /Users/nathannovak/Library/Developer/Xcode/DerivedData/StraboSpot2-gztieqkdzpsbarfnoxqpkwxgfcqj/Build/Products/Debug-iphonesimulator/react-native-geolocation\ /Users/nathannovak/Library/Developer/Xcode/DerivedData/StraboSpot2-gztieqkdzpsbarfnoxqpkwxgfcqj/Build/Products/Debug-iphonesimulator/react-native-get-random-values\ /Users/nathannovak/Library/Developer/Xcode/DerivedData/StraboSpot2-gztieqkdzpsbarfnoxqpkwxgfcqj/Build/Products/Debug-iphonesimulator/react-native-image-picker\ /Users/nathannovak/Library/Developer/Xcode/DerivedData/StraboSpot2-gztieqkdzpsbarfnoxqpkwxgfcqj/Build/Products/Debug-iphonesimulator/react-native-image-resizer\ /Users/nathannovak/Library/Developer/Xcode/DerivedData/StraboSpot2-gztieqkdzpsbarfnoxqpkwxgfcqj/Build/Products/Debug-iphonesimulator/react-native-keep-awake\ /Users/nathannovak/Library/Developer/Xcode/DerivedData/StraboSpot2-gztieqkdzpsbarfnoxqpkwxgfcqj/Build/Products/Debug-iphonesimulator/react-native-netinfo\ /Users/nathannovak/Library/Developer/Xcode/DerivedData/StraboSpot2-gztieqkdzpsbarfnoxqpkwxgfcqj/Build/Products/Debug-iphonesimulator/react-native-orientation-director\ /Users/nathannovak/Library/Developer/Xcode/DerivedData/StraboSpot2-gztieqkdzpsbarfnoxqpkwxgfcqj/Build/Products/Debug-iphonesimulator/react-native-pager-view\ /Users/nathannovak/Library/Developer/Xcode/DerivedData/StraboSpot2-gztieqkdzpsbarfnoxqpkwxgfcqj/Build/Products/Debug-iphonesimulator/react-native-pdf\ /Users/nathannovak/Library/Developer/Xcode/DerivedData/StraboSpot2-gztieqkdzpsbarfnoxqpkwxgfcqj/Build/Products/Debug-iphonesimulator/react-native-safe-area-context\ /Users/nathannovak/Library/Developer/Xcode/DerivedData/StraboSpot2-gztieqkdzpsbarfnoxqpkwxgfcqj/Build/Products/Debug-iphonesimulator/react-native-slider\ /Users/nathannovak/Library/Developer/Xcode/DerivedData/StraboSpot2-gztieqkdzpsbarfnoxqpkwxgfcqj/Build/Products/Debug-iphonesimulator/rnmapbox-maps\ /Applications/Xcode.app/Contents/Developer/Toolchains/XcodeDefault.xctoolchain/usr/lib/swift/iphonesimulator\ /Applications/Xcode.app/Contents/Developer/Platforms/iPhoneSimulator.platform/Developer/SDKs/iPhoneSimulator26.0.sdk/usr/lib/swift\ /Applications/Xcode.app/Contents/Developer/Platforms/iPhoneSimulator.platform/Developer/SDKs/iPhoneSimulator26.0.sdk/usr/lib/swift
    export LINKER_DISPLAYS_MANGLED_NAMES\=NO
    export LINK_FILE_LIST_normal_x86_64\=/Users/nathannovak/Library/Developer/Xcode/DerivedData/StraboSpot2-gztieqkdzpsbarfnoxqpkwxgfcqj/Build/Intermediates.noindex/StraboSpot2.build/Debug-iphonesimulator/StraboSpot2.build/Objects-normal/x86_64/StraboSpot2.LinkFileList
    export LINK_OBJC_RUNTIME\=YES
    export LINK_WITH_STANDARD_LIBRARIES\=YES
    export LLVM_TARGET_TRIPLE_OS_VERSION\=ios15.6
    export LLVM_TARGET_TRIPLE_SUFFIX\=-simulator
    export LLVM_TARGET_TRIPLE_VENDOR\=apple
    export LM_AUX_CONST_METADATA_LIST_PATH_normal_x86_64\=/Users/nathannovak/Library/Developer/Xcode/DerivedData/StraboSpot2-gztieqkdzpsbarfnoxqpkwxgfcqj/Build/Intermediates.noindex/StraboSpot2.build/Debug-iphonesimulator/StraboSpot2.build/Objects-normal/x86_64/StraboSpot2.SwiftConstValuesFileList
    export LOCALIZATION_EXPORT_SUPPORTED\=YES
    export LOCALIZATION_PREFERS_STRING_CATALOGS\=NO
    export LOCALIZED_RESOURCES_FOLDER_PATH\=StraboSpot2.app/en.lproj
    export LOCALIZED_STRING_MACRO_NAMES\=NSLocalizedString\ CFCopyLocalizedString
    export LOCALIZED_STRING_SWIFTUI_SUPPORT\=YES
    export LOCAL_ADMIN_APPS_DIR\=/Applications/Utilities
    export LOCAL_APPS_DIR\=/Applications
    export LOCAL_DEVELOPER_DIR\=/Library/Developer
    export LOCAL_LIBRARY_DIR\=/Library
    export LOCROOT\=/Users/nathannovak/Development/Apps/StraboSpot2/ios
    export LOCSYMROOT\=/Users/nathannovak/Development/Apps/StraboSpot2/ios
    export MACH_O_TYPE\=mh_execute
    export MAC_OS_X_PRODUCT_BUILD_VERSION\=24G231
    export MAC_OS_X_VERSION_ACTUAL\=150701
    export MAC_OS_X_VERSION_MAJOR\=150000
    export MAC_OS_X_VERSION_MINOR\=150700
    export MAKE_MERGEABLE\=NO
    export MARKETING_VERSION\=2.23.2
    export MERGEABLE_LIBRARY\=NO
    export MERGED_BINARY_TYPE\=none
    export MERGE_LINKED_LIBRARIES\=NO
    export METAL_LIBRARY_FILE_BASE\=default
    export METAL_LIBRARY_OUTPUT_DIR\=/Users/nathannovak/Library/Developer/Xcode/DerivedData/StraboSpot2-gztieqkdzpsbarfnoxqpkwxgfcqj/Build/Products/Debug-iphonesimulator/StraboSpot2.app
    export MODULES_FOLDER_PATH\=StraboSpot2.app/Modules
    export MODULE_CACHE_DIR\=/Users/nathannovak/Library/Developer/Xcode/DerivedData/ModuleCache.noindex
    export MTL_ENABLE_DEBUG_INFO\=YES
    export NATIVE_ARCH\=x86_64
    export NATIVE_ARCH_32_BIT\=i386
    export NATIVE_ARCH_64_BIT\=x86_64
    export NATIVE_ARCH_ACTUAL\=x86_64
    export NO_COMMON\=YES
    export OBJC_ABI_VERSION\=2
    export OBJECT_FILE_DIR\=/Users/nathannovak/Library/Developer/Xcode/DerivedData/StraboSpot2-gztieqkdzpsbarfnoxqpkwxgfcqj/Build/Intermediates.noindex/StraboSpot2.build/Debug-iphonesimulator/StraboSpot2.build/Objects
    export OBJECT_FILE_DIR_normal\=/Users/nathannovak/Library/Developer/Xcode/DerivedData/StraboSpot2-gztieqkdzpsbarfnoxqpkwxgfcqj/Build/Intermediates.noindex/StraboSpot2.build/Debug-iphonesimulator/StraboSpot2.build/Objects-normal
    export OBJROOT\=/Users/nathannovak/Library/Developer/Xcode/DerivedData/StraboSpot2-gztieqkdzpsbarfnoxqpkwxgfcqj/Build/Intermediates.noindex
    export ONLY_ACTIVE_ARCH\=YES
    export OS\=MACOS
    export OSAC\=/usr/bin/osacompile
    export OTHER_CFLAGS\=\ -fmodule-map-file\=\"/Users/nathannovak/Library/Developer/Xcode/DerivedData/StraboSpot2-gztieqkdzpsbarfnoxqpkwxgfcqj/Build/Products/Debug-iphonesimulator/EASClient/EASClient.modulemap\"\ -fmodule-map-file\=\"/Users/nathannovak/Library/Developer/Xcode/DerivedData/StraboSpot2-gztieqkdzpsbarfnoxqpkwxgfcqj/Build/Products/Debug-iphonesimulator/EXConstants/EXConstants.modulemap\"\ -fmodule-map-file\=\"/Users/nathannovak/Library/Developer/Xcode/DerivedData/StraboSpot2-gztieqkdzpsbarfnoxqpkwxgfcqj/Build/Products/Debug-iphonesimulator/EXManifests/EXManifests.modulemap\"\ -fmodule-map-file\=\"/Users/nathannovak/Library/Developer/Xcode/DerivedData/StraboSpot2-gztieqkdzpsbarfnoxqpkwxgfcqj/Build/Products/Debug-iphonesimulator/EXUpdates/EXUpdates.modulemap\"\ -fmodule-map-file\=\"/Users/nathannovak/Library/Developer/Xcode/DerivedData/StraboSpot2-gztieqkdzpsbarfnoxqpkwxgfcqj/Build/Products/Debug-iphonesimulator/EXUpdatesInterface/EXUpdatesInterface.modulemap\"\ -fmodule-map-file\=\"/Users/nathannovak/Library/Developer/Xcode/DerivedData/StraboSpot2-gztieqkdzpsbarfnoxqpkwxgfcqj/Build/Products/Debug-iphonesimulator/Expo/Expo.modulemap\"\ -fmodule-map-file\=\"/Users/nathannovak/Library/Developer/Xcode/DerivedData/StraboSpot2-gztieqkdzpsbarfnoxqpkwxgfcqj/Build/Products/Debug-iphonesimulator/ExpoAsset/ExpoAsset.modulemap\"\ -fmodule-map-file\=\"/Users/nathannovak/Library/Developer/Xcode/DerivedData/StraboSpot2-gztieqkdzpsbarfnoxqpkwxgfcqj/Build/Products/Debug-iphonesimulator/ExpoFileSystem/ExpoFileSystem.modulemap\"\ -fmodule-map-file\=\"/Users/nathannovak/Library/Developer/Xcode/DerivedData/StraboSpot2-gztieqkdzpsbarfnoxqpkwxgfcqj/Build/Products/Debug-iphonesimulator/ExpoFont/ExpoFont.modulemap\"\ -fmodule-map-file\=\"/Users/nathannovak/Library/Developer/Xcode/DerivedData/StraboSpot2-gztieqkdzpsbarfnoxqpkwxgfcqj/Build/Products/Debug-iphonesimulator/ExpoKeepAwake/ExpoKeepAwake.modulemap\"\ -fmodule-map-file\=\"/Users/nathannovak/Library/Developer/Xcode/DerivedData/StraboSpot2-gztieqkdzpsbarfnoxqpkwxgfcqj/Build/Products/Debug-iphonesimulator/ExpoModulesCore/ExpoModulesCore.modulemap\"\ -fmodule-map-file\=\"/Users/nathannovak/Library/Developer/Xcode/DerivedData/StraboSpot2-gztieqkdzpsbarfnoxqpkwxgfcqj/Build/Products/Debug-iphonesimulator/IQKeyboardManagerSwift/IQKeyboardManagerSwift.modulemap\"\ -fmodule-map-file\=\"/Users/nathannovak/Library/Developer/Xcode/DerivedData/StraboSpot2-gztieqkdzpsbarfnoxqpkwxgfcqj/Build/Products/Debug-iphonesimulator/ReachabilitySwift/Reachability.modulemap\"\ -fmodule-map-file\=\"/Users/nathannovak/Library/Developer/Xcode/DerivedData/StraboSpot2-gztieqkdzpsbarfnoxqpkwxgfcqj/Build/Products/Debug-iphonesimulator/Sentry/Sentry.modulemap\"\ -fmodule-map-file\=\"/Users/nathannovak/Library/Developer/Xcode/DerivedData/StraboSpot2-gztieqkdzpsbarfnoxqpkwxgfcqj/Build/Products/Debug-iphonesimulator/lottie-ios/Lottie.modulemap\"\ -fmodule-map-file\=\"/Users/nathannovak/Library/Developer/Xcode/DerivedData/StraboSpot2-gztieqkdzpsbarfnoxqpkwxgfcqj/Build/Products/Debug-iphonesimulator/lottie-react-native/lottie_react_native.modulemap\"\ -fmodule-map-file\=\"/Users/nathannovak/Library/Developer/Xcode/DerivedData/StraboSpot2-gztieqkdzpsbarfnoxqpkwxgfcqj/Build/Products/Debug-iphonesimulator/react-native-document-picker/react_native_document_picker.modulemap\"\ -fmodule-map-file\=\"/Users/nathannovak/Library/Developer/Xcode/DerivedData/StraboSpot2-gztieqkdzpsbarfnoxqpkwxgfcqj/Build/Products/Debug-iphonesimulator/react-native-orientation-director/react_native_orientation_director.modulemap\"\ -fmodule-map-file\=\"/Users/nathannovak/Library/Developer/Xcode/DerivedData/StraboSpot2-gztieqkdzpsbarfnoxqpkwxgfcqj/Build/Products/Debug-iphonesimulator/rnmapbox-maps/rnmapbox_maps.modulemap\"\ -fmodule-map-file\=\"/Users/nathannovak/Development/Apps/StraboSpot2/ios/Pods/Headers/Public/DoubleConversion/DoubleConversion.modulemap\"\ -fmodule-map-file\=\"/Users/nathannovak/Development/Apps/StraboSpot2/ios/Pods/Headers/Public/EXJSONUtils/EXJSONUtils.modulemap\"\ -fmodule-map-file\=\"/Users/nathannovak/Development/Apps/StraboSpot2/ios/Pods/Headers/Public/EXStructuredHeaders/EXStructuredHeaders.modulemap\"\ -fmodule-map-file\=\"/Users/nathannovak/Development/Apps/StraboSpot2/ios/Pods/Headers/Public/RCTDeprecation/RCTDeprecation.modulemap\"\ -fmodule-map-file\=\"/Users/nathannovak/Development/Apps/StraboSpot2/ios/Pods/Headers/Public/RCTFabric/React-RCTFabric.modulemap\"\ -fmodule-map-file\=\"/Users/nathannovak/Development/Apps/StraboSpot2/ios/Pods/Headers/Public/RCTRuntime/React-RCTRuntime.modulemap\"\ -fmodule-map-file\=\"/Users/nathannovak/Development/Apps/StraboSpot2/ios/Pods/Headers/Public/RCTTypeSafety/RCTTypeSafety.modulemap\"\ -fmodule-map-file\=\"/Users/nathannovak/Development/Apps/StraboSpot2/ios/Pods/Headers/Public/RNReanimated/RNReanimated.modulemap\"\ -fmodule-map-file\=\"/Users/nathannovak/Development/Apps/StraboSpot2/ios/Pods/Headers/Public/React/React-Core.modulemap\"\ -fmodule-map-file\=\"/Users/nathannovak/Development/Apps/StraboSpot2/ios/Pods/Headers/Public/ReactAppDependencyProvider/ReactAppDependencyProvider.modulemap\"\ -fmodule-map-file\=\"/Users/nathannovak/Development/Apps/StraboSpot2/ios/Pods/Headers/Public/ReactCodegen/ReactCodegen.modulemap\"\ -fmodule-map-file\=\"/Users/nathannovak/Development/Apps/StraboSpot2/ios/Pods/Headers/Public/ReactCommon/ReactCommon.modulemap\"\ -fmodule-map-file\=\"/Users/nathannovak/Development/Apps/StraboSpot2/ios/Pods/Headers/Public/React_Fabric/React-Fabric.modulemap\"\ -fmodule-map-file\=\"/Users/nathannovak/Development/Apps/StraboSpot2/ios/Pods/Headers/Public/React_FabricComponents/React-FabricComponents.modulemap\"\ -fmodule-map-file\=\"/Users/nathannovak/Development/Apps/StraboSpot2/ios/Pods/Headers/Public/React_NativeModulesApple/React-NativeModulesApple.modulemap\"\ -fmodule-map-file\=\"/Users/nathannovak/Development/Apps/StraboSpot2/ios/Pods/Headers/Public/React_RCTAppDelegate/React-RCTAppDelegate.modulemap\"\ -fmodule-map-file\=\"/Users/nathannovak/Development/Apps/StraboSpot2/ios/Pods/Headers/Public/SSZipArchive/SSZipArchive.modulemap\"\ -fmodule-map-file\=\"/Users/nathannovak/Development/Apps/StraboSpot2/ios/Pods/Headers/Public/folly/RCT-Folly.modulemap\"\ -fmodule-map-file\=\"/Users/nathannovak/Development/Apps/StraboSpot2/ios/Pods/Headers/Public/glog/glog.modulemap\"\ -fmodule-map-file\=\"/Users/nathannovak/Development/Apps/StraboSpot2/ios/Pods/Headers/Public/jsi/React-jsi.modulemap\"\ -fmodule-map-file\=\"/Users/nathannovak/Development/Apps/StraboSpot2/ios/Pods/Headers/Public/jsinspector_modern/React-jsinspector.modulemap\"\ -fmodule-map-file\=\"/Users/nathannovak/Development/Apps/StraboSpot2/ios/Pods/Headers/Public/jsinspector_modern_tracing/React-jsinspectortracing.modulemap\"\ -fmodule-map-file\=\"/Users/nathannovak/Development/Apps/StraboSpot2/ios/Pods/Headers/Public/react_debug/React-debug.modulemap\"\ -fmodule-map-file\=\"/Users/nathannovak/Development/Apps/StraboSpot2/ios/Pods/Headers/Public/react_featureflags/React-featureflags.modulemap\"\ -fmodule-map-file\=\"/Users/nathannovak/Development/Apps/StraboSpot2/ios/Pods/Headers/Public/react_nativemodule_defaults/React-defaultsnativemodule.modulemap\"\ -fmodule-map-file\=\"/Users/nathannovak/Development/Apps/StraboSpot2/ios/Pods/Headers/Public/react_nativemodule_dom/React-domnativemodule.modulemap\"\ -fmodule-map-file\=\"/Users/nathannovak/Development/Apps/StraboSpot2/ios/Pods/Headers/Public/react_nativemodule_featureflags/React-featureflagsnativemodule.modulemap\"\ -fmodule-map-file\=\"/Users/nathannovak/Development/Apps/StraboSpot2/ios/Pods/Headers/Public/react_nativemodule_idlecallbacks/React-idlecallbacksnativemodule.modulemap\"\ -fmodule-map-file\=\"/Users/nathannovak/Development/Apps/StraboSpot2/ios/Pods/Headers/Public/react_nativemodule_microtasks/React-microtasksnativemodule.modulemap\"\ -fmodule-map-file\=\"/Users/nathannovak/Development/Apps/StraboSpot2/ios/Pods/Headers/Public/react_renderer_css/React-renderercss.modulemap\"\ -fmodule-map-file\=\"/Users/nathannovak/Development/Apps/StraboSpot2/ios/Pods/Headers/Public/react_renderer_debug/React-rendererdebug.modulemap\"\ -fmodule-map-file\=\"/Users/nathannovak/Development/Apps/StraboSpot2/ios/Pods/Headers/Public/react_renderer_graphics/React-graphics.modulemap\"\ -fmodule-map-file\=\"/Users/nathannovak/Development/Apps/StraboSpot2/ios/Pods/Headers/Public/react_renderer_imagemanager/React-ImageManager.modulemap\"\ -fmodule-map-file\=\"/Users/nathannovak/Development/Apps/StraboSpot2/ios/Pods/Headers/Public/react_runtime/React-jsitooling.modulemap\"\ -fmodule-map-file\=\"/Users/nathannovak/Development/Apps/StraboSpot2/ios/Pods/Headers/Public/react_utils/React-utils.modulemap\"\ -fmodule-map-file\=\"/Users/nathannovak/Development/Apps/StraboSpot2/ios/Pods/Headers/Public/reacthermes/React-hermes.modulemap\"\ -fmodule-map-file\=\"/Users/nathannovak/Development/Apps/StraboSpot2/ios/Pods/Headers/Public/yoga/Yoga.modulemap\"\ \ \ \ -DFOLLY_NO_CONFIG\ -DFOLLY_MOBILE\=1\ -DFOLLY_USE_LIBCPP\=1\ -Wno-comma\ -Wno-shorten-64-to-32\ -DRCT_NEW_ARCH_ENABLED\ \ -DREACT_NATIVE_MINOR_VERSION\=79\ -DREANIMATED_VERSION\=3.17.5
    export OTHER_CPLUSPLUSFLAGS\=\ -fmodule-map-file\=\"/Users/nathannovak/Library/Developer/Xcode/DerivedData/StraboSpot2-gztieqkdzpsbarfnoxqpkwxgfcqj/Build/Products/Debug-iphonesimulator/EASClient/EASClient.modulemap\"\ -fmodule-map-file\=\"/Users/nathannovak/Library/Developer/Xcode/DerivedData/StraboSpot2-gztieqkdzpsbarfnoxqpkwxgfcqj/Build/Products/Debug-iphonesimulator/EXConstants/EXConstants.modulemap\"\ -fmodule-map-file\=\"/Users/nathannovak/Library/Developer/Xcode/DerivedData/StraboSpot2-gztieqkdzpsbarfnoxqpkwxgfcqj/Build/Products/Debug-iphonesimulator/EXManifests/EXManifests.modulemap\"\ -fmodule-map-file\=\"/Users/nathannovak/Library/Developer/Xcode/DerivedData/StraboSpot2-gztieqkdzpsbarfnoxqpkwxgfcqj/Build/Products/Debug-iphonesimulator/EXUpdates/EXUpdates.modulemap\"\ -fmodule-map-file\=\"/Users/nathannovak/Library/Developer/Xcode/DerivedData/StraboSpot2-gztieqkdzpsbarfnoxqpkwxgfcqj/Build/Products/Debug-iphonesimulator/EXUpdatesInterface/EXUpdatesInterface.modulemap\"\ -fmodule-map-file\=\"/Users/nathannovak/Library/Developer/Xcode/DerivedData/StraboSpot2-gztieqkdzpsbarfnoxqpkwxgfcqj/Build/Products/Debug-iphonesimulator/Expo/Expo.modulemap\"\ -fmodule-map-file\=\"/Users/nathannovak/Library/Developer/Xcode/DerivedData/StraboSpot2-gztieqkdzpsbarfnoxqpkwxgfcqj/Build/Products/Debug-iphonesimulator/ExpoAsset/ExpoAsset.modulemap\"\ -fmodule-map-file\=\"/Users/nathannovak/Library/Developer/Xcode/DerivedData/StraboSpot2-gztieqkdzpsbarfnoxqpkwxgfcqj/Build/Products/Debug-iphonesimulator/ExpoFileSystem/ExpoFileSystem.modulemap\"\ -fmodule-map-file\=\"/Users/nathannovak/Library/Developer/Xcode/DerivedData/StraboSpot2-gztieqkdzpsbarfnoxqpkwxgfcqj/Build/Products/Debug-iphonesimulator/ExpoFont/ExpoFont.modulemap\"\ -fmodule-map-file\=\"/Users/nathannovak/Library/Developer/Xcode/DerivedData/StraboSpot2-gztieqkdzpsbarfnoxqpkwxgfcqj/Build/Products/Debug-iphonesimulator/ExpoKeepAwake/ExpoKeepAwake.modulemap\"\ -fmodule-map-file\=\"/Users/nathannovak/Library/Developer/Xcode/DerivedData/StraboSpot2-gztieqkdzpsbarfnoxqpkwxgfcqj/Build/Products/Debug-iphonesimulator/ExpoModulesCore/ExpoModulesCore.modulemap\"\ -fmodule-map-file\=\"/Users/nathannovak/Library/Developer/Xcode/DerivedData/StraboSpot2-gztieqkdzpsbarfnoxqpkwxgfcqj/Build/Products/Debug-iphonesimulator/IQKeyboardManagerSwift/IQKeyboardManagerSwift.modulemap\"\ -fmodule-map-file\=\"/Users/nathannovak/Library/Developer/Xcode/DerivedData/StraboSpot2-gztieqkdzpsbarfnoxqpkwxgfcqj/Build/Products/Debug-iphonesimulator/ReachabilitySwift/Reachability.modulemap\"\ -fmodule-map-file\=\"/Users/nathannovak/Library/Developer/Xcode/DerivedData/StraboSpot2-gztieqkdzpsbarfnoxqpkwxgfcqj/Build/Products/Debug-iphonesimulator/Sentry/Sentry.modulemap\"\ -fmodule-map-file\=\"/Users/nathannovak/Library/Developer/Xcode/DerivedData/StraboSpot2-gztieqkdzpsbarfnoxqpkwxgfcqj/Build/Products/Debug-iphonesimulator/lottie-ios/Lottie.modulemap\"\ -fmodule-map-file\=\"/Users/nathannovak/Library/Developer/Xcode/DerivedData/StraboSpot2-gztieqkdzpsbarfnoxqpkwxgfcqj/Build/Products/Debug-iphonesimulator/lottie-react-native/lottie_react_native.modulemap\"\ -fmodule-map-file\=\"/Users/nathannovak/Library/Developer/Xcode/DerivedData/StraboSpot2-gztieqkdzpsbarfnoxqpkwxgfcqj/Build/Products/Debug-iphonesimulator/react-native-document-picker/react_native_document_picker.modulemap\"\ -fmodule-map-file\=\"/Users/nathannovak/Library/Developer/Xcode/DerivedData/StraboSpot2-gztieqkdzpsbarfnoxqpkwxgfcqj/Build/Products/Debug-iphonesimulator/react-native-orientation-director/react_native_orientation_director.modulemap\"\ -fmodule-map-file\=\"/Users/nathannovak/Library/Developer/Xcode/DerivedData/StraboSpot2-gztieqkdzpsbarfnoxqpkwxgfcqj/Build/Products/Debug-iphonesimulator/rnmapbox-maps/rnmapbox_maps.modulemap\"\ -fmodule-map-file\=\"/Users/nathannovak/Development/Apps/StraboSpot2/ios/Pods/Headers/Public/DoubleConversion/DoubleConversion.modulemap\"\ -fmodule-map-file\=\"/Users/nathannovak/Development/Apps/StraboSpot2/ios/Pods/Headers/Public/EXJSONUtils/EXJSONUtils.modulemap\"\ -fmodule-map-file\=\"/Users/nathannovak/Development/Apps/StraboSpot2/ios/Pods/Headers/Public/EXStructuredHeaders/EXStructuredHeaders.modulemap\"\ -fmodule-map-file\=\"/Users/nathannovak/Development/Apps/StraboSpot2/ios/Pods/Headers/Public/RCTDeprecation/RCTDeprecation.modulemap\"\ -fmodule-map-file\=\"/Users/nathannovak/Development/Apps/StraboSpot2/ios/Pods/Headers/Public/RCTFabric/React-RCTFabric.modulemap\"\ -fmodule-map-file\=\"/Users/nathannovak/Development/Apps/StraboSpot2/ios/Pods/Headers/Public/RCTRuntime/React-RCTRuntime.modulemap\"\ -fmodule-map-file\=\"/Users/nathannovak/Development/Apps/StraboSpot2/ios/Pods/Headers/Public/RCTTypeSafety/RCTTypeSafety.modulemap\"\ -fmodule-map-file\=\"/Users/nathannovak/Development/Apps/StraboSpot2/ios/Pods/Headers/Public/RNReanimated/RNReanimated.modulemap\"\ -fmodule-map-file\=\"/Users/nathannovak/Development/Apps/StraboSpot2/ios/Pods/Headers/Public/React/React-Core.modulemap\"\ -fmodule-map-file\=\"/Users/nathannovak/Development/Apps/StraboSpot2/ios/Pods/Headers/Public/ReactAppDependencyProvider/ReactAppDependencyProvider.modulemap\"\ -fmodule-map-file\=\"/Users/nathannovak/Development/Apps/StraboSpot2/ios/Pods/Headers/Public/ReactCodegen/ReactCodegen.modulemap\"\ -fmodule-map-file\=\"/Users/nathannovak/Development/Apps/StraboSpot2/ios/Pods/Headers/Public/ReactCommon/ReactCommon.modulemap\"\ -fmodule-map-file\=\"/Users/nathannovak/Development/Apps/StraboSpot2/ios/Pods/Headers/Public/React_Fabric/React-Fabric.modulemap\"\ -fmodule-map-file\=\"/Users/nathannovak/Development/Apps/StraboSpot2/ios/Pods/Headers/Public/React_FabricComponents/React-FabricComponents.modulemap\"\ -fmodule-map-file\=\"/Users/nathannovak/Development/Apps/StraboSpot2/ios/Pods/Headers/Public/React_NativeModulesApple/React-NativeModulesApple.modulemap\"\ -fmodule-map-file\=\"/Users/nathannovak/Development/Apps/StraboSpot2/ios/Pods/Headers/Public/React_RCTAppDelegate/React-RCTAppDelegate.modulemap\"\ -fmodule-map-file\=\"/Users/nathannovak/Development/Apps/StraboSpot2/ios/Pods/Headers/Public/SSZipArchive/SSZipArchive.modulemap\"\ -fmodule-map-file\=\"/Users/nathannovak/Development/Apps/StraboSpot2/ios/Pods/Headers/Public/folly/RCT-Folly.modulemap\"\ -fmodule-map-file\=\"/Users/nathannovak/Development/Apps/StraboSpot2/ios/Pods/Headers/Public/glog/glog.modulemap\"\ -fmodule-map-file\=\"/Users/nathannovak/Development/Apps/StraboSpot2/ios/Pods/Headers/Public/jsi/React-jsi.modulemap\"\ -fmodule-map-file\=\"/Users/nathannovak/Development/Apps/StraboSpot2/ios/Pods/Headers/Public/jsinspector_modern/React-jsinspector.modulemap\"\ -fmodule-map-file\=\"/Users/nathannovak/Development/Apps/StraboSpot2/ios/Pods/Headers/Public/jsinspector_modern_tracing/React-jsinspectortracing.modulemap\"\ -fmodule-map-file\=\"/Users/nathannovak/Development/Apps/StraboSpot2/ios/Pods/Headers/Public/react_debug/React-debug.modulemap\"\ -fmodule-map-file\=\"/Users/nathannovak/Development/Apps/StraboSpot2/ios/Pods/Headers/Public/react_featureflags/React-featureflags.modulemap\"\ -fmodule-map-file\=\"/Users/nathannovak/Development/Apps/StraboSpot2/ios/Pods/Headers/Public/react_nativemodule_defaults/React-defaultsnativemodule.modulemap\"\ -fmodule-map-file\=\"/Users/nathannovak/Development/Apps/StraboSpot2/ios/Pods/Headers/Public/react_nativemodule_dom/React-domnativemodule.modulemap\"\ -fmodule-map-file\=\"/Users/nathannovak/Development/Apps/StraboSpot2/ios/Pods/Headers/Public/react_nativemodule_featureflags/React-featureflagsnativemodule.modulemap\"\ -fmodule-map-file\=\"/Users/nathannovak/Development/Apps/StraboSpot2/ios/Pods/Headers/Public/react_nativemodule_idlecallbacks/React-idlecallbacksnativemodule.modulemap\"\ -fmodule-map-file\=\"/Users/nathannovak/Development/Apps/StraboSpot2/ios/Pods/Headers/Public/react_nativemodule_microtasks/React-microtasksnativemodule.modulemap\"\ -fmodule-map-file\=\"/Users/nathannovak/Development/Apps/StraboSpot2/ios/Pods/Headers/Public/react_renderer_css/React-renderercss.modulemap\"\ -fmodule-map-file\=\"/Users/nathannovak/Development/Apps/StraboSpot2/ios/Pods/Headers/Public/react_renderer_debug/React-rendererdebug.modulemap\"\ -fmodule-map-file\=\"/Users/nathannovak/Development/Apps/StraboSpot2/ios/Pods/Headers/Public/react_renderer_graphics/React-graphics.modulemap\"\ -fmodule-map-file\=\"/Users/nathannovak/Development/Apps/StraboSpot2/ios/Pods/Headers/Public/react_renderer_imagemanager/React-ImageManager.modulemap\"\ -fmodule-map-file\=\"/Users/nathannovak/Development/Apps/StraboSpot2/ios/Pods/Headers/Public/react_runtime/React-jsitooling.modulemap\"\ -fmodule-map-file\=\"/Users/nathannovak/Development/Apps/StraboSpot2/ios/Pods/Headers/Public/react_utils/React-utils.modulemap\"\ -fmodule-map-file\=\"/Users/nathannovak/Development/Apps/StraboSpot2/ios/Pods/Headers/Public/reacthermes/React-hermes.modulemap\"\ -fmodule-map-file\=\"/Users/nathannovak/Development/Apps/StraboSpot2/ios/Pods/Headers/Public/yoga/Yoga.modulemap\"\ \ \ \ -DFOLLY_NO_CONFIG\ -DFOLLY_MOBILE\=1\ -DFOLLY_USE_LIBCPP\=1\ -Wno-comma\ -Wno-shorten-64-to-32\ -DRCT_NEW_ARCH_ENABLED\ \ -DREACT_NATIVE_MINOR_VERSION\=79\ -DREANIMATED_VERSION\=3.17.5\ -DFOLLY_NO_CONFIG\ -DFOLLY_MOBILE\=1\ -DFOLLY_USE_LIBCPP\=1\ -DFOLLY_CFG_NO_COROUTINES\=1\ -DFOLLY_HAVE_CLOCK_GETTIME\=1\ -DRCT_NEW_ARCH_ENABLED\=1\ -DFOLLY_NO_CONFIG\ -DFOLLY_MOBILE\=1\ -DFOLLY_USE_LIBCPP\=1\ -DFOLLY_CFG_NO_COROUTINES\=1\ -DFOLLY_HAVE_CLOCK_GETTIME\=1\ -Wno-comma\ -Wno-shorten-64-to-32
    export OTHER_LDFLAGS\=\ \ \ -ObjC\ -l\"DoubleConversion\"\ -l\"EASClient\"\ -l\"EXConstants\"\ -l\"EXJSONUtils\"\ -l\"EXManifests\"\ -l\"EXStructuredHeaders\"\ -l\"EXUpdates\"\ -l\"EXUpdatesInterface\"\ -l\"Expo\"\ -l\"ExpoAsset\"\ -l\"ExpoFileSystem\"\ -l\"ExpoFont\"\ -l\"ExpoKeepAwake\"\ -l\"ExpoModulesCore\"\ -l\"IQKeyboardManagerSwift\"\ -l\"RCT-Folly\"\ -l\"RCTDeprecation\"\ -l\"RCTTypeSafety\"\ -l\"RNCAsyncStorage\"\ -l\"RNCClipboard\"\ -l\"RNCPicker\"\ -l\"RNDateTimePicker\"\ -l\"RNDeviceInfo\"\ -l\"RNFS\"\ -l\"RNGestureHandler\"\ -l\"RNReanimated\"\ -l\"RNScreens\"\ -l\"RNSensors\"\ -l\"RNSentry\"\ -l\"RNSketchCanvas\"\ -l\"RNSoundPlayer\"\ -l\"RNVectorIcons\"\ -l\"RNZipArchive\"\ -l\"ReachabilitySwift\"\ -l\"React-Core\"\ -l\"React-CoreModules\"\ -l\"React-Fabric\"\ -l\"React-FabricComponents\"\ -l\"React-FabricImage\"\ -l\"React-ImageManager\"\ -l\"React-Mapbuffer\"\ -l\"React-NativeModulesApple\"\ -l\"React-RCTAnimation\"\ -l\"React-RCTAppDelegate\"\ -l\"React-RCTBlob\"\ -l\"React-RCTFBReactNativeSpec\"\ -l\"React-RCTFabric\"\ -l\"React-RCTImage\"\ -l\"React-RCTLinking\"\ -l\"React-RCTNetwork\"\ -l\"React-RCTRuntime\"\ -l\"React-RCTSettings\"\ -l\"React-RCTText\"\ -l\"React-RCTVibration\"\ -l\"React-RuntimeApple\"\ -l\"React-RuntimeCore\"\ -l\"React-RuntimeHermes\"\ -l\"React-cxxreact\"\ -l\"React-debug\"\ -l\"React-defaultsnativemodule\"\ -l\"React-domnativemodule\"\ -l\"React-featureflags\"\ -l\"React-featureflagsnativemodule\"\ -l\"React-graphics\"\ -l\"React-hermes\"\ -l\"React-idlecallbacksnativemodule\"\ -l\"React-jserrorhandler\"\ -l\"React-jsi\"\ -l\"React-jsiexecutor\"\ -l\"React-jsinspector\"\ -l\"React-jsinspectortracing\"\ -l\"React-jsitooling\"\ -l\"React-logger\"\ -l\"React-microtasksnativemodule\"\ -l\"React-oscompat\"\ -l\"React-perflogger\"\ -l\"React-performancetimeline\"\ -l\"React-rendererconsistency\"\ -l\"React-renderercss\"\ -l\"React-rendererdebug\"\ -l\"React-runtimescheduler\"\ -l\"React-utils\"\ -l\"ReactAppDependencyProvider\"\ -l\"ReactCodegen\"\ -l\"ReactCommon\"\ -l\"ReactNativeKeyboardManager\"\ -l\"SSZipArchive\"\ -l\"Sentry\"\ -l\"SocketRocket\"\ -l\"Yoga\"\ -l\"c++\"\ -l\"c++abi\"\ -l\"fmt\"\ -l\"glog\"\ -l\"iconv\"\ -l\"icucore\"\ -l\"lottie-ios\"\ -l\"lottie-react-native\"\ -l\"react-native-blob-util\"\ -l\"react-native-document-picker\"\ -l\"react-native-geolocation\"\ -l\"react-native-get-random-values\"\ -l\"react-native-image-picker\"\ -l\"react-native-image-resizer\"\ -l\"react-native-keep-awake\"\ -l\"react-native-netinfo\"\ -l\"react-native-orientation-director\"\ -l\"react-native-pager-view\"\ -l\"react-native-pdf\"\ -l\"react-native-safe-area-context\"\ -l\"react-native-slider\"\ -l\"rnmapbox-maps\"\ -l\"swiftCoreGraphics\"\ -l\"z\"\ -framework\ \"AVFoundation\"\ -framework\ \"Accelerate\"\ -framework\ \"AssetsLibrary\"\ -framework\ \"AudioToolbox\"\ -framework\ \"CFNetwork\"\ -framework\ \"CoreGraphics\"\ -framework\ \"CoreLocation\"\ -framework\ \"CoreMedia\"\ -framework\ \"CoreTelephony\"\ -framework\ \"Foundation\"\ -framework\ \"ImageIO\"\ -framework\ \"MapboxCommon\"\ -framework\ \"MapboxCoreMaps\"\ -framework\ \"MapboxMaps\"\ -framework\ \"MapboxMobileEvents\"\ -framework\ \"MobileCoreServices\"\ -framework\ \"PDFKit\"\ -framework\ \"Photos\"\ -framework\ \"PhotosUI\"\ -framework\ \"QuartzCore\"\ -framework\ \"Security\"\ -framework\ \"SystemConfiguration\"\ -framework\ \"Turf\"\ -framework\ \"UIKit\"\ -framework\ \"hermes\"\ -weak_framework\ \"Combine\"\ -weak_framework\ \"JavaScriptCore\"\ -weak_framework\ \"SwiftUI\"\ -ObjC\ -lc++
    export OTHER_SWIFT_FLAGS\=\ -D\ COCOAPODS\ -Xcc\ -fmodule-map-file\=\"/Users/nathannovak/Library/Developer/Xcode/DerivedData/StraboSpot2-gztieqkdzpsbarfnoxqpkwxgfcqj/Build/Products/Debug-iphonesimulator/EASClient/EASClient.modulemap\"\ -Xcc\ -fmodule-map-file\=\"/Users/nathannovak/Library/Developer/Xcode/DerivedData/StraboSpot2-gztieqkdzpsbarfnoxqpkwxgfcqj/Build/Products/Debug-iphonesimulator/EXConstants/EXConstants.modulemap\"\ -Xcc\ -fmodule-map-file\=\"/Users/nathannovak/Library/Developer/Xcode/DerivedData/StraboSpot2-gztieqkdzpsbarfnoxqpkwxgfcqj/Build/Products/Debug-iphonesimulator/EXManifests/EXManifests.modulemap\"\ -Xcc\ -fmodule-map-file\=\"/Users/nathannovak/Library/Developer/Xcode/DerivedData/StraboSpot2-gztieqkdzpsbarfnoxqpkwxgfcqj/Build/Products/Debug-iphonesimulator/EXUpdates/EXUpdates.modulemap\"\ -Xcc\ -fmodule-map-file\=\"/Users/nathannovak/Library/Developer/Xcode/DerivedData/StraboSpot2-gztieqkdzpsbarfnoxqpkwxgfcqj/Build/Products/Debug-iphonesimulator/EXUpdatesInterface/EXUpdatesInterface.modulemap\"\ -Xcc\ -fmodule-map-file\=\"/Users/nathannovak/Library/Developer/Xcode/DerivedData/StraboSpot2-gztieqkdzpsbarfnoxqpkwxgfcqj/Build/Products/Debug-iphonesimulator/Expo/Expo.modulemap\"\ -Xcc\ -fmodule-map-file\=\"/Users/nathannovak/Library/Developer/Xcode/DerivedData/StraboSpot2-gztieqkdzpsbarfnoxqpkwxgfcqj/Build/Products/Debug-iphonesimulator/ExpoAsset/ExpoAsset.modulemap\"\ -Xcc\ -fmodule-map-file\=\"/Users/nathannovak/Library/Developer/Xcode/DerivedData/StraboSpot2-gztieqkdzpsbarfnoxqpkwxgfcqj/Build/Products/Debug-iphonesimulator/ExpoFileSystem/ExpoFileSystem.modulemap\"\ -Xcc\ -fmodule-map-file\=\"/Users/nathannovak/Library/Developer/Xcode/DerivedData/StraboSpot2-gztieqkdzpsbarfnoxqpkwxgfcqj/Build/Products/Debug-iphonesimulator/ExpoFont/ExpoFont.modulemap\"\ -Xcc\ -fmodule-map-file\=\"/Users/nathannovak/Library/Developer/Xcode/DerivedData/StraboSpot2-gztieqkdzpsbarfnoxqpkwxgfcqj/Build/Products/Debug-iphonesimulator/ExpoKeepAwake/ExpoKeepAwake.modulemap\"\ -Xcc\ -fmodule-map-file\=\"/Users/nathannovak/Library/Developer/Xcode/DerivedData/StraboSpot2-gztieqkdzpsbarfnoxqpkwxgfcqj/Build/Products/Debug-iphonesimulator/ExpoModulesCore/ExpoModulesCore.modulemap\"\ -Xcc\ -fmodule-map-file\=\"/Users/nathannovak/Library/Developer/Xcode/DerivedData/StraboSpot2-gztieqkdzpsbarfnoxqpkwxgfcqj/Build/Products/Debug-iphonesimulator/IQKeyboardManagerSwift/IQKeyboardManagerSwift.modulemap\"\ -Xcc\ -fmodule-map-file\=\"/Users/nathannovak/Library/Developer/Xcode/DerivedData/StraboSpot2-gztieqkdzpsbarfnoxqpkwxgfcqj/Build/Products/Debug-iphonesimulator/ReachabilitySwift/Reachability.modulemap\"\ -Xcc\ -fmodule-map-file\=\"/Users/nathannovak/Library/Developer/Xcode/DerivedData/StraboSpot2-gztieqkdzpsbarfnoxqpkwxgfcqj/Build/Products/Debug-iphonesimulator/Sentry/Sentry.modulemap\"\ -Xcc\ -fmodule-map-file\=\"/Users/nathannovak/Library/Developer/Xcode/DerivedData/StraboSpot2-gztieqkdzpsbarfnoxqpkwxgfcqj/Build/Products/Debug-iphonesimulator/lottie-ios/Lottie.modulemap\"\ -Xcc\ -fmodule-map-file\=\"/Users/nathannovak/Library/Developer/Xcode/DerivedData/StraboSpot2-gztieqkdzpsbarfnoxqpkwxgfcqj/Build/Products/Debug-iphonesimulator/lottie-react-native/lottie_react_native.modulemap\"\ -Xcc\ -fmodule-map-file\=\"/Users/nathannovak/Library/Developer/Xcode/DerivedData/StraboSpot2-gztieqkdzpsbarfnoxqpkwxgfcqj/Build/Products/Debug-iphonesimulator/react-native-document-picker/react_native_document_picker.modulemap\"\ -Xcc\ -fmodule-map-file\=\"/Users/nathannovak/Library/Developer/Xcode/DerivedData/StraboSpot2-gztieqkdzpsbarfnoxqpkwxgfcqj/Build/Products/Debug-iphonesimulator/react-native-orientation-director/react_native_orientation_director.modulemap\"\ -Xcc\ -fmodule-map-file\=\"/Users/nathannovak/Library/Developer/Xcode/DerivedData/StraboSpot2-gztieqkdzpsbarfnoxqpkwxgfcqj/Build/Products/Debug-iphonesimulator/rnmapbox-maps/rnmapbox_maps.modulemap\"\ -Xcc\ -fmodule-map-file\=\"/Users/nathannovak/Development/Apps/StraboSpot2/ios/Pods/Headers/Public/DoubleConversion/DoubleConversion.modulemap\"\ -Xcc\ -fmodule-map-file\=\"/Users/nathannovak/Development/Apps/StraboSpot2/ios/Pods/Headers/Public/EXJSONUtils/EXJSONUtils.modulemap\"\ -Xcc\ -fmodule-map-file\=\"/Users/nathannovak/Development/Apps/StraboSpot2/ios/Pods/Headers/Public/EXStructuredHeaders/EXStructuredHeaders.modulemap\"\ -Xcc\ -fmodule-map-file\=\"/Users/nathannovak/Development/Apps/StraboSpot2/ios/Pods/Headers/Public/RCTDeprecation/RCTDeprecation.modulemap\"\ -Xcc\ -fmodule-map-file\=\"/Users/nathannovak/Development/Apps/StraboSpot2/ios/Pods/Headers/Public/RCTFabric/React-RCTFabric.modulemap\"\ -Xcc\ -fmodule-map-file\=\"/Users/nathannovak/Development/Apps/StraboSpot2/ios/Pods/Headers/Public/RCTRuntime/React-RCTRuntime.modulemap\"\ -Xcc\ -fmodule-map-file\=\"/Users/nathannovak/Development/Apps/StraboSpot2/ios/Pods/Headers/Public/RCTTypeSafety/RCTTypeSafety.modulemap\"\ -Xcc\ -fmodule-map-file\=\"/Users/nathannovak/Development/Apps/StraboSpot2/ios/Pods/Headers/Public/RNReanimated/RNReanimated.modulemap\"\ -Xcc\ -fmodule-map-file\=\"/Users/nathannovak/Development/Apps/StraboSpot2/ios/Pods/Headers/Public/React/React-Core.modulemap\"\ -Xcc\ -fmodule-map-file\=\"/Users/nathannovak/Development/Apps/StraboSpot2/ios/Pods/Headers/Public/ReactAppDependencyProvider/ReactAppDependencyProvider.modulemap\"\ -Xcc\ -fmodule-map-file\=\"/Users/nathannovak/Development/Apps/StraboSpot2/ios/Pods/Headers/Public/ReactCodegen/ReactCodegen.modulemap\"\ -Xcc\ -fmodule-map-file\=\"/Users/nathannovak/Development/Apps/StraboSpot2/ios/Pods/Headers/Public/ReactCommon/ReactCommon.modulemap\"\ -Xcc\ -fmodule-map-file\=\"/Users/nathannovak/Development/Apps/StraboSpot2/ios/Pods/Headers/Public/React_Fabric/React-Fabric.modulemap\"\ -Xcc\ -fmodule-map-file\=\"/Users/nathannovak/Development/Apps/StraboSpot2/ios/Pods/Headers/Public/React_FabricComponents/React-FabricComponents.modulemap\"\ -Xcc\ -fmodule-map-file\=\"/Users/nathannovak/Development/Apps/StraboSpot2/ios/Pods/Headers/Public/React_NativeModulesApple/React-NativeModulesApple.modulemap\"\ -Xcc\ -fmodule-map-file\=\"/Users/nathannovak/Development/Apps/StraboSpot2/ios/Pods/Headers/Public/React_RCTAppDelegate/React-RCTAppDelegate.modulemap\"\ -Xcc\ -fmodule-map-file\=\"/Users/nathannovak/Development/Apps/StraboSpot2/ios/Pods/Headers/Public/SSZipArchive/SSZipArchive.modulemap\"\ -Xcc\ -fmodule-map-file\=\"/Users/nathannovak/Development/Apps/StraboSpot2/ios/Pods/Headers/Public/folly/RCT-Folly.modulemap\"\ -Xcc\ -fmodule-map-file\=\"/Users/nathannovak/Development/Apps/StraboSpot2/ios/Pods/Headers/Public/glog/glog.modulemap\"\ -Xcc\ -fmodule-map-file\=\"/Users/nathannovak/Development/Apps/StraboSpot2/ios/Pods/Headers/Public/jsi/React-jsi.modulemap\"\ -Xcc\ -fmodule-map-file\=\"/Users/nathannovak/Development/Apps/StraboSpot2/ios/Pods/Headers/Public/jsinspector_modern/React-jsinspector.modulemap\"\ -Xcc\ -fmodule-map-file\=\"/Users/nathannovak/Development/Apps/StraboSpot2/ios/Pods/Headers/Public/jsinspector_modern_tracing/React-jsinspectortracing.modulemap\"\ -Xcc\ -fmodule-map-file\=\"/Users/nathannovak/Development/Apps/StraboSpot2/ios/Pods/Headers/Public/react_debug/React-debug.modulemap\"\ -Xcc\ -fmodule-map-file\=\"/Users/nathannovak/Development/Apps/StraboSpot2/ios/Pods/Headers/Public/react_featureflags/React-featureflags.modulemap\"\ -Xcc\ -fmodule-map-file\=\"/Users/nathannovak/Development/Apps/StraboSpot2/ios/Pods/Headers/Public/react_nativemodule_defaults/React-defaultsnativemodule.modulemap\"\ -Xcc\ -fmodule-map-file\=\"/Users/nathannovak/Development/Apps/StraboSpot2/ios/Pods/Headers/Public/react_nativemodule_dom/React-domnativemodule.modulemap\"\ -Xcc\ -fmodule-map-file\=\"/Users/nathannovak/Development/Apps/StraboSpot2/ios/Pods/Headers/Public/react_nativemodule_featureflags/React-featureflagsnativemodule.modulemap\"\ -Xcc\ -fmodule-map-file\=\"/Users/nathannovak/Development/Apps/StraboSpot2/ios/Pods/Headers/Public/react_nativemodule_idlecallbacks/React-idlecallbacksnativemodule.modulemap\"\ -Xcc\ -fmodule-map-file\=\"/Users/nathannovak/Development/Apps/StraboSpot2/ios/Pods/Headers/Public/react_nativemodule_microtasks/React-microtasksnativemodule.modulemap\"\ -Xcc\ -fmodule-map-file\=\"/Users/nathannovak/Development/Apps/StraboSpot2/ios/Pods/Headers/Public/react_renderer_css/React-renderercss.modulemap\"\ -Xcc\ -fmodule-map-file\=\"/Users/nathannovak/Development/Apps/StraboSpot2/ios/Pods/Headers/Public/react_renderer_debug/React-rendererdebug.modulemap\"\ -Xcc\ -fmodule-map-file\=\"/Users/nathannovak/Development/Apps/StraboSpot2/ios/Pods/Headers/Public/react_renderer_graphics/React-graphics.modulemap\"\ -Xcc\ -fmodule-map-file\=\"/Users/nathannovak/Development/Apps/StraboSpot2/ios/Pods/Headers/Public/react_renderer_imagemanager/React-ImageManager.modulemap\"\ -Xcc\ -fmodule-map-file\=\"/Users/nathannovak/Development/Apps/StraboSpot2/ios/Pods/Headers/Public/react_runtime/React-jsitooling.modulemap\"\ -Xcc\ -fmodule-map-file\=\"/Users/nathannovak/Development/Apps/StraboSpot2/ios/Pods/Headers/Public/react_utils/React-utils.modulemap\"\ -Xcc\ -fmodule-map-file\=\"/Users/nathannovak/Development/Apps/StraboSpot2/ios/Pods/Headers/Public/reacthermes/React-hermes.modulemap\"\ -Xcc\ -fmodule-map-file\=\"/Users/nathannovak/Development/Apps/StraboSpot2/ios/Pods/Headers/Public/yoga/Yoga.modulemap\"\ -D\ EXPO_CONFIGURATION_DEBUG
    export PACKAGE_TYPE\=com.apple.package-type.wrapper.application
    export PASCAL_STRINGS\=YES
    export PATH\=/Applications/Xcode.app/Contents/SharedFrameworks/SwiftBuild.framework/Versions/A/PlugIns/SWBBuildService.bundle/Contents/PlugIns/SWBUniversalPlatformPlugin.bundle/Contents/Frameworks/SWBUniversalPlatform.framework/Resources:/Applications/Xcode.app/Contents/Developer/Toolchains/XcodeDefault.xctoolchain/usr/bin:/Applications/Xcode.app/Contents/Developer/Toolchains/XcodeDefault.xctoolchain/usr/local/bin:/Applications/Xcode.app/Contents/Developer/Toolchains/XcodeDefault.xctoolchain/usr/libexec:/Applications/Xcode.app/Contents/Developer/Platforms/iPhoneSimulator.platform/usr/bin:/Applications/Xcode.app/Contents/Developer/Platforms/iPhoneSimulator.platform/usr/local/bin:/Applications/Xcode.app/Contents/Developer/Platforms/iPhoneSimulator.platform/Developer/usr/bin:/Applications/Xcode.app/Contents/Developer/Platforms/iPhoneSimulator.platform/Developer/usr/local/bin:/Applications/Xcode.app/Contents/Developer/usr/bin:/Applications/Xcode.app/Contents/Developer/usr/local/bin:/Users/nathannovak/Development/Apps/StraboSpot2/node_modules/.bin:/Users/nathannovak/Development/Apps/node_modules/.bin:/Users/nathannovak/Development/node_modules/.bin:/Users/nathannovak/node_modules/.bin:/Users/node_modules/.bin:/node_modules/.bin:/Users/nathannovak/.nvm/versions/node/v22.16.0/lib/node_modules/npm/node_modules/@npmcli/run-script/lib/node-gyp-bin:/Users/nathannovak/.flashlight/bin:/Users/nathannovak/.nvm/versions/node/v22.16.0/bin:/Users/nathannovak/google-cloud-sdk/bin:/Users/nathannovak/.rbenv/shims:/Library/Frameworks/Python.framework/Versions/3.10/bin:/Library/Frameworks/Python.framework/Versions/3.6/bin:/usr/local/bin:/System/Cryptexes/App/usr/bin:/usr/bin:/bin:/usr/sbin:/sbin:/var/run/com.apple.security.cryptexd/codex.system/bootstrap/usr/local/bin:/var/run/com.apple.security.cryptexd/codex.system/bootstrap/usr/bin:/var/run/com.apple.security.cryptexd/codex.system/bootstrap/usr/appleinternal/bin:/Library/Apple/usr/bin:/Library/TeX/texbin:/Users/nathannovak/Library/Android/sdk/emulator:/Users/nathannovak/Library/Android/sdk/platform-tools
    export PATH_PREFIXES_EXCLUDED_FROM_HEADER_DEPENDENCIES\=/usr/include\ /usr/local/include\ /System/Library/Frameworks\ /System/Library/PrivateFrameworks\ /Applications/Xcode.app/Contents/Developer/Headers\ /Applications/Xcode.app/Contents/Developer/SDKs\ /Applications/Xcode.app/Contents/Developer/Platforms
    export PBDEVELOPMENTPLIST_PATH\=StraboSpot2.app/pbdevelopment.plist
    export PER_ARCH_MODULE_FILE_DIR\=/Users/nathannovak/Library/Developer/Xcode/DerivedData/StraboSpot2-gztieqkdzpsbarfnoxqpkwxgfcqj/Build/Intermediates.noindex/StraboSpot2.build/Debug-iphonesimulator/StraboSpot2.build/Objects-normal/undefined_arch
    export PER_ARCH_OBJECT_FILE_DIR\=/Users/nathannovak/Library/Developer/Xcode/DerivedData/StraboSpot2-gztieqkdzpsbarfnoxqpkwxgfcqj/Build/Intermediates.noindex/StraboSpot2.build/Debug-iphonesimulator/StraboSpot2.build/Objects-normal/undefined_arch
    export PER_VARIANT_OBJECT_FILE_DIR\=/Users/nathannovak/Library/Developer/Xcode/DerivedData/StraboSpot2-gztieqkdzpsbarfnoxqpkwxgfcqj/Build/Intermediates.noindex/StraboSpot2.build/Debug-iphonesimulator/StraboSpot2.build/Objects-normal
    export PKGINFO_FILE_PATH\=/Users/nathannovak/Library/Developer/Xcode/DerivedData/StraboSpot2-gztieqkdzpsbarfnoxqpkwxgfcqj/Build/Intermediates.noindex/StraboSpot2.build/Debug-iphonesimulator/StraboSpot2.build/PkgInfo
    export PKGINFO_PATH\=StraboSpot2.app/PkgInfo
    export PLATFORM_DEVELOPER_APPLICATIONS_DIR\=/Applications/Xcode.app/Contents/Developer/Platforms/iPhoneSimulator.platform/Developer/Applications
    export PLATFORM_DEVELOPER_BIN_DIR\=/Applications/Xcode.app/Contents/Developer/Platforms/iPhoneSimulator.platform/Developer/usr/bin
    export PLATFORM_DEVELOPER_LIBRARY_DIR\=/Applications/Xcode.app/Contents/Developer/Platforms/iPhoneSimulator.platform/Developer/Library
    export PLATFORM_DEVELOPER_SDK_DIR\=/Applications/Xcode.app/Contents/Developer/Platforms/iPhoneSimulator.platform/Developer/SDKs
    export PLATFORM_DEVELOPER_TOOLS_DIR\=/Applications/Xcode.app/Contents/Developer/Platforms/iPhoneSimulator.platform/Developer/Tools
    export PLATFORM_DEVELOPER_USR_DIR\=/Applications/Xcode.app/Contents/Developer/Platforms/iPhoneSimulator.platform/Developer/usr
    export PLATFORM_DIR\=/Applications/Xcode.app/Contents/Developer/Platforms/iPhoneSimulator.platform
    export PLATFORM_DISPLAY_NAME\=iOS\ Simulator
    export PLATFORM_FAMILY_NAME\=iOS
    export PLATFORM_NAME\=iphonesimulator
    export PLATFORM_PREFERRED_ARCH\=x86_64
    export PLATFORM_PRODUCT_BUILD_VERSION\=23A339
    export PLATFORM_REQUIRES_SWIFT_AUTOLINK_EXTRACT\=NO
    export PLATFORM_REQUIRES_SWIFT_MODULEWRAP\=NO
    export PLIST_FILE_OUTPUT_FORMAT\=binary
    export PLUGINS_FOLDER_PATH\=StraboSpot2.app/PlugIns
    export PODS_BUILD_DIR\=/Users/nathannovak/Library/Developer/Xcode/DerivedData/StraboSpot2-gztieqkdzpsbarfnoxqpkwxgfcqj/Build/Products
    export PODS_CONFIGURATION_BUILD_DIR\=/Users/nathannovak/Library/Developer/Xcode/DerivedData/StraboSpot2-gztieqkdzpsbarfnoxqpkwxgfcqj/Build/Products/Debug-iphonesimulator
    export PODS_PODFILE_DIR_PATH\=/Users/nathannovak/Development/Apps/StraboSpot2/ios/.
    export PODS_ROOT\=/Users/nathannovak/Development/Apps/StraboSpot2/ios/Pods
    export PODS_XCFRAMEWORKS_BUILD_DIR\=/Users/nathannovak/Library/Developer/Xcode/DerivedData/StraboSpot2-gztieqkdzpsbarfnoxqpkwxgfcqj/Build/Products/Debug-iphonesimulator/XCFrameworkIntermediates
    export PRECOMPS_INCLUDE_HEADERS_FROM_BUILT_PRODUCTS_DIR\=YES
    export PRECOMP_DESTINATION_DIR\=/Users/nathannovak/Library/Developer/Xcode/DerivedData/StraboSpot2-gztieqkdzpsbarfnoxqpkwxgfcqj/Build/Intermediates.noindex/StraboSpot2.build/Debug-iphonesimulator/StraboSpot2.build/PrefixHeaders
    export PRIVATE_HEADERS_FOLDER_PATH\=StraboSpot2.app/PrivateHeaders
    export PROCESSED_INFOPLIST_PATH\=/Users/nathannovak/Library/Developer/Xcode/DerivedData/StraboSpot2-gztieqkdzpsbarfnoxqpkwxgfcqj/Build/Intermediates.noindex/StraboSpot2.build/Debug-iphonesimulator/StraboSpot2.build/Objects-normal/undefined_arch/Processed-Info.plist
    export PRODUCT_BUNDLE_IDENTIFIER\=org.StraboSpot2
    export PRODUCT_BUNDLE_PACKAGE_TYPE\=APPL
    export PRODUCT_MODULE_NAME\=StraboSpot2
    export PRODUCT_NAME\=StraboSpot2
    export PRODUCT_SETTINGS_PATH\=/Users/nathannovak/Development/Apps/StraboSpot2/ios/StraboSpot2/Info.plist
    export PRODUCT_TYPE\=com.apple.product-type.application
    export PROFILING_CODE\=NO
    export PROJECT\=StraboSpot2
    export PROJECT_DERIVED_FILE_DIR\=/Users/nathannovak/Library/Developer/Xcode/DerivedData/StraboSpot2-gztieqkdzpsbarfnoxqpkwxgfcqj/Build/Intermediates.noindex/StraboSpot2.build/DerivedSources
    export PROJECT_DIR\=/Users/nathannovak/Development/Apps/StraboSpot2/ios
    export PROJECT_FILE_PATH\=/Users/nathannovak/Development/Apps/StraboSpot2/ios/StraboSpot2.xcodeproj
    export PROJECT_GUID\=5ae4280a4e419be4569b03d7a8f7e3cb
    export PROJECT_NAME\=StraboSpot2
    export PROJECT_TEMP_DIR\=/Users/nathannovak/Library/Developer/Xcode/DerivedData/StraboSpot2-gztieqkdzpsbarfnoxqpkwxgfcqj/Build/Intermediates.noindex/StraboSpot2.build
    export PROJECT_TEMP_ROOT\=/Users/nathannovak/Library/Developer/Xcode/DerivedData/StraboSpot2-gztieqkdzpsbarfnoxqpkwxgfcqj/Build/Intermediates.noindex
    export PROVISIONING_PROFILE_REQUIRED\=NO
    export PROVISIONING_PROFILE_REQUIRED_YES_YES\=YES
    export PROVISIONING_PROFILE_SUPPORTED\=YES
    export PUBLIC_HEADERS_FOLDER_PATH\=StraboSpot2.app/Headers
    export REACT_NATIVE_PATH\=/Users/nathannovak/Development/Apps/StraboSpot2/ios/Pods/../../node_modules/react-native
    export RECOMMENDED_IPHONEOS_DEPLOYMENT_TARGET\=15.0
    export RECURSIVE_SEARCH_PATHS_FOLLOW_SYMLINKS\=YES
    export REMOVE_CVS_FROM_RESOURCES\=YES
    export REMOVE_GIT_FROM_RESOURCES\=YES
    export REMOVE_HEADERS_FROM_EMBEDDED_BUNDLES\=YES
    export REMOVE_HG_FROM_RESOURCES\=YES
    export REMOVE_STATIC_EXECUTABLES_FROM_EMBEDDED_BUNDLES\=YES
    export REMOVE_SVN_FROM_RESOURCES\=YES
    export RESCHEDULE_INDEPENDENT_HEADERS_PHASES\=YES
    export REZ_COLLECTOR_DIR\=/Users/nathannovak/Library/Developer/Xcode/DerivedData/StraboSpot2-gztieqkdzpsbarfnoxqpkwxgfcqj/Build/Intermediates.noindex/StraboSpot2.build/Debug-iphonesimulator/StraboSpot2.build/ResourceManagerResources
    export REZ_OBJECTS_DIR\=/Users/nathannovak/Library/Developer/Xcode/DerivedData/StraboSpot2-gztieqkdzpsbarfnoxqpkwxgfcqj/Build/Intermediates.noindex/StraboSpot2.build/Debug-iphonesimulator/StraboSpot2.build/ResourceManagerResources/Objects
    export REZ_SEARCH_PATHS\=/Users/nathannovak/Library/Developer/Xcode/DerivedData/StraboSpot2-gztieqkdzpsbarfnoxqpkwxgfcqj/Build/Products/Debug-iphonesimulator\ 
    export RUNTIME_EXCEPTION_ALLOW_DYLD_ENVIRONMENT_VARIABLES\=NO
    export RUNTIME_EXCEPTION_ALLOW_JIT\=NO
    export RUNTIME_EXCEPTION_ALLOW_UNSIGNED_EXECUTABLE_MEMORY\=NO
    export RUNTIME_EXCEPTION_DEBUGGING_TOOL\=NO
    export RUNTIME_EXCEPTION_DISABLE_EXECUTABLE_PAGE_PROTECTION\=NO
    export RUNTIME_EXCEPTION_DISABLE_LIBRARY_VALIDATION\=NO
    export SCAN_ALL_SOURCE_FILES_FOR_INCLUDES\=NO
    export SCRIPTS_FOLDER_PATH\=StraboSpot2.app/Scripts
    export SCRIPT_INPUT_FILE_0\=/Users/nathannovak/Development/Apps/StraboSpot2/ios/.xcode.env.local
    export SCRIPT_INPUT_FILE_1\=/Users/nathannovak/Development/Apps/StraboSpot2/ios/.xcode.env
    export SCRIPT_INPUT_FILE_COUNT\=2
    export SCRIPT_INPUT_FILE_LIST_COUNT\=0
    export SCRIPT_OUTPUT_FILE_COUNT\=0
    export SCRIPT_OUTPUT_FILE_LIST_COUNT\=0
    export SDKROOT\=/Applications/Xcode.app/Contents/Developer/Platforms/iPhoneSimulator.platform/Developer/SDKs/iPhoneSimulator26.0.sdk
    export SDK_DIR\=/Applications/Xcode.app/Contents/Developer/Platforms/iPhoneSimulator.platform/Developer/SDKs/iPhoneSimulator26.0.sdk
    export SDK_DIR_iphonesimulator\=/Applications/Xcode.app/Contents/Developer/Platforms/iPhoneSimulator.platform/Developer/SDKs/iPhoneSimulator26.0.sdk
    export SDK_DIR_iphonesimulator26_0\=/Applications/Xcode.app/Contents/Developer/Platforms/iPhoneSimulator.platform/Developer/SDKs/iPhoneSimulator26.0.sdk
    export SDK_NAME\=iphonesimulator26.0
    export SDK_NAMES\=iphonesimulator26.0
    export SDK_PRODUCT_BUILD_VERSION\=23A339
    export SDK_STAT_CACHE_DIR\=/Users/nathannovak/Library/Developer/Xcode/DerivedData
    export SDK_STAT_CACHE_ENABLE\=YES
    export SDK_STAT_CACHE_PATH\=/Users/nathannovak/Library/Developer/Xcode/DerivedData/SDKStatCaches.noindex/iphonesimulator26.0-23A339-26257891a6c027eb51374368541b8346.sdkstatcache
    export SDK_VERSION\=26.0
    export SDK_VERSION_ACTUAL\=260000
    export SDK_VERSION_MAJOR\=260000
    export SDK_VERSION_MINOR\=260000
    export SED\=/usr/bin/sed
    export SEPARATE_STRIP\=NO
    export SEPARATE_SYMBOL_EDIT\=NO
    export SET_DIR_MODE_OWNER_GROUP\=YES
    export SET_FILE_MODE_OWNER_GROUP\=NO
    export SHALLOW_BUNDLE\=YES
    export SHALLOW_BUNDLE_TRIPLE\=ios-simulator
    export SHALLOW_BUNDLE_ios_macabi\=NO
    export SHALLOW_BUNDLE_macos\=NO
    export SHARED_DERIVED_FILE_DIR\=/Users/nathannovak/Library/Developer/Xcode/DerivedData/StraboSpot2-gztieqkdzpsbarfnoxqpkwxgfcqj/Build/Products/Debug-iphonesimulator/DerivedSources
    export SHARED_FRAMEWORKS_FOLDER_PATH\=StraboSpot2.app/SharedFrameworks
    export SHARED_PRECOMPS_DIR\=/Users/nathannovak/Library/Developer/Xcode/DerivedData/StraboSpot2-gztieqkdzpsbarfnoxqpkwxgfcqj/Build/Intermediates.noindex/PrecompiledHeaders
    export SHARED_SUPPORT_FOLDER_PATH\=StraboSpot2.app/SharedSupport
    export SKIP_INSTALL\=NO
    export SOURCE_ROOT\=/Users/nathannovak/Development/Apps/StraboSpot2/ios
    export SRCROOT\=/Users/nathannovak/Development/Apps/StraboSpot2/ios
    export STRINGSDATA_DIR\=/Users/nathannovak/Library/Developer/Xcode/DerivedData/StraboSpot2-gztieqkdzpsbarfnoxqpkwxgfcqj/Build/Intermediates.noindex/StraboSpot2.build/Debug-iphonesimulator/StraboSpot2.build/Objects-normal/undefined_arch
    export STRINGSDATA_ROOT\=/Users/nathannovak/Library/Developer/Xcode/DerivedData/StraboSpot2-gztieqkdzpsbarfnoxqpkwxgfcqj/Build/Intermediates.noindex/StraboSpot2.build/Debug-iphonesimulator/StraboSpot2.build
    export STRINGS_FILE_INFOPLIST_RENAME\=YES
    export STRINGS_FILE_OUTPUT_ENCODING\=binary
    export STRING_CATALOG_GENERATE_SYMBOLS\=NO
    export STRIP_BITCODE_FROM_COPIED_FILES\=NO
    export STRIP_INSTALLED_PRODUCT\=NO
    export STRIP_STYLE\=all
    export STRIP_SWIFT_SYMBOLS\=YES
    export SUPPORTED_DEVICE_FAMILIES\=1,2
    export SUPPORTED_PLATFORMS\=iphoneos\ iphonesimulator
    export SUPPORTS_MACCATALYST\=NO
    export SUPPORTS_MAC_DESIGNED_FOR_IPHONE_IPAD\=NO
    export SUPPORTS_ON_DEMAND_RESOURCES\=YES
    export SUPPORTS_TEXT_BASED_API\=NO
    export SUPPORTS_XR_DESIGNED_FOR_IPHONE_IPAD\=NO
    export SUPPRESS_WARNINGS\=NO
    export SWIFT_ACTIVE_COMPILATION_CONDITIONS\=\ DEBUG
    export SWIFT_EMIT_CONST_VALUE_PROTOCOLS\=AppIntent\ EntityQuery\ AppEntity\ TransientEntity\ AppEnum\ AppShortcutProviding\ AppShortcutsProvider\ AnyResolverProviding\ AppIntentsPackage\ DynamicOptionsProvider\ _IntentValueRepresentable\ _AssistantIntentsProvider\ _GenerativeFunctionExtractable\ IntentValueQuery\ Resolver\ AppExtension\ ExtensionPointDefining
    export SWIFT_EMIT_LOC_STRINGS\=NO
    export SWIFT_ENABLE_EXPLICIT_MODULES\=YES
    export SWIFT_INCLUDE_PATHS\=/Users/nathannovak/Library/Developer/Xcode/DerivedData/StraboSpot2-gztieqkdzpsbarfnoxqpkwxgfcqj/Build/Products/Debug-iphonesimulator\ \ \"/Users/nathannovak/Library/Developer/Xcode/DerivedData/StraboSpot2-gztieqkdzpsbarfnoxqpkwxgfcqj/Build/Products/Debug-iphonesimulator/EASClient\"\ \"/Users/nathannovak/Library/Developer/Xcode/DerivedData/StraboSpot2-gztieqkdzpsbarfnoxqpkwxgfcqj/Build/Products/Debug-iphonesimulator/EXConstants\"\ \"/Users/nathannovak/Library/Developer/Xcode/DerivedData/StraboSpot2-gztieqkdzpsbarfnoxqpkwxgfcqj/Build/Products/Debug-iphonesimulator/EXManifests\"\ \"/Users/nathannovak/Library/Developer/Xcode/DerivedData/StraboSpot2-gztieqkdzpsbarfnoxqpkwxgfcqj/Build/Products/Debug-iphonesimulator/EXUpdates\"\ \"/Users/nathannovak/Library/Developer/Xcode/DerivedData/StraboSpot2-gztieqkdzpsbarfnoxqpkwxgfcqj/Build/Products/Debug-iphonesimulator/EXUpdatesInterface\"\ \"/Users/nathannovak/Library/Developer/Xcode/DerivedData/StraboSpot2-gztieqkdzpsbarfnoxqpkwxgfcqj/Build/Products/Debug-iphonesimulator/Expo\"\ \"/Users/nathannovak/Library/Developer/Xcode/DerivedData/StraboSpot2-gztieqkdzpsbarfnoxqpkwxgfcqj/Build/Products/Debug-iphonesimulator/ExpoAsset\"\ \"/Users/nathannovak/Library/Developer/Xcode/DerivedData/StraboSpot2-gztieqkdzpsbarfnoxqpkwxgfcqj/Build/Products/Debug-iphonesimulator/ExpoFileSystem\"\ \"/Users/nathannovak/Library/Developer/Xcode/DerivedData/StraboSpot2-gztieqkdzpsbarfnoxqpkwxgfcqj/Build/Products/Debug-iphonesimulator/ExpoFont\"\ \"/Users/nathannovak/Library/Developer/Xcode/DerivedData/StraboSpot2-gztieqkdzpsbarfnoxqpkwxgfcqj/Build/Products/Debug-iphonesimulator/ExpoKeepAwake\"\ \"/Users/nathannovak/Library/Developer/Xcode/DerivedData/StraboSpot2-gztieqkdzpsbarfnoxqpkwxgfcqj/Build/Products/Debug-iphonesimulator/ExpoModulesCore\"\ \"/Users/nathannovak/Library/Developer/Xcode/DerivedData/StraboSpot2-gztieqkdzpsbarfnoxqpkwxgfcqj/Build/Products/Debug-iphonesimulator/IQKeyboardManagerSwift\"\ \"/Users/nathannovak/Library/Developer/Xcode/DerivedData/StraboSpot2-gztieqkdzpsbarfnoxqpkwxgfcqj/Build/Products/Debug-iphonesimulator/ReachabilitySwift\"\ \"/Users/nathannovak/Library/Developer/Xcode/DerivedData/StraboSpot2-gztieqkdzpsbarfnoxqpkwxgfcqj/Build/Products/Debug-iphonesimulator/Sentry\"\ \"/Users/nathannovak/Library/Developer/Xcode/DerivedData/StraboSpot2-gztieqkdzpsbarfnoxqpkwxgfcqj/Build/Products/Debug-iphonesimulator/lottie-ios\"\ \"/Users/nathannovak/Library/Developer/Xcode/DerivedData/StraboSpot2-gztieqkdzpsbarfnoxqpkwxgfcqj/Build/Products/Debug-iphonesimulator/lottie-react-native\"\ \"/Users/nathannovak/Library/Developer/Xcode/DerivedData/StraboSpot2-gztieqkdzpsbarfnoxqpkwxgfcqj/Build/Products/Debug-iphonesimulator/react-native-document-picker\"\ \"/Users/nathannovak/Library/Developer/Xcode/DerivedData/StraboSpot2-gztieqkdzpsbarfnoxqpkwxgfcqj/Build/Products/Debug-iphonesimulator/react-native-orientation-director\"\ \"/Users/nathannovak/Library/Developer/Xcode/DerivedData/StraboSpot2-gztieqkdzpsbarfnoxqpkwxgfcqj/Build/Products/Debug-iphonesimulator/rnmapbox-maps\"
    export SWIFT_OBJC_BRIDGING_HEADER\=StraboSpot2-Bridging-Header.h
    export SWIFT_OPTIMIZATION_LEVEL\=-Onone
    export SWIFT_PLATFORM_TARGET_PREFIX\=ios
    export SWIFT_RESPONSE_FILE_PATH_normal_x86_64\=/Users/nathannovak/Library/Developer/Xcode/DerivedData/StraboSpot2-gztieqkdzpsbarfnoxqpkwxgfcqj/Build/Intermediates.noindex/StraboSpot2.build/Debug-iphonesimulator/StraboSpot2.build/Objects-normal/x86_64/StraboSpot2.SwiftFileList
    export SWIFT_VERSION\=5.0
    export SYMROOT\=/Users/nathannovak/Library/Developer/Xcode/DerivedData/StraboSpot2-gztieqkdzpsbarfnoxqpkwxgfcqj/Build/Products
    export SYSTEM_ADMIN_APPS_DIR\=/Applications/Utilities
    export SYSTEM_APPS_DIR\=/Applications
    export SYSTEM_CORE_SERVICES_DIR\=/System/Library/CoreServices
    export SYSTEM_DEMOS_DIR\=/Applications/Extras
    export SYSTEM_DEVELOPER_APPS_DIR\=/Applications/Xcode.app/Contents/Developer/Applications
    export SYSTEM_DEVELOPER_BIN_DIR\=/Applications/Xcode.app/Contents/Developer/usr/bin
    export SYSTEM_DEVELOPER_DEMOS_DIR\=/Applications/Xcode.app/Contents/Developer/Applications/Utilities/Built\ Examples
    export SYSTEM_DEVELOPER_DIR\=/Applications/Xcode.app/Contents/Developer
    export SYSTEM_DEVELOPER_DOC_DIR\=/Applications/Xcode.app/Contents/Developer/ADC\ Reference\ Library
    export SYSTEM_DEVELOPER_GRAPHICS_TOOLS_DIR\=/Applications/Xcode.app/Contents/Developer/Applications/Graphics\ Tools
    export SYSTEM_DEVELOPER_JAVA_TOOLS_DIR\=/Applications/Xcode.app/Contents/Developer/Applications/Java\ Tools
    export SYSTEM_DEVELOPER_PERFORMANCE_TOOLS_DIR\=/Applications/Xcode.app/Contents/Developer/Applications/Performance\ Tools
    export SYSTEM_DEVELOPER_RELEASENOTES_DIR\=/Applications/Xcode.app/Contents/Developer/ADC\ Reference\ Library/releasenotes
    export SYSTEM_DEVELOPER_TOOLS\=/Applications/Xcode.app/Contents/Developer/Tools
    export SYSTEM_DEVELOPER_TOOLS_DOC_DIR\=/Applications/Xcode.app/Contents/Developer/ADC\ Reference\ Library/documentation/DeveloperTools
    export SYSTEM_DEVELOPER_TOOLS_RELEASENOTES_DIR\=/Applications/Xcode.app/Contents/Developer/ADC\ Reference\ Library/releasenotes/DeveloperTools
    export SYSTEM_DEVELOPER_USR_DIR\=/Applications/Xcode.app/Contents/Developer/usr
    export SYSTEM_DEVELOPER_UTILITIES_DIR\=/Applications/Xcode.app/Contents/Developer/Applications/Utilities
    export SYSTEM_DEXT_INSTALL_PATH\=/System/Library/DriverExtensions
    export SYSTEM_DOCUMENTATION_DIR\=/Library/Documentation
    export SYSTEM_EXTENSIONS_FOLDER_PATH\=StraboSpot2.app/SystemExtensions
    export SYSTEM_EXTENSIONS_FOLDER_PATH_SHALLOW_BUNDLE_NO\=StraboSpot2.app/Library/SystemExtensions
    export SYSTEM_EXTENSIONS_FOLDER_PATH_SHALLOW_BUNDLE_YES\=StraboSpot2.app/SystemExtensions
    export SYSTEM_KEXT_INSTALL_PATH\=/System/Library/Extensions
    export SYSTEM_LIBRARY_DIR\=/System/Library
    export TAPI_DEMANGLE\=YES
    export TAPI_ENABLE_PROJECT_HEADERS\=NO
    export TAPI_LANGUAGE\=objective-c
    export TAPI_LANGUAGE_STANDARD\=compiler-default
    export TAPI_USE_SRCROOT\=YES
    export TAPI_VERIFY_MODE\=Pedantic
    export TARGETED_DEVICE_FAMILY\=1,2
    export TARGETNAME\=StraboSpot2
    export TARGET_BUILD_DIR\=/Users/nathannovak/Library/Developer/Xcode/DerivedData/StraboSpot2-gztieqkdzpsbarfnoxqpkwxgfcqj/Build/Products/Debug-iphonesimulator
    export TARGET_DEVICE_IDENTIFIER\=74C76BE2-3534-4702-95EC-116B7842C0E9
    export TARGET_DEVICE_MODEL\=iPad14,3
    export TARGET_DEVICE_OS_VERSION\=18.0
    export TARGET_DEVICE_PLATFORM_NAME\=iphonesimulator
    export TARGET_NAME\=StraboSpot2
    export TARGET_TEMP_DIR\=/Users/nathannovak/Library/Developer/Xcode/DerivedData/StraboSpot2-gztieqkdzpsbarfnoxqpkwxgfcqj/Build/Intermediates.noindex/StraboSpot2.build/Debug-iphonesimulator/StraboSpot2.build
    export TEMP_DIR\=/Users/nathannovak/Library/Developer/Xcode/DerivedData/StraboSpot2-gztieqkdzpsbarfnoxqpkwxgfcqj/Build/Intermediates.noindex/StraboSpot2.build/Debug-iphonesimulator/StraboSpot2.build
    export TEMP_FILES_DIR\=/Users/nathannovak/Library/Developer/Xcode/DerivedData/StraboSpot2-gztieqkdzpsbarfnoxqpkwxgfcqj/Build/Intermediates.noindex/StraboSpot2.build/Debug-iphonesimulator/StraboSpot2.build
    export TEMP_FILE_DIR\=/Users/nathannovak/Library/Developer/Xcode/DerivedData/StraboSpot2-gztieqkdzpsbarfnoxqpkwxgfcqj/Build/Intermediates.noindex/StraboSpot2.build/Debug-iphonesimulator/StraboSpot2.build
    export TEMP_ROOT\=/Users/nathannovak/Library/Developer/Xcode/DerivedData/StraboSpot2-gztieqkdzpsbarfnoxqpkwxgfcqj/Build/Intermediates.noindex
    export TEMP_SANDBOX_DIR\=/Users/nathannovak/Library/Developer/Xcode/DerivedData/StraboSpot2-gztieqkdzpsbarfnoxqpkwxgfcqj/Build/Intermediates.noindex/TemporaryTaskSandboxes
    export TEST_FRAMEWORK_SEARCH_PATHS\=\ /Applications/Xcode.app/Contents/Developer/Platforms/iPhoneSimulator.platform/Developer/Library/Frameworks\ /Applications/Xcode.app/Contents/Developer/Platforms/iPhoneSimulator.platform/Developer/SDKs/iPhoneSimulator26.0.sdk/Developer/Library/Frameworks
    export TEST_LIBRARY_SEARCH_PATHS\=\ /Applications/Xcode.app/Contents/Developer/Platforms/iPhoneSimulator.platform/Developer/usr/lib
    export TOOLCHAINS\=com.apple.dt.toolchain.XcodeDefault
    export TOOLCHAIN_DIR\=/Applications/Xcode.app/Contents/Developer/Toolchains/XcodeDefault.xctoolchain
    export TREAT_MISSING_BASELINES_AS_TEST_FAILURES\=NO
    export TREAT_MISSING_SCRIPT_PHASE_OUTPUTS_AS_ERRORS\=NO
    export TeamIdentifierPrefix\=5CQY5S92XA.
    export UID\=501
    export UNINSTALLED_PRODUCTS_DIR\=/Users/nathannovak/Library/Developer/Xcode/DerivedData/StraboSpot2-gztieqkdzpsbarfnoxqpkwxgfcqj/Build/Intermediates.noindex/UninstalledProducts
    export UNLOCALIZED_RESOURCES_FOLDER_PATH\=StraboSpot2.app
    export UNLOCALIZED_RESOURCES_FOLDER_PATH_SHALLOW_BUNDLE_NO\=StraboSpot2.app/Resources
    export UNLOCALIZED_RESOURCES_FOLDER_PATH_SHALLOW_BUNDLE_YES\=StraboSpot2.app
    export UNSTRIPPED_PRODUCT\=NO
    export USER\=nathannovak
    export USER_APPS_DIR\=/Users/nathannovak/Applications
    export USER_LIBRARY_DIR\=/Users/nathannovak/Library
    export USE_DYNAMIC_NO_PIC\=YES
    export USE_HEADERMAP\=YES
    export USE_HEADER_SYMLINKS\=NO
    export USE_HERMES\=true
    export USE_RECURSIVE_SCRIPT_INPUTS_IN_SCRIPT_PHASES\=YES
    export VALIDATE_DEVELOPMENT_ASSET_PATHS\=YES_ERROR
    export VALIDATE_PRODUCT\=NO
    export VALID_ARCHS\=arm64\ x86_64
    export VERBOSE_PBXCP\=NO
    export VERSIONING_SYSTEM\=apple-generic
    export VERSIONPLIST_PATH\=StraboSpot2.app/version.plist
    export VERSION_INFO_BUILDER\=nathannovak
    export VERSION_INFO_FILE\=StraboSpot2_vers.c
    export VERSION_INFO_STRING\=\"@\(\#\)PROGRAM:StraboSpot2\ \ PROJECT:StraboSpot2-150\"
    export WORKSPACE_DIR\=/Users/nathannovak/Development/Apps/StraboSpot2/ios
    export WRAPPER_EXTENSION\=app
    export WRAPPER_NAME\=StraboSpot2.app
    export WRAPPER_SUFFIX\=.app
    export WRAP_ASSET_PACKS_IN_SEPARATE_DIRECTORIES\=NO
    export XCODE_APP_SUPPORT_DIR\=/Applications/Xcode.app/Contents/Developer/Library/Xcode
    export XCODE_PRODUCT_BUILD_VERSION\=17A400
    export XCODE_VERSION_ACTUAL\=2601
    export XCODE_VERSION_MAJOR\=2600
    export XCODE_VERSION_MINOR\=2600
    export XPCSERVICES_FOLDER_PATH\=StraboSpot2.app/XPCServices
    export YACC\=yacc
    export _DISCOVER_COMMAND_LINE_LINKER_INPUTS\=YES
    export _DISCOVER_COMMAND_LINE_LINKER_INPUTS_INCLUDE_WL\=YES
    export _LD_MULTIARCH\=YES
    export _WRAPPER_CONTENTS_DIR_SHALLOW_BUNDLE_NO\=/Contents
    export _WRAPPER_PARENT_PATH_SHALLOW_BUNDLE_NO\=/..
    export _WRAPPER_RESOURCES_DIR_SHALLOW_BUNDLE_NO\=/Resources
    export __DIAGNOSE_DEPRECATED_ARCHS\=YES
    export __IS_NOT_MACOS\=YES
    export __IS_NOT_MACOS_macosx\=NO
    export __IS_NOT_SIMULATOR\=NO
    export __IS_NOT_SIMULATOR_simulator\=NO
    export arch\=undefined_arch
    export variant\=normal
    /bin/sh -c /Users/nathannovak/Library/Developer/Xcode/DerivedData/StraboSpot2-gztieqkdzpsbarfnoxqpkwxgfcqj/Build/Intermediates.noindex/StraboSpot2.build/Debug-iphonesimulator/StraboSpot2.build/Script-00DD1BFF1BD5951E006B06BC.sh
Node found at: /usr/local/bin/node
+ LOCAL_NODE_BINARY=/usr/local/bin/node
+ RN_PROJECT_ROOT=/Users/nathannovak/Development/Apps/StraboSpot2/ios/..
+ '[' -z sentry.properties ']'
+ '[' -z '' ']'
+ '[' -f /Users/nathannovak/Development/Apps/StraboSpot2/ios/../.env.sentry-build-plugin ']'
+ '[' -z '' ']'
+ export SOURCEMAP_FILE=/Users/nathannovak/Library/Developer/Xcode/DerivedData/StraboSpot2-gztieqkdzpsbarfnoxqpkwxgfcqj/Build/Intermediates.noindex/StraboSpot2.build/Debug-iphonesimulator/StraboSpot2.build/DerivedSources/main.jsbundle.map
+ SOURCEMAP_FILE=/Users/nathannovak/Library/Developer/Xcode/DerivedData/StraboSpot2-gztieqkdzpsbarfnoxqpkwxgfcqj/Build/Intermediates.noindex/StraboSpot2.build/Debug-iphonesimulator/StraboSpot2.build/DerivedSources/main.jsbundle.map
+ '[' -z '' ']'
++ /usr/local/bin/node --print 'require('\''path'\'').dirname(require.resolve('\''@sentry/cli/package.json'\''))'
+ RESOLVED_PATH=/Users/nathannovak/Development/Apps/StraboSpot2/node_modules/@sentry/cli
+ '[' -n /Users/nathannovak/Development/Apps/StraboSpot2/node_modules/@sentry/cli ']'
+ SENTRY_CLI_PACKAGE_PATH=/Users/nathannovak/Development/Apps/StraboSpot2/node_modules/@sentry/cli/bin/sentry-cli
+ '[' -z '' ']'
+ SENTRY_CLI_EXECUTABLE=/Users/nathannovak/Development/Apps/StraboSpot2/node_modules/@sentry/cli/bin/sentry-cli
+ REACT_NATIVE_XCODE_DEFAULT=../node_modules/react-native/scripts/react-native-xcode.sh
+ REACT_NATIVE_XCODE=/Users/nathannovak/Development/Apps/StraboSpot2/ios/Pods/../../node_modules/react-native/scripts/react-native-xcode.sh
+ [[ '' == false ]]
+ ARGS='  '
+ REACT_NATIVE_XCODE_WITH_SENTRY='"/Users/nathannovak/Development/Apps/StraboSpot2/node_modules/@sentry/cli/bin/sentry-cli" react-native xcode    "/Users/nathannovak/Development/Apps/StraboSpot2/ios/Pods/../../node_modules/react-native/scripts/react-native-xcode.sh"'
+ exitCode=0
+ '[' true '!=' true ']'
+ echo 'SENTRY_DISABLE_AUTO_UPLOAD=true, skipping sourcemaps upload'
SENTRY_DISABLE_AUTO_UPLOAD=true, skipping sourcemaps upload
+ /bin/sh -c /Users/nathannovak/Development/Apps/StraboSpot2/ios/Pods/../../node_modules/react-native/scripts/react-native-xcode.sh
+ DEST=/Users/nathannovak/Library/Developer/Xcode/DerivedData/StraboSpot2-gztieqkdzpsbarfnoxqpkwxgfcqj/Build/Products/Debug-iphonesimulator/StraboSpot2.app
+ [[ ! -n '' ]]
+ [[ Debug = *Debug* ]]
+ [[ ! iphonesimulator == *simulator ]]
+ [[ -n '' ]]
+ case "$CONFIGURATION" in
+ [[ iphonesimulator == *simulator ]]
+ [[ -n '' ]]
+ echo 'Skipping bundling in Debug for the Simulator (since the packager bundles for you). Use the FORCE_BUNDLING flag to change this behavior.'
Skipping bundling in Debug for the Simulator (since the packager bundles for you). Use the FORCE_BUNDLING flag to change this behavior.
+ exit 0
+ '[' -z '' ']'
++ /usr/local/bin/node --print 'require('\''path'\'').dirname(require.resolve('\''@sentry/react-native/package.json'\''))'
+ SENTRY_RN_PACKAGE_PATH=/Users/nathannovak/Development/Apps/StraboSpot2/node_modules/@sentry/react-native
+ '[' -z '' ']'
+ SENTRY_COLLECT_MODULES=/Users/nathannovak/Development/Apps/StraboSpot2/node_modules/@sentry/react-native/scripts/collect-modules.sh
+ '[' -f /Users/nathannovak/Development/Apps/StraboSpot2/node_modules/@sentry/react-native/scripts/collect-modules.sh ']'
+ /bin/sh /Users/nathannovak/Development/Apps/StraboSpot2/node_modules/@sentry/react-native/scripts/collect-modules.sh
+ [[ Debug = *Debug* ]]
+ echo 'Debug build. Modules are not collected.'
Debug build. Modules are not collected.
+ exit 0
+ exit 0
+ LOCAL_REACT_NATIVE_PATH=/Users/nathannovak/Development/Apps/StraboSpot2/ios/Pods/../../node_modules/react-native
+ '[' -z '' ']'
+ WITH_ENVIRONMENT=/Users/nathannovak/Development/Apps/StraboSpot2/ios/Pods/../../node_modules/react-native/scripts/xcode/with-environment.sh
+ '[' -f /Users/nathannovak/Development/Apps/StraboSpot2/ios/Pods/../../node_modules/react-native/scripts/xcode/with-environment.sh ']'
+ . /Users/nathannovak/Development/Apps/StraboSpot2/ios/Pods/../../node_modules/react-native/scripts/xcode/with-environment.sh
+++ command -v node
++ NODE_BINARY=/Users/nathannovak/.nvm/versions/node/v22.16.0/bin/node
++ export NODE_BINARY
++ ENV_PATH=/Users/nathannovak/Development/Apps/StraboSpot2/ios/Pods/../.xcode.env
++ '[' -f /Users/nathannovak/Development/Apps/StraboSpot2/ios/Pods/../.xcode.env ']'
++ source /Users/nathannovak/Development/Apps/StraboSpot2/ios/Pods/../.xcode.env
++++ command -v node
+++ export NODE_BINARY=/Users/nathannovak/.nvm/versions/node/v22.16.0/bin/node
+++ NODE_BINARY=/Users/nathannovak/.nvm/versions/node/v22.16.0/bin/node
++ LOCAL_ENV_PATH=/Users/nathannovak/Development/Apps/StraboSpot2/ios/Pods/../.xcode.env.local
++ '[' -f /Users/nathannovak/Development/Apps/StraboSpot2/ios/Pods/../.xcode.env.local ']'
++ source /Users/nathannovak/Development/Apps/StraboSpot2/ios/Pods/../.xcode.env.local
+++ export NODE_BINARY=/usr/local/bin/node
+++ NODE_BINARY=/usr/local/bin/node
++ '[' -n /usr/local/bin/node ']'
++ echo 'Node found at: /usr/local/bin/node'
Node found at: /usr/local/bin/node
++ '[' -n '' ']'
+ set -e
+ LOCAL_NODE_BINARY=/usr/local/bin/node
+ RN_PROJECT_ROOT=/Users/nathannovak/Development/Apps/StraboSpot2/ios/..
+ '[' -z sentry.properties ']'
+ '[' -z '' ']'
+ '[' -f /Users/nathannovak/Development/Apps/StraboSpot2/ios/../.env.sentry-build-plugin ']'
+ '[' -z '' ']'
++ /usr/local/bin/node --print 'require('\''path'\'').dirname(require.resolve('\''@sentry/cli/package.json'\''))'
+ SENTRY_CLI_PACKAGE_PATH=/Users/nathannovak/Development/Apps/StraboSpot2/node_modules/@sentry/cli
+ '[' -z '' ']'
+ export SOURCEMAP_FILE=/Users/nathannovak/Library/Developer/Xcode/DerivedData/StraboSpot2-gztieqkdzpsbarfnoxqpkwxgfcqj/Build/Intermediates.noindex/StraboSpot2.build/Debug-iphonesimulator/StraboSpot2.build/DerivedSources/main.jsbundle.map
+ SOURCEMAP_FILE=/Users/nathannovak/Library/Developer/Xcode/DerivedData/StraboSpot2-gztieqkdzpsbarfnoxqpkwxgfcqj/Build/Intermediates.noindex/StraboSpot2.build/Debug-iphonesimulator/StraboSpot2.build/DerivedSources/main.jsbundle.map
+ '[' -z '' ']'
++ /usr/local/bin/node --print 'require('\''path'\'').dirname(require.resolve('\''@sentry/cli/package.json'\''))'
+ RESOLVED_PATH=/Users/nathannovak/Development/Apps/StraboSpot2/node_modules/@sentry/cli
+ '[' -n /Users/nathannovak/Development/Apps/StraboSpot2/node_modules/@sentry/cli ']'
+ SENTRY_CLI_PACKAGE_PATH=/Users/nathannovak/Development/Apps/StraboSpot2/node_modules/@sentry/cli/bin/sentry-cli
+ '[' -z '' ']'
+ SENTRY_CLI_EXECUTABLE=/Users/nathannovak/Development/Apps/StraboSpot2/node_modules/@sentry/cli/bin/sentry-cli
+ [[ '' == \t\r\u\e ]]
+ INCLUDE_SOURCES_FLAG=
+ EXTRA_ARGS='  '
+ UPLOAD_DEBUG_FILES='"/Users/nathannovak/Development/Apps/StraboSpot2/node_modules/@sentry/cli/bin/sentry-cli" debug-files upload    "/Users/nathannovak/Library/Developer/Xcode/DerivedData/StraboSpot2-gztieqkdzpsbarfnoxqpkwxgfcqj/Build/Products/Debug-iphonesimulator"'
+ XCODE_BUILD_CONFIGURATION=Debug
+ '[' true == true ']'
+ echo 'SENTRY_DISABLE_AUTO_UPLOAD=true, skipping debug files upload'
SENTRY_DISABLE_AUTO_UPLOAD=true, skipping debug files upload

PhaseScriptExecution Upload\ Debug\ Symbols\ to\ Sentry /Users/nathannovak/Library/Developer/Xcode/DerivedData/StraboSpot2-gztieqkdzpsbarfnoxqpkwxgfcqj/Build/Intermediates.noindex/StraboSpot2.build/Debug-iphonesimulator/StraboSpot2.build/Script-F12C4C3BB30749F99C2AD43A.sh (in target 'StraboSpot2' from project 'StraboSpot2')
    cd /Users/nathannovak/Development/Apps/StraboSpot2/ios
    export ACTION\=build
    export AD_HOC_CODE_SIGNING_ALLOWED\=YES
    export AGGREGATE_TRACKED_DOMAINS\=YES
    export ALLOW_BUILD_REQUEST_OVERRIDES\=NO
    export ALLOW_TARGET_PLATFORM_SPECIALIZATION\=NO
    export ALTERNATE_GROUP\=staff
    export ALTERNATE_MODE\=u+w,go-w,a+rX
    export ALTERNATE_OWNER\=nathannovak
    export ALTERNATIVE_DISTRIBUTION_WEB\=NO
    export ALWAYS_EMBED_SWIFT_STANDARD_LIBRARIES\=YES
    export ALWAYS_SEARCH_USER_PATHS\=NO
    export ALWAYS_USE_SEPARATE_HEADERMAPS\=NO
    export ANDROID_DEPLOYMENT_TARGET\=21.0
    export APPLICATION_EXTENSION_API_ONLY\=NO
    export APPLY_RULES_IN_COPY_FILES\=NO
    export APPLY_RULES_IN_COPY_HEADERS\=NO
    export APP_SHORTCUTS_ENABLE_FLEXIBLE_MATCHING\=YES
    export ARCHS\=x86_64
    export ARCHS_STANDARD\=arm64\ x86_64
    export ARCHS_STANDARD_32_64_BIT\=arm64\ x86_64
    export ARCHS_STANDARD_64_BIT\=arm64\ x86_64
    export ARCHS_STANDARD_INCLUDING_64_BIT\=arm64\ x86_64
    export ARCHS_UNIVERSAL_IPHONE_OS\=arm64\ x86_64
    export ASSETCATALOG_COMPILER_APPICON_NAME\=AppIcon
    export ASSETCATALOG_FILTER_FOR_DEVICE_MODEL\=iPad14,3-A
    export ASSETCATALOG_FILTER_FOR_DEVICE_OS_VERSION\=18.0
    export ASSETCATALOG_FILTER_FOR_THINNING_DEVICE_CONFIGURATION\=iPad14,3-A
    export AUTOMATICALLY_MERGE_DEPENDENCIES\=NO
    export AUTOMATION_APPLE_EVENTS\=NO
    export AVAILABLE_PLATFORMS\=android\ appletvos\ appletvsimulator\ driverkit\ iphoneos\ iphonesimulator\ macosx\ qnx\ watchos\ watchsimulator\ webassembly\ xros\ xrsimulator
    export AppIdentifierPrefix\=5CQY5S92XA.
    export BUILD_ACTIVE_RESOURCES_ONLY\=YES
    export BUILD_COMPONENTS\=headers\ build
    export BUILD_DIR\=/Users/nathannovak/Library/Developer/Xcode/DerivedData/StraboSpot2-gztieqkdzpsbarfnoxqpkwxgfcqj/Build/Products
    export BUILD_LIBRARY_FOR_DISTRIBUTION\=NO
    export BUILD_ROOT\=/Users/nathannovak/Library/Developer/Xcode/DerivedData/StraboSpot2-gztieqkdzpsbarfnoxqpkwxgfcqj/Build/Products
    export BUILD_STYLE\=
    export BUILD_VARIANTS\=normal
    export BUILT_PRODUCTS_DIR\=/Users/nathannovak/Library/Developer/Xcode/DerivedData/StraboSpot2-gztieqkdzpsbarfnoxqpkwxgfcqj/Build/Products/Debug-iphonesimulator
    export BUNDLE_CONTENTS_FOLDER_PATH_deep\=Contents/
    export BUNDLE_EXECUTABLE_FOLDER_NAME_deep\=MacOS
    export BUNDLE_EXTENSIONS_FOLDER_PATH\=Extensions
    export BUNDLE_FORMAT\=shallow
    export BUNDLE_FRAMEWORKS_FOLDER_PATH\=Frameworks
    export BUNDLE_PLUGINS_FOLDER_PATH\=PlugIns
    export BUNDLE_PRIVATE_HEADERS_FOLDER_PATH\=PrivateHeaders
    export BUNDLE_PUBLIC_HEADERS_FOLDER_PATH\=Headers
    export CACHE_ROOT\=/var/folders/pj/76qzdyzd0077fjwvf34jpht00000gn/C/com.apple.DeveloperTools/26.0.1-17A400/Xcode
    export CCHROOT\=/var/folders/pj/76qzdyzd0077fjwvf34jpht00000gn/C/com.apple.DeveloperTools/26.0.1-17A400/Xcode
    export CHMOD\=/bin/chmod
    export CHOWN\=/usr/sbin/chown
    export CLANG_ANALYZER_LOCALIZABILITY_NONLOCALIZED\=YES
    export CLANG_CACHE_FINE_GRAINED_OUTPUTS\=YES
    export CLANG_CXX_LANGUAGE_STANDARD\=c++20
    export CLANG_CXX_LIBRARY\=libc++
    export CLANG_ENABLE_EXPLICIT_MODULES\=YES
    export CLANG_ENABLE_MODULES\=YES
    export CLANG_ENABLE_OBJC_ARC\=YES
    export CLANG_MODULES_BUILD_SESSION_FILE\=/Users/nathannovak/Library/Developer/Xcode/DerivedData/ModuleCache.noindex/Session.modulevalidation
    export CLANG_WARN_BLOCK_CAPTURE_AUTORELEASING\=YES
    export CLANG_WARN_BOOL_CONVERSION\=YES
    export CLANG_WARN_COMMA\=YES
    export CLANG_WARN_CONSTANT_CONVERSION\=YES
    export CLANG_WARN_DEPRECATED_OBJC_IMPLEMENTATIONS\=YES
    export CLANG_WARN_DIRECT_OBJC_ISA_USAGE\=YES_ERROR
    export CLANG_WARN_EMPTY_BODY\=YES
    export CLANG_WARN_ENUM_CONVERSION\=YES
    export CLANG_WARN_INFINITE_RECURSION\=YES
    export CLANG_WARN_INT_CONVERSION\=YES
    export CLANG_WARN_NON_LITERAL_NULL_CONVERSION\=YES
    export CLANG_WARN_OBJC_IMPLICIT_RETAIN_SELF\=YES
    export CLANG_WARN_OBJC_LITERAL_CONVERSION\=YES
    export CLANG_WARN_OBJC_ROOT_CLASS\=YES_ERROR
    export CLANG_WARN_QUOTED_INCLUDE_IN_FRAMEWORK_HEADER\=NO
    export CLANG_WARN_RANGE_LOOP_ANALYSIS\=YES
    export CLANG_WARN_STRICT_PROTOTYPES\=YES
    export CLANG_WARN_SUSPICIOUS_MOVE\=YES
    export CLANG_WARN_UNREACHABLE_CODE\=YES
    export CLANG_WARN__DUPLICATE_METHOD_MATCH\=YES
    export CLASS_FILE_DIR\=/Users/nathannovak/Library/Developer/Xcode/DerivedData/StraboSpot2-gztieqkdzpsbarfnoxqpkwxgfcqj/Build/Intermediates.noindex/StraboSpot2.build/Debug-iphonesimulator/StraboSpot2.build/JavaClasses
    export CLEAN_PRECOMPS\=YES
    export CLONE_HEADERS\=NO
    export CODESIGNING_FOLDER_PATH\=/Users/nathannovak/Library/Developer/Xcode/DerivedData/StraboSpot2-gztieqkdzpsbarfnoxqpkwxgfcqj/Build/Products/Debug-iphonesimulator/StraboSpot2.app
    export CODE_SIGNING_ALLOWED\=YES
    export CODE_SIGNING_REQUIRED\=YES
    export CODE_SIGN_CONTEXT_CLASS\=XCiPhoneSimulatorCodeSignContext
    export CODE_SIGN_IDENTITY\=-
    export CODE_SIGN_INJECT_BASE_ENTITLEMENTS\=YES
    export COLOR_DIAGNOSTICS\=NO
    export COMBINE_HIDPI_IMAGES\=NO
    export COMPILATION_CACHE_CAS_PATH\=/Users/nathannovak/Library/Developer/Xcode/DerivedData/CompilationCache.noindex
    export COMPILATION_CACHE_KEEP_CAS_DIRECTORY\=YES
    export COMPILER_INDEX_STORE_ENABLE\=Default
    export COMPOSITE_SDK_DIRS\=/Users/nathannovak/Library/Developer/Xcode/DerivedData/StraboSpot2-gztieqkdzpsbarfnoxqpkwxgfcqj/Build/Intermediates.noindex/CompositeSDKs
    export COMPRESS_PNG_FILES\=YES
    export CONFIGURATION\=Debug
    export CONFIGURATION_BUILD_DIR\=/Users/nathannovak/Library/Developer/Xcode/DerivedData/StraboSpot2-gztieqkdzpsbarfnoxqpkwxgfcqj/Build/Products/Debug-iphonesimulator
    export CONFIGURATION_TEMP_DIR\=/Users/nathannovak/Library/Developer/Xcode/DerivedData/StraboSpot2-gztieqkdzpsbarfnoxqpkwxgfcqj/Build/Intermediates.noindex/StraboSpot2.build/Debug-iphonesimulator
    export CONTENTS_FOLDER_PATH\=StraboSpot2.app
    export CONTENTS_FOLDER_PATH_SHALLOW_BUNDLE_NO\=StraboSpot2.app/Contents
    export CONTENTS_FOLDER_PATH_SHALLOW_BUNDLE_YES\=StraboSpot2.app
    export COPYING_PRESERVES_HFS_DATA\=NO
    export COPY_HEADERS_RUN_UNIFDEF\=NO
    export COPY_PHASE_STRIP\=NO
    export CORRESPONDING_DEVICE_PLATFORM_DIR\=/Applications/Xcode.app/Contents/Developer/Platforms/iPhoneOS.platform
    export CORRESPONDING_DEVICE_PLATFORM_NAME\=iphoneos
    export CORRESPONDING_DEVICE_SDK_DIR\=/Applications/Xcode.app/Contents/Developer/Platforms/iPhoneOS.platform/Developer/SDKs/iPhoneOS26.0.sdk
    export CORRESPONDING_DEVICE_SDK_NAME\=iphoneos26.0
    export CP\=/bin/cp
    export CREATE_INFOPLIST_SECTION_IN_BINARY\=NO
    export CURRENT_ARCH\=undefined_arch
    export CURRENT_PROJECT_VERSION\=150
    export CURRENT_VARIANT\=normal
    export DEAD_CODE_STRIPPING\=YES
    export DEBUGGING_SYMBOLS\=YES
    export DEBUG_INFORMATION_FORMAT\=dwarf-with-dsym
    export DEBUG_INFORMATION_VERSION\=compiler-default
    export DEFAULT_COMPILER\=com.apple.compilers.llvm.clang.1_0
    export DEFAULT_DEXT_INSTALL_PATH\=/System/Library/DriverExtensions
    export DEFAULT_KEXT_INSTALL_PATH\=/System/Library/Extensions
    export DEFINES_MODULE\=NO
    export DEPLOYMENT_LOCATION\=NO
    export DEPLOYMENT_POSTPROCESSING\=NO
    export DEPLOYMENT_TARGET_SETTING_NAME\=IPHONEOS_DEPLOYMENT_TARGET
    export DEPLOYMENT_TARGET_SUGGESTED_VALUES\=12.0\ 12.1\ 12.2\ 12.3\ 12.4\ 13.0\ 13.1\ 13.2\ 13.3\ 13.4\ 13.5\ 13.6\ 14.0\ 14.1\ 14.2\ 14.3\ 14.4\ 14.5\ 14.6\ 14.7\ 15.0\ 15.1\ 15.2\ 15.3\ 15.4\ 15.5\ 15.6\ 16.0\ 16.1\ 16.2\ 16.3\ 16.4\ 16.5\ 16.6\ 17.0\ 17.1\ 17.2\ 17.3\ 17.4\ 17.5\ 17.6\ 18.0\ 18.1\ 18.2\ 18.3\ 18.4\ 18.5\ 18.6\ 26.0
    export DERIVED_FILES_DIR\=/Users/nathannovak/Library/Developer/Xcode/DerivedData/StraboSpot2-gztieqkdzpsbarfnoxqpkwxgfcqj/Build/Intermediates.noindex/StraboSpot2.build/Debug-iphonesimulator/StraboSpot2.build/DerivedSources
    export DERIVED_FILE_DIR\=/Users/nathannovak/Library/Developer/Xcode/DerivedData/StraboSpot2-gztieqkdzpsbarfnoxqpkwxgfcqj/Build/Intermediates.noindex/StraboSpot2.build/Debug-iphonesimulator/StraboSpot2.build/DerivedSources
    export DERIVED_SOURCES_DIR\=/Users/nathannovak/Library/Developer/Xcode/DerivedData/StraboSpot2-gztieqkdzpsbarfnoxqpkwxgfcqj/Build/Intermediates.noindex/StraboSpot2.build/Debug-iphonesimulator/StraboSpot2.build/DerivedSources
    export DEVELOPER_APPLICATIONS_DIR\=/Applications/Xcode.app/Contents/Developer/Applications
    export DEVELOPER_BIN_DIR\=/Applications/Xcode.app/Contents/Developer/usr/bin
    export DEVELOPER_DIR\=/Applications/Xcode.app/Contents/Developer
    export DEVELOPER_FRAMEWORKS_DIR\=/Applications/Xcode.app/Contents/Developer/Library/Frameworks
    export DEVELOPER_FRAMEWORKS_DIR_QUOTED\=/Applications/Xcode.app/Contents/Developer/Library/Frameworks
    export DEVELOPER_LIBRARY_DIR\=/Applications/Xcode.app/Contents/Developer/Library
    export DEVELOPER_SDK_DIR\=/Applications/Xcode.app/Contents/Developer/Platforms/MacOSX.platform/Developer/SDKs
    export DEVELOPER_TOOLS_DIR\=/Applications/Xcode.app/Contents/Developer/Tools
    export DEVELOPER_USR_DIR\=/Applications/Xcode.app/Contents/Developer/usr
    export DEVELOPMENT_LANGUAGE\=en
    export DEVELOPMENT_TEAM\=5CQY5S92XA
    export DIAGNOSE_MISSING_TARGET_DEPENDENCIES\=YES
    export DIFF\=/usr/bin/diff
    export DOCUMENTATION_FOLDER_PATH\=StraboSpot2.app/en.lproj/Documentation
    export DONT_GENERATE_INFOPLIST_FILE\=NO
    export DSTROOT\=/tmp/StraboSpot2.dst
    export DT_TOOLCHAIN_DIR\=/Applications/Xcode.app/Contents/Developer/Toolchains/XcodeDefault.xctoolchain
    export DWARF_DSYM_FILE_NAME\=StraboSpot2.app.dSYM
    export DWARF_DSYM_FILE_SHOULD_ACCOMPANY_PRODUCT\=NO
    export DWARF_DSYM_FOLDER_PATH\=/Users/nathannovak/Library/Developer/Xcode/DerivedData/StraboSpot2-gztieqkdzpsbarfnoxqpkwxgfcqj/Build/Products/Debug-iphonesimulator
    export DYNAMIC_LIBRARY_EXTENSION\=dylib
    export EAGER_COMPILATION_ALLOW_SCRIPTS\=NO
    export EAGER_LINKING\=NO
    export EFFECTIVE_PLATFORM_NAME\=-iphonesimulator
    export EMBEDDED_CONTENT_CONTAINS_SWIFT\=NO
    export EMBED_ASSET_PACKS_IN_PRODUCT_BUNDLE\=NO
    export ENABLE_APP_SANDBOX\=NO
    export ENABLE_BITCODE\=NO
    export ENABLE_CODE_COVERAGE\=YES
    export ENABLE_CPLUSPLUS_BOUNDS_SAFE_BUFFERS\=NO
    export ENABLE_C_BOUNDS_SAFETY\=NO
    export ENABLE_DEBUG_DYLIB\=YES
    export ENABLE_DEFAULT_HEADER_SEARCH_PATHS\=YES
    export ENABLE_DEFAULT_SEARCH_PATHS\=YES
    export ENABLE_ENHANCED_SECURITY\=NO
    export ENABLE_HARDENED_RUNTIME\=NO
    export ENABLE_HEADER_DEPENDENCIES\=YES
    export ENABLE_INCOMING_NETWORK_CONNECTIONS\=NO
    export ENABLE_ON_DEMAND_RESOURCES\=YES
    export ENABLE_OUTGOING_NETWORK_CONNECTIONS\=NO
    export ENABLE_POINTER_AUTHENTICATION\=NO
    export ENABLE_PREVIEWS\=NO
    export ENABLE_RESOURCE_ACCESS_AUDIO_INPUT\=NO
    export ENABLE_RESOURCE_ACCESS_BLUETOOTH\=NO
    export ENABLE_RESOURCE_ACCESS_CALENDARS\=NO
    export ENABLE_RESOURCE_ACCESS_CAMERA\=NO
    export ENABLE_RESOURCE_ACCESS_CONTACTS\=NO
    export ENABLE_RESOURCE_ACCESS_LOCATION\=NO
    export ENABLE_RESOURCE_ACCESS_PHOTO_LIBRARY\=NO
    export ENABLE_RESOURCE_ACCESS_PRINTING\=NO
    export ENABLE_RESOURCE_ACCESS_USB\=NO
    export ENABLE_SDK_IMPORTS\=NO
    export ENABLE_SECURITY_COMPILER_WARNINGS\=NO
    export ENABLE_STRICT_OBJC_MSGSEND\=YES
    export ENABLE_TESTABILITY\=YES
    export ENABLE_TESTING_SEARCH_PATHS\=NO
    export ENABLE_USER_SCRIPT_SANDBOXING\=NO
    export ENABLE_XOJIT_PREVIEWS\=YES
    export ENFORCE_VALID_ARCHS\=YES
    export ENTITLEMENTS_ALLOWED\=NO
    export ENTITLEMENTS_DESTINATION\=__entitlements
    export ENTITLEMENTS_REQUIRED\=NO
    export EXCLUDED_ARCHS\=i386
    export EXCLUDED_INSTALLSRC_SUBDIRECTORY_PATTERNS\=.DS_Store\ .svn\ .git\ .hg\ CVS
    export EXCLUDED_RECURSIVE_SEARCH_PATH_SUBDIRECTORIES\=\*.nib\ \*.lproj\ \*.framework\ \*.gch\ \*.xcode\*\ \*.xcassets\ \*.icon\ \(\*\)\ .DS_Store\ CVS\ .svn\ .git\ .hg\ \*.pbproj\ \*.pbxproj
    export EXECUTABLES_FOLDER_PATH\=StraboSpot2.app/Executables
    export EXECUTABLE_BLANK_INJECTION_DYLIB_PATH\=StraboSpot2.app/__preview.dylib
    export EXECUTABLE_DEBUG_DYLIB_INSTALL_NAME\=@rpath/StraboSpot2.debug.dylib
    export EXECUTABLE_DEBUG_DYLIB_PATH\=StraboSpot2.app/StraboSpot2.debug.dylib
    export EXECUTABLE_FOLDER_PATH\=StraboSpot2.app
    export EXECUTABLE_FOLDER_PATH_SHALLOW_BUNDLE_NO\=StraboSpot2.app/MacOS
    export EXECUTABLE_FOLDER_PATH_SHALLOW_BUNDLE_YES\=StraboSpot2.app
    export EXECUTABLE_NAME\=StraboSpot2
    export EXECUTABLE_PATH\=StraboSpot2.app/StraboSpot2
    export EXPANDED_CODE_SIGN_IDENTITY\=-
    export EXPANDED_CODE_SIGN_IDENTITY_NAME\=Sign\ to\ Run\ Locally
    export EXTENSIONS_FOLDER_PATH\=StraboSpot2.app/Extensions
    export FILE_LIST\=/Users/nathannovak/Library/Developer/Xcode/DerivedData/StraboSpot2-gztieqkdzpsbarfnoxqpkwxgfcqj/Build/Intermediates.noindex/StraboSpot2.build/Debug-iphonesimulator/StraboSpot2.build/Objects/LinkFileList
    export FIXED_FILES_DIR\=/Users/nathannovak/Library/Developer/Xcode/DerivedData/StraboSpot2-gztieqkdzpsbarfnoxqpkwxgfcqj/Build/Intermediates.noindex/StraboSpot2.build/Debug-iphonesimulator/StraboSpot2.build/FixedFiles
    export FRAMEWORKS_FOLDER_PATH\=StraboSpot2.app/Frameworks
    export FRAMEWORK_FLAG_PREFIX\=-framework
    export FRAMEWORK_SEARCH_PATHS\=/Users/nathannovak/Library/Developer/Xcode/DerivedData/StraboSpot2-gztieqkdzpsbarfnoxqpkwxgfcqj/Build/Products/Debug-iphonesimulator\ \ \"/Users/nathannovak/Library/Developer/Xcode/DerivedData/StraboSpot2-gztieqkdzpsbarfnoxqpkwxgfcqj/Build/Products/Debug-iphonesimulator/MapboxMaps\"\ \"/Users/nathannovak/Library/Developer/Xcode/DerivedData/StraboSpot2-gztieqkdzpsbarfnoxqpkwxgfcqj/Build/Products/Debug-iphonesimulator/Turf\"\ \"/Users/nathannovak/Development/Apps/StraboSpot2/ios/Pods/MapboxCommon\"\ \"/Users/nathannovak/Development/Apps/StraboSpot2/ios/Pods/MapboxCoreMaps\"\ \"/Users/nathannovak/Development/Apps/StraboSpot2/ios/Pods/MapboxMobileEvents\"\ \"/Users/nathannovak/Development/Apps/StraboSpot2/ios/Pods/hermes-engine/destroot/Library/Frameworks/universal\"\ \"/Users/nathannovak/Library/Developer/Xcode/DerivedData/StraboSpot2-gztieqkdzpsbarfnoxqpkwxgfcqj/Build/Products/Debug-iphonesimulator/XCFrameworkIntermediates/MapboxCommon\"\ \"/Users/nathannovak/Library/Developer/Xcode/DerivedData/StraboSpot2-gztieqkdzpsbarfnoxqpkwxgfcqj/Build/Products/Debug-iphonesimulator/XCFrameworkIntermediates/MapboxCoreMaps\"\ \"/Users/nathannovak/Library/Developer/Xcode/DerivedData/StraboSpot2-gztieqkdzpsbarfnoxqpkwxgfcqj/Build/Products/Debug-iphonesimulator/XCFrameworkIntermediates/MapboxMobileEvents\"\ \"/Users/nathannovak/Library/Developer/Xcode/DerivedData/StraboSpot2-gztieqkdzpsbarfnoxqpkwxgfcqj/Build/Products/Debug-iphonesimulator/XCFrameworkIntermediates/hermes-engine/Pre-built\"
    export FRAMEWORK_VERSION\=A
    export FULL_PRODUCT_NAME\=StraboSpot2.app
    export FUSE_BUILD_PHASES\=YES
    export FUSE_BUILD_SCRIPT_PHASES\=NO
    export GCC3_VERSION\=3.3
    export GCC_C_LANGUAGE_STANDARD\=gnu99
    export GCC_DYNAMIC_NO_PIC\=NO
    export GCC_INLINES_ARE_PRIVATE_EXTERN\=YES
    export GCC_NO_COMMON_BLOCKS\=YES
    export GCC_OBJC_LEGACY_DISPATCH\=YES
    export GCC_OPTIMIZATION_LEVEL\=0
    export GCC_PFE_FILE_C_DIALECTS\=c\ objective-c\ c++\ objective-c++
    export GCC_PREPROCESSOR_DEFINITIONS\=DEBUG\=1\ \ COCOAPODS\=1
    export GCC_SYMBOLS_PRIVATE_EXTERN\=NO
    export GCC_TREAT_WARNINGS_AS_ERRORS\=NO
    export GCC_VERSION\=com.apple.compilers.llvm.clang.1_0
    export GCC_VERSION_IDENTIFIER\=com_apple_compilers_llvm_clang_1_0
    export GCC_WARN_64_TO_32_BIT_CONVERSION\=YES
    export GCC_WARN_ABOUT_RETURN_TYPE\=YES_ERROR
    export GCC_WARN_UNDECLARED_SELECTOR\=YES
    export GCC_WARN_UNINITIALIZED_AUTOS\=YES_AGGRESSIVE
    export GCC_WARN_UNUSED_FUNCTION\=YES
    export GCC_WARN_UNUSED_VARIABLE\=YES
    export GENERATED_MODULEMAP_DIR\=/Users/nathannovak/Library/Developer/Xcode/DerivedData/StraboSpot2-gztieqkdzpsbarfnoxqpkwxgfcqj/Build/Intermediates.noindex/GeneratedModuleMaps-iphonesimulator
    export GENERATE_INFOPLIST_FILE\=NO
    export GENERATE_INTERMEDIATE_TEXT_BASED_STUBS\=YES
    export GENERATE_PKGINFO_FILE\=YES
    export GENERATE_PRELINK_OBJECT_FILE\=NO
    export GENERATE_PROFILING_CODE\=NO
    export GENERATE_TEXT_BASED_STUBS\=NO
    export GID\=20
    export GROUP\=staff
    export HEADERMAP_INCLUDES_FLAT_ENTRIES_FOR_TARGET_BEING_BUILT\=YES
    export HEADERMAP_INCLUDES_FRAMEWORK_ENTRIES_FOR_ALL_PRODUCT_TYPES\=YES
    export HEADERMAP_INCLUDES_FRAMEWORK_ENTRIES_FOR_TARGETS_NOT_BEING_BUILT\=YES
    export HEADERMAP_INCLUDES_NONPUBLIC_NONPRIVATE_HEADERS\=YES
    export HEADERMAP_INCLUDES_PROJECT_HEADERS\=YES
    export HEADERMAP_USES_FRAMEWORK_PREFIX_ENTRIES\=YES
    export HEADERMAP_USES_VFS\=NO
    export HEADER_SEARCH_PATHS\=/Users/nathannovak/Library/Developer/Xcode/DerivedData/StraboSpot2-gztieqkdzpsbarfnoxqpkwxgfcqj/Build/Products/Debug-iphonesimulator/include\ \ \"/Users/nathannovak/Library/Developer/Xcode/DerivedData/StraboSpot2-gztieqkdzpsbarfnoxqpkwxgfcqj/Build/Products/Debug-iphonesimulator/MapboxMaps/MapboxMaps.framework/Headers\"\ \"/Users/nathannovak/Library/Developer/Xcode/DerivedData/StraboSpot2-gztieqkdzpsbarfnoxqpkwxgfcqj/Build/Products/Debug-iphonesimulator/Turf/Turf.framework/Headers\"\ \"/Users/nathannovak/Development/Apps/StraboSpot2/ios/Pods/Headers/Public\"\ \"/Users/nathannovak/Development/Apps/StraboSpot2/ios/Pods/Headers/Public/DoubleConversion\"\ \"/Users/nathannovak/Development/Apps/StraboSpot2/ios/Pods/Headers/Public/EXConstants\"\ \"/Users/nathannovak/Development/Apps/StraboSpot2/ios/Pods/Headers/Public/EXJSONUtils\"\ \"/Users/nathannovak/Development/Apps/StraboSpot2/ios/Pods/Headers/Public/EXStructuredHeaders\"\ \"/Users/nathannovak/Development/Apps/StraboSpot2/ios/Pods/Headers/Public/EXUpdates\"\ \"/Users/nathannovak/Development/Apps/StraboSpot2/ios/Pods/Headers/Public/Expo\"\ \"/Users/nathannovak/Development/Apps/StraboSpot2/ios/Pods/Headers/Public/ExpoFileSystem\"\ \"/Users/nathannovak/Development/Apps/StraboSpot2/ios/Pods/Headers/Public/ExpoModulesCore\"\ \"/Users/nathannovak/Development/Apps/StraboSpot2/ios/Pods/Headers/Public/FBLazyVector\"\ \"/Users/nathannovak/Development/Apps/StraboSpot2/ios/Pods/Headers/Public/RCT-Folly\"\ \"/Users/nathannovak/Development/Apps/StraboSpot2/ios/Pods/Headers/Public/RCTDeprecation\"\ \"/Users/nathannovak/Development/Apps/StraboSpot2/ios/Pods/Headers/Public/RCTRequired\"\ \"/Users/nathannovak/Development/Apps/StraboSpot2/ios/Pods/Headers/Public/RCTTypeSafety\"\ \"/Users/nathannovak/Development/Apps/StraboSpot2/ios/Pods/Headers/Public/RNCAsyncStorage\"\ \"/Users/nathannovak/Development/Apps/StraboSpot2/ios/Pods/Headers/Public/RNCClipboard\"\ \"/Users/nathannovak/Development/Apps/StraboSpot2/ios/Pods/Headers/Public/RNCPicker\"\ \"/Users/nathannovak/Development/Apps/StraboSpot2/ios/Pods/Headers/Public/RNDateTimePicker\"\ \"/Users/nathannovak/Development/Apps/StraboSpot2/ios/Pods/Headers/Public/RNDeviceInfo\"\ \"/Users/nathannovak/Development/Apps/StraboSpot2/ios/Pods/Headers/Public/RNFS\"\ \"/Users/nathannovak/Development/Apps/StraboSpot2/ios/Pods/Headers/Public/RNGestureHandler\"\ \"/Users/nathannovak/Development/Apps/StraboSpot2/ios/Pods/Headers/Public/RNReanimated\"\ \"/Users/nathannovak/Development/Apps/StraboSpot2/ios/Pods/Headers/Public/RNScreens\"\ \"/Users/nathannovak/Development/Apps/StraboSpot2/ios/Pods/Headers/Public/RNSensors\"\ \"/Users/nathannovak/Development/Apps/StraboSpot2/ios/Pods/Headers/Public/RNSentry\"\ \"/Users/nathannovak/Development/Apps/StraboSpot2/ios/Pods/Headers/Public/RNSketchCanvas\"\ \"/Users/nathannovak/Development/Apps/StraboSpot2/ios/Pods/Headers/Public/RNSoundPlayer\"\ \"/Users/nathannovak/Development/Apps/StraboSpot2/ios/Pods/Headers/Public/RNVectorIcons\"\ \"/Users/nathannovak/Development/Apps/StraboSpot2/ios/Pods/Headers/Public/RNZipArchive\"\ \"/Users/nathannovak/Development/Apps/StraboSpot2/ios/Pods/Headers/Public/React-Core\"\ \"/Users/nathannovak/Development/Apps/StraboSpot2/ios/Pods/Headers/Public/React-Fabric\"\ \"/Users/nathannovak/Development/Apps/StraboSpot2/ios/Pods/Headers/Public/React-FabricComponents\"\ \"/Users/nathannovak/Development/Apps/StraboSpot2/ios/Pods/Headers/Public/React-FabricImage\"\ \"/Users/nathannovak/Development/Apps/StraboSpot2/ios/Pods/Headers/Public/React-ImageManager\"\ \"/Users/nathannovak/Development/Apps/StraboSpot2/ios/Pods/Headers/Public/React-Mapbuffer\"\ \"/Users/nathannovak/Development/Apps/StraboSpot2/ios/Pods/Headers/Public/React-NativeModulesApple\"\ \"/Users/nathannovak/Development/Apps/StraboSpot2/ios/Pods/Headers/Public/React-RCTAnimation\"\ \"/Users/nathannovak/Development/Apps/StraboSpot2/ios/Pods/Headers/Public/React-RCTAppDelegate\"\ \"/Users/nathannovak/Development/Apps/StraboSpot2/ios/Pods/Headers/Public/React-RCTBlob\"\ \"/Users/nathannovak/Development/Apps/StraboSpot2/ios/Pods/Headers/Public/React-RCTFBReactNativeSpec\"\ \"/Users/nathannovak/Development/Apps/StraboSpot2/ios/Pods/Headers/Public/React-RCTFabric\"\ \"/Users/nathannovak/Development/Apps/StraboSpot2/ios/Pods/Headers/Public/React-RCTRuntime\"\ \"/Users/nathannovak/Development/Apps/StraboSpot2/ios/Pods/Headers/Public/React-RCTText\"\ \"/Users/nathannovak/Development/Apps/StraboSpot2/ios/Pods/Headers/Public/React-RuntimeApple\"\ \"/Users/nathannovak/Development/Apps/StraboSpot2/ios/Pods/Headers/Public/React-RuntimeCore\"\ \"/Users/nathannovak/Development/Apps/StraboSpot2/ios/Pods/Headers/Public/React-RuntimeHermes\"\ \"/Users/nathannovak/Development/Apps/StraboSpot2/ios/Pods/Headers/Public/React-callinvoker\"\ \"/Users/nathannovak/Development/Apps/StraboSpot2/ios/Pods/Headers/Public/React-cxxreact\"\ \"/Users/nathannovak/Development/Apps/StraboSpot2/ios/Pods/Headers/Public/React-debug\"\ \"/Users/nathannovak/Development/Apps/StraboSpot2/ios/Pods/Headers/Public/React-defaultsnativemodule\"\ \"/Users/nathannovak/Development/Apps/StraboSpot2/ios/Pods/Headers/Public/React-domnativemodule\"\ \"/Users/nathannovak/Development/Apps/StraboSpot2/ios/Pods/Headers/Public/React-featureflags\"\ \"/Users/nathannovak/Development/Apps/StraboSpot2/ios/Pods/Headers/Public/React-featureflagsnativemodule\"\ \"/Users/nathannovak/Development/Apps/StraboSpot2/ios/Pods/Headers/Public/React-graphics\"\ \"/Users/nathannovak/Development/Apps/StraboSpot2/ios/Pods/Headers/Public/React-hermes\"\ \"/Users/nathannovak/Development/Apps/StraboSpot2/ios/Pods/Headers/Public/React-idlecallbacksnativemodule\"\ \"/Users/nathannovak/Development/Apps/StraboSpot2/ios/Pods/Headers/Public/React-jserrorhandler\"\ \"/Users/nathannovak/Development/Apps/StraboSpot2/ios/Pods/Headers/Public/React-jsi\"\ \"/Users/nathannovak/Development/Apps/StraboSpot2/ios/Pods/Headers/Public/React-jsiexecutor\"\ \"/Users/nathannovak/Development/Apps/StraboSpot2/ios/Pods/Headers/Public/React-jsinspector\"\ \"/Users/nathannovak/Development/Apps/StraboSpot2/ios/Pods/Headers/Public/React-jsinspectortracing\"\ \"/Users/nathannovak/Development/Apps/StraboSpot2/ios/Pods/Headers/Public/React-jsitooling\"\ \"/Users/nathannovak/Development/Apps/StraboSpot2/ios/Pods/Headers/Public/React-logger\"\ \"/Users/nathannovak/Development/Apps/StraboSpot2/ios/Pods/Headers/Public/React-microtasksnativemodule\"\ \"/Users/nathannovak/Development/Apps/StraboSpot2/ios/Pods/Headers/Public/React-oscompat\"\ \"/Users/nathannovak/Development/Apps/StraboSpot2/ios/Pods/Headers/Public/React-perflogger\"\ \"/Users/nathannovak/Development/Apps/StraboSpot2/ios/Pods/Headers/Public/React-performancetimeline\"\ \"/Users/nathannovak/Development/Apps/StraboSpot2/ios/Pods/Headers/Public/React-rendererconsistency\"\ \"/Users/nathannovak/Development/Apps/StraboSpot2/ios/Pods/Headers/Public/React-renderercss\"\ \"/Users/nathannovak/Development/Apps/StraboSpot2/ios/Pods/Headers/Public/React-rendererdebug\"\ \"/Users/nathannovak/Development/Apps/StraboSpot2/ios/Pods/Headers/Public/React-runtimeexecutor\"\ \"/Users/nathannovak/Development/Apps/StraboSpot2/ios/Pods/Headers/Public/React-runtimescheduler\"\ \"/Users/nathannovak/Development/Apps/StraboSpot2/ios/Pods/Headers/Public/React-timing\"\ \"/Users/nathannovak/Development/Apps/StraboSpot2/ios/Pods/Headers/Public/React-utils\"\ \"/Users/nathannovak/Development/Apps/StraboSpot2/ios/Pods/Headers/Public/ReactAppDependencyProvider\"\ \"/Users/nathannovak/Development/Apps/StraboSpot2/ios/Pods/Headers/Public/ReactCodegen\"\ \"/Users/nathannovak/Development/Apps/StraboSpot2/ios/Pods/Headers/Public/ReactCommon\"\ \"/Users/nathannovak/Development/Apps/StraboSpot2/ios/Pods/Headers/Public/ReactNativeKeyboardManager\"\ \"/Users/nathannovak/Development/Apps/StraboSpot2/ios/Pods/Headers/Public/SSZipArchive\"\ \"/Users/nathannovak/Development/Apps/StraboSpot2/ios/Pods/Headers/Public/Sentry\"\ \"/Users/nathannovak/Development/Apps/StraboSpot2/ios/Pods/Headers/Public/SocketRocket\"\ \"/Users/nathannovak/Development/Apps/StraboSpot2/ios/Pods/Headers/Public/Yoga\"\ \"/Users/nathannovak/Development/Apps/StraboSpot2/ios/Pods/Headers/Public/boost\"\ \"/Users/nathannovak/Development/Apps/StraboSpot2/ios/Pods/Headers/Public/fast_float\"\ \"/Users/nathannovak/Development/Apps/StraboSpot2/ios/Pods/Headers/Public/fmt\"\ \"/Users/nathannovak/Development/Apps/StraboSpot2/ios/Pods/Headers/Public/glog\"\ \"/Users/nathannovak/Development/Apps/StraboSpot2/ios/Pods/Headers/Public/hermes-engine\"\ \"/Users/nathannovak/Development/Apps/StraboSpot2/ios/Pods/Headers/Public/lottie-react-native\"\ \"/Users/nathannovak/Development/Apps/StraboSpot2/ios/Pods/Headers/Public/react-native-blob-util\"\ \"/Users/nathannovak/Development/Apps/StraboSpot2/ios/Pods/Headers/Public/react-native-document-picker\"\ \"/Users/nathannovak/Development/Apps/StraboSpot2/ios/Pods/Headers/Public/react-native-geolocation\"\ \"/Users/nathannovak/Development/Apps/StraboSpot2/ios/Pods/Headers/Public/react-native-get-random-values\"\ \"/Users/nathannovak/Development/Apps/StraboSpot2/ios/Pods/Headers/Public/react-native-image-picker\"\ \"/Users/nathannovak/Development/Apps/StraboSpot2/ios/Pods/Headers/Public/react-native-image-resizer\"\ \"/Users/nathannovak/Development/Apps/StraboSpot2/ios/Pods/Headers/Public/react-native-keep-awake\"\ \"/Users/nathannovak/Development/Apps/StraboSpot2/ios/Pods/Headers/Public/react-native-netinfo\"\ \"/Users/nathannovak/Development/Apps/StraboSpot2/ios/Pods/Headers/Public/react-native-orientation-director\"\ \"/Users/nathannovak/Development/Apps/StraboSpot2/ios/Pods/Headers/Public/react-native-pager-view\"\ \"/Users/nathannovak/Development/Apps/StraboSpot2/ios/Pods/Headers/Public/react-native-pdf\"\ \"/Users/nathannovak/Development/Apps/StraboSpot2/ios/Pods/Headers/Public/react-native-safe-area-context\"\ \"/Users/nathannovak/Development/Apps/StraboSpot2/ios/Pods/Headers/Public/react-native-slider\"\ \"/Users/nathannovak/Development/Apps/StraboSpot2/ios/Pods/Headers/Public/rnmapbox-maps\"\ \"/Users/nathannovak/Development/Apps/StraboSpot2/ios/Pods/DoubleConversion\"\ \"/Users/nathannovak/Library/Developer/Xcode/DerivedData/StraboSpot2-gztieqkdzpsbarfnoxqpkwxgfcqj/Build/Products/Debug-iphonesimulator/EXManifests/Swift\ Compatibility\ Header\"\ \"/Users/nathannovak/Library/Developer/Xcode/DerivedData/StraboSpot2-gztieqkdzpsbarfnoxqpkwxgfcqj/Build/Products/Debug-iphonesimulator/EXUpdates/Swift\ Compatibility\ Header\"\ \"/Users/nathannovak/Library/Developer/Xcode/DerivedData/StraboSpot2-gztieqkdzpsbarfnoxqpkwxgfcqj/Build/Products/Debug-iphonesimulator/EXUpdatesInterface/Swift\ Compatibility\ Header\"\ \"/Users/nathannovak/Library/Developer/Xcode/DerivedData/StraboSpot2-gztieqkdzpsbarfnoxqpkwxgfcqj/Build/Products/Debug-iphonesimulator/Expo/Swift\ Compatibility\ Header\"\ \"/Users/nathannovak/Development/Apps/StraboSpot2/ios/Pods/Headers/Private/Yoga\"\ \"/Users/nathannovak/Library/Developer/Xcode/DerivedData/StraboSpot2-gztieqkdzpsbarfnoxqpkwxgfcqj/Build/Products/Debug-iphonesimulator/ExpoModulesCore/Swift\ Compatibility\ Header\"\ \"/Users/nathannovak/Development/Apps/StraboSpot2/ios/Pods/Headers/Private/Yoga\"\ \"/Users/nathannovak/Development/Apps/StraboSpot2/ios/Pods/boost\"\ \"/Users/nathannovak/Development/Apps/StraboSpot2/ios/Pods/boost\"\ \"/Users/nathannovak/Development/Apps/StraboSpot2/ios/Pods/boost-for-react-native\"\ \"/Users/nathannovak/Development/Apps/StraboSpot2/ios/Pods/glog\"\ \"/Users/nathannovak/Development/Apps/StraboSpot2/ios/Pods/RCT-Folly\"\ \"/Users/nathannovak/Development/Apps/StraboSpot2/ios/Pods/Headers/Public/React-hermes\"\ \"/Users/nathannovak/Development/Apps/StraboSpot2/ios/Pods/Headers/Public/hermes-engine\"\ \"/Users/nathannovak/Development/Apps/StraboSpot2/ios/Pods/../../node_modules/react-native/ReactCommon\"\ \"/Users/nathannovak/Development/Apps/StraboSpot2/ios/Pods/../../node_modules/react-native-reanimated/apple\"\ \"/Users/nathannovak/Development/Apps/StraboSpot2/ios/Pods/../../node_modules/react-native-reanimated/Common/cpp\"\ \"/Users/nathannovak/Development/Apps/StraboSpot2/ios/Pods/Headers/Private/React-Core\"\ \"/Users/nathannovak/Development/Apps/StraboSpot2/ios/Pods/Headers/Private/React-Core\"\ \"/Users/nathannovak/Development/Apps/StraboSpot2/ios/Pods/Headers/Private/Yoga\"
    export HOME\=/Users/nathannovak
    export HOST_ARCH\=x86_64
    export HOST_PLATFORM\=macosx
    export ICONV\=/usr/bin/iconv
    export IMPLICIT_DEPENDENCY_DOMAIN\=default
    export INFOPLIST_ENABLE_CFBUNDLEICONS_MERGE\=YES
    export INFOPLIST_EXPAND_BUILD_SETTINGS\=YES
    export INFOPLIST_FILE\=StraboSpot2/Info.plist
    export INFOPLIST_KEY_CFBundleDisplayName\=StraboField
    export INFOPLIST_OUTPUT_FORMAT\=binary
    export INFOPLIST_PATH\=StraboSpot2.app/Info.plist
    export INFOPLIST_PREPROCESS\=NO
    export INFOSTRINGS_PATH\=StraboSpot2.app/en.lproj/InfoPlist.strings
    export INLINE_PRIVATE_FRAMEWORKS\=NO
    export INSTALLAPI_IGNORE_SKIP_INSTALL\=YES
    export INSTALLHDRS_COPY_PHASE\=NO
    export INSTALLHDRS_SCRIPT_PHASE\=NO
    export INSTALL_DIR\=/tmp/StraboSpot2.dst/Applications
    export INSTALL_GROUP\=staff
    export INSTALL_MODE_FLAG\=u+w,go-w,a+rX
    export INSTALL_OWNER\=nathannovak
    export INSTALL_PATH\=/Applications
    export INSTALL_ROOT\=/tmp/StraboSpot2.dst
    export IPHONEOS_DEPLOYMENT_TARGET\=15.6
    export IS_UNOPTIMIZED_BUILD\=YES
    export JAVAC_DEFAULT_FLAGS\=-J-Xms64m\ -J-XX:NewSize\=4M\ -J-Dfile.encoding\=UTF8
    export JAVA_APP_STUB\=/System/Library/Frameworks/JavaVM.framework/Resources/MacOS/JavaApplicationStub
    export JAVA_ARCHIVE_CLASSES\=YES
    export JAVA_ARCHIVE_TYPE\=JAR
    export JAVA_COMPILER\=/usr/bin/javac
    export JAVA_FOLDER_PATH\=StraboSpot2.app/Java
    export JAVA_FRAMEWORK_RESOURCES_DIRS\=Resources
    export JAVA_JAR_FLAGS\=cv
    export JAVA_SOURCE_SUBDIR\=.
    export JAVA_USE_DEPENDENCIES\=YES
    export JAVA_ZIP_FLAGS\=-urg
    export JIKES_DEFAULT_FLAGS\=+E\ +OLDCSO
    export KEEP_PRIVATE_EXTERNS\=NO
    export LD_DEPENDENCY_INFO_FILE\=/Users/nathannovak/Library/Developer/Xcode/DerivedData/StraboSpot2-gztieqkdzpsbarfnoxqpkwxgfcqj/Build/Intermediates.noindex/StraboSpot2.build/Debug-iphonesimulator/StraboSpot2.build/Objects-normal/undefined_arch/StraboSpot2_dependency_info.dat
    export LD_ENTITLEMENTS_SECTION\=/Users/nathannovak/Library/Developer/Xcode/DerivedData/StraboSpot2-gztieqkdzpsbarfnoxqpkwxgfcqj/Build/Intermediates.noindex/StraboSpot2.build/Debug-iphonesimulator/StraboSpot2.build/StraboSpot2.app-Simulated.xcent
    export LD_ENTITLEMENTS_SECTION_DER\=/Users/nathannovak/Library/Developer/Xcode/DerivedData/StraboSpot2-gztieqkdzpsbarfnoxqpkwxgfcqj/Build/Intermediates.noindex/StraboSpot2.build/Debug-iphonesimulator/StraboSpot2.build/StraboSpot2.app-Simulated.xcent.der
    export LD_EXPORT_SYMBOLS\=YES
    export LD_GENERATE_MAP_FILE\=NO
    export LD_MAP_FILE_PATH\=/Users/nathannovak/Library/Developer/Xcode/DerivedData/StraboSpot2-gztieqkdzpsbarfnoxqpkwxgfcqj/Build/Intermediates.noindex/StraboSpot2.build/Debug-iphonesimulator/StraboSpot2.build/StraboSpot2-LinkMap-normal-undefined_arch.txt
    export LD_NO_PIE\=NO
    export LD_QUOTE_LINKER_ARGUMENTS_FOR_COMPILER_DRIVER\=YES
    export LD_RUNPATH_SEARCH_PATHS\=/usr/lib/swift\ \ /usr/lib/swift\ \'@executable_path/Frameworks\'\ \'@loader_path/Frameworks\'\ @executable_path/Frameworks
    export LD_RUNPATH_SEARCH_PATHS_YES\=@loader_path/../Frameworks
    export LD_SHARED_CACHE_ELIGIBLE\=Automatic
    export LD_WARN_DUPLICATE_LIBRARIES\=NO
    export LD_WARN_UNUSED_DYLIBS\=NO
    export LEGACY_DEVELOPER_DIR\=/Applications/Xcode.app/Contents/PlugIns/Xcode3Core.ideplugin/Contents/SharedSupport/Developer
    export LEX\=lex
    export LIBRARY_DEXT_INSTALL_PATH\=/Library/DriverExtensions
    export LIBRARY_FLAG_NOSPACE\=YES
    export LIBRARY_FLAG_PREFIX\=-l
    export LIBRARY_KEXT_INSTALL_PATH\=/Library/Extensions
    export LIBRARY_SEARCH_PATHS\=/Users/nathannovak/Library/Developer/Xcode/DerivedData/StraboSpot2-gztieqkdzpsbarfnoxqpkwxgfcqj/Build/Products/Debug-iphonesimulator\ /Applications/Xcode.app/Contents/Developer/Platforms/iPhoneSimulator.platform/Developer/SDKs/iPhoneSimulator26.0.sdk/usr/lib/swift\ /Applications/Xcode.app/Contents/Developer/Toolchains/XcodeDefault.xctoolchain/usr/lib/swift/iphonesimulator\ /Users/nathannovak/Library/Developer/Xcode/DerivedData/StraboSpot2-gztieqkdzpsbarfnoxqpkwxgfcqj/Build/Products/Debug-iphonesimulator/DoubleConversion\ /Users/nathannovak/Library/Developer/Xcode/DerivedData/StraboSpot2-gztieqkdzpsbarfnoxqpkwxgfcqj/Build/Products/Debug-iphonesimulator/EASClient\ /Users/nathannovak/Library/Developer/Xcode/DerivedData/StraboSpot2-gztieqkdzpsbarfnoxqpkwxgfcqj/Build/Products/Debug-iphonesimulator/EXConstants\ /Users/nathannovak/Library/Developer/Xcode/DerivedData/StraboSpot2-gztieqkdzpsbarfnoxqpkwxgfcqj/Build/Products/Debug-iphonesimulator/EXJSONUtils\ /Users/nathannovak/Library/Developer/Xcode/DerivedData/StraboSpot2-gztieqkdzpsbarfnoxqpkwxgfcqj/Build/Products/Debug-iphonesimulator/EXManifests\ /Users/nathannovak/Library/Developer/Xcode/DerivedData/StraboSpot2-gztieqkdzpsbarfnoxqpkwxgfcqj/Build/Products/Debug-iphonesimulator/EXStructuredHeaders\ /Users/nathannovak/Library/Developer/Xcode/DerivedData/StraboSpot2-gztieqkdzpsbarfnoxqpkwxgfcqj/Build/Products/Debug-iphonesimulator/EXUpdates\ /Users/nathannovak/Library/Developer/Xcode/DerivedData/StraboSpot2-gztieqkdzpsbarfnoxqpkwxgfcqj/Build/Products/Debug-iphonesimulator/EXUpdatesInterface\ /Users/nathannovak/Library/Developer/Xcode/DerivedData/StraboSpot2-gztieqkdzpsbarfnoxqpkwxgfcqj/Build/Products/Debug-iphonesimulator/Expo\ /Users/nathannovak/Library/Developer/Xcode/DerivedData/StraboSpot2-gztieqkdzpsbarfnoxqpkwxgfcqj/Build/Products/Debug-iphonesimulator/ExpoAsset\ /Users/nathannovak/Library/Developer/Xcode/DerivedData/StraboSpot2-gztieqkdzpsbarfnoxqpkwxgfcqj/Build/Products/Debug-iphonesimulator/ExpoFileSystem\ /Users/nathannovak/Library/Developer/Xcode/DerivedData/StraboSpot2-gztieqkdzpsbarfnoxqpkwxgfcqj/Build/Products/Debug-iphonesimulator/ExpoFont\ /Users/nathannovak/Library/Developer/Xcode/DerivedData/StraboSpot2-gztieqkdzpsbarfnoxqpkwxgfcqj/Build/Products/Debug-iphonesimulator/ExpoKeepAwake\ /Users/nathannovak/Library/Developer/Xcode/DerivedData/StraboSpot2-gztieqkdzpsbarfnoxqpkwxgfcqj/Build/Products/Debug-iphonesimulator/ExpoModulesCore\ /Users/nathannovak/Library/Developer/Xcode/DerivedData/StraboSpot2-gztieqkdzpsbarfnoxqpkwxgfcqj/Build/Products/Debug-iphonesimulator/IQKeyboardManagerSwift\ /Users/nathannovak/Library/Developer/Xcode/DerivedData/StraboSpot2-gztieqkdzpsbarfnoxqpkwxgfcqj/Build/Products/Debug-iphonesimulator/RCT-Folly\ /Users/nathannovak/Library/Developer/Xcode/DerivedData/StraboSpot2-gztieqkdzpsbarfnoxqpkwxgfcqj/Build/Products/Debug-iphonesimulator/RCTDeprecation\ /Users/nathannovak/Library/Developer/Xcode/DerivedData/StraboSpot2-gztieqkdzpsbarfnoxqpkwxgfcqj/Build/Products/Debug-iphonesimulator/RCTTypeSafety\ /Users/nathannovak/Library/Developer/Xcode/DerivedData/StraboSpot2-gztieqkdzpsbarfnoxqpkwxgfcqj/Build/Products/Debug-iphonesimulator/RNCAsyncStorage\ /Users/nathannovak/Library/Developer/Xcode/DerivedData/StraboSpot2-gztieqkdzpsbarfnoxqpkwxgfcqj/Build/Products/Debug-iphonesimulator/RNCClipboard\ /Users/nathannovak/Library/Developer/Xcode/DerivedData/StraboSpot2-gztieqkdzpsbarfnoxqpkwxgfcqj/Build/Products/Debug-iphonesimulator/RNCPicker\ /Users/nathannovak/Library/Developer/Xcode/DerivedData/StraboSpot2-gztieqkdzpsbarfnoxqpkwxgfcqj/Build/Products/Debug-iphonesimulator/RNDateTimePicker\ /Users/nathannovak/Library/Developer/Xcode/DerivedData/StraboSpot2-gztieqkdzpsbarfnoxqpkwxgfcqj/Build/Products/Debug-iphonesimulator/RNDeviceInfo\ /Users/nathannovak/Library/Developer/Xcode/DerivedData/StraboSpot2-gztieqkdzpsbarfnoxqpkwxgfcqj/Build/Products/Debug-iphonesimulator/RNFS\ /Users/nathannovak/Library/Developer/Xcode/DerivedData/StraboSpot2-gztieqkdzpsbarfnoxqpkwxgfcqj/Build/Products/Debug-iphonesimulator/RNGestureHandler\ /Users/nathannovak/Library/Developer/Xcode/DerivedData/StraboSpot2-gztieqkdzpsbarfnoxqpkwxgfcqj/Build/Products/Debug-iphonesimulator/RNReanimated\ /Users/nathannovak/Library/Developer/Xcode/DerivedData/StraboSpot2-gztieqkdzpsbarfnoxqpkwxgfcqj/Build/Products/Debug-iphonesimulator/RNScreens\ /Users/nathannovak/Library/Developer/Xcode/DerivedData/StraboSpot2-gztieqkdzpsbarfnoxqpkwxgfcqj/Build/Products/Debug-iphonesimulator/RNSensors\ /Users/nathannovak/Library/Developer/Xcode/DerivedData/StraboSpot2-gztieqkdzpsbarfnoxqpkwxgfcqj/Build/Products/Debug-iphonesimulator/RNSentry\ /Users/nathannovak/Library/Developer/Xcode/DerivedData/StraboSpot2-gztieqkdzpsbarfnoxqpkwxgfcqj/Build/Products/Debug-iphonesimulator/RNSketchCanvas\ /Users/nathannovak/Library/Developer/Xcode/DerivedData/StraboSpot2-gztieqkdzpsbarfnoxqpkwxgfcqj/Build/Products/Debug-iphonesimulator/RNSoundPlayer\ /Users/nathannovak/Library/Developer/Xcode/DerivedData/StraboSpot2-gztieqkdzpsbarfnoxqpkwxgfcqj/Build/Products/Debug-iphonesimulator/RNVectorIcons\ /Users/nathannovak/Library/Developer/Xcode/DerivedData/StraboSpot2-gztieqkdzpsbarfnoxqpkwxgfcqj/Build/Products/Debug-iphonesimulator/RNZipArchive\ /Users/nathannovak/Library/Developer/Xcode/DerivedData/StraboSpot2-gztieqkdzpsbarfnoxqpkwxgfcqj/Build/Products/Debug-iphonesimulator/ReachabilitySwift\ /Users/nathannovak/Library/Developer/Xcode/DerivedData/StraboSpot2-gztieqkdzpsbarfnoxqpkwxgfcqj/Build/Products/Debug-iphonesimulator/React-Core\ /Users/nathannovak/Library/Developer/Xcode/DerivedData/StraboSpot2-gztieqkdzpsbarfnoxqpkwxgfcqj/Build/Products/Debug-iphonesimulator/React-CoreModules\ /Users/nathannovak/Library/Developer/Xcode/DerivedData/StraboSpot2-gztieqkdzpsbarfnoxqpkwxgfcqj/Build/Products/Debug-iphonesimulator/React-Fabric\ /Users/nathannovak/Library/Developer/Xcode/DerivedData/StraboSpot2-gztieqkdzpsbarfnoxqpkwxgfcqj/Build/Products/Debug-iphonesimulator/React-FabricComponents\ /Users/nathannovak/Library/Developer/Xcode/DerivedData/StraboSpot2-gztieqkdzpsbarfnoxqpkwxgfcqj/Build/Products/Debug-iphonesimulator/React-FabricImage\ /Users/nathannovak/Library/Developer/Xcode/DerivedData/StraboSpot2-gztieqkdzpsbarfnoxqpkwxgfcqj/Build/Products/Debug-iphonesimulator/React-ImageManager\ /Users/nathannovak/Library/Developer/Xcode/DerivedData/StraboSpot2-gztieqkdzpsbarfnoxqpkwxgfcqj/Build/Products/Debug-iphonesimulator/React-Mapbuffer\ /Users/nathannovak/Library/Developer/Xcode/DerivedData/StraboSpot2-gztieqkdzpsbarfnoxqpkwxgfcqj/Build/Products/Debug-iphonesimulator/React-NativeModulesApple\ /Users/nathannovak/Library/Developer/Xcode/DerivedData/StraboSpot2-gztieqkdzpsbarfnoxqpkwxgfcqj/Build/Products/Debug-iphonesimulator/React-RCTAnimation\ /Users/nathannovak/Library/Developer/Xcode/DerivedData/StraboSpot2-gztieqkdzpsbarfnoxqpkwxgfcqj/Build/Products/Debug-iphonesimulator/React-RCTAppDelegate\ /Users/nathannovak/Library/Developer/Xcode/DerivedData/StraboSpot2-gztieqkdzpsbarfnoxqpkwxgfcqj/Build/Products/Debug-iphonesimulator/React-RCTBlob\ /Users/nathannovak/Library/Developer/Xcode/DerivedData/StraboSpot2-gztieqkdzpsbarfnoxqpkwxgfcqj/Build/Products/Debug-iphonesimulator/React-RCTFBReactNativeSpec\ /Users/nathannovak/Library/Developer/Xcode/DerivedData/StraboSpot2-gztieqkdzpsbarfnoxqpkwxgfcqj/Build/Products/Debug-iphonesimulator/React-RCTFabric\ /Users/nathannovak/Library/Developer/Xcode/DerivedData/StraboSpot2-gztieqkdzpsbarfnoxqpkwxgfcqj/Build/Products/Debug-iphonesimulator/React-RCTImage\ /Users/nathannovak/Library/Developer/Xcode/DerivedData/StraboSpot2-gztieqkdzpsbarfnoxqpkwxgfcqj/Build/Products/Debug-iphonesimulator/React-RCTLinking\ /Users/nathannovak/Library/Developer/Xcode/DerivedData/StraboSpot2-gztieqkdzpsbarfnoxqpkwxgfcqj/Build/Products/Debug-iphonesimulator/React-RCTNetwork\ /Users/nathannovak/Library/Developer/Xcode/DerivedData/StraboSpot2-gztieqkdzpsbarfnoxqpkwxgfcqj/Build/Products/Debug-iphonesimulator/React-RCTRuntime\ /Users/nathannovak/Library/Developer/Xcode/DerivedData/StraboSpot2-gztieqkdzpsbarfnoxqpkwxgfcqj/Build/Products/Debug-iphonesimulator/React-RCTSettings\ /Users/nathannovak/Library/Developer/Xcode/DerivedData/StraboSpot2-gztieqkdzpsbarfnoxqpkwxgfcqj/Build/Products/Debug-iphonesimulator/React-RCTText\ /Users/nathannovak/Library/Developer/Xcode/DerivedData/StraboSpot2-gztieqkdzpsbarfnoxqpkwxgfcqj/Build/Products/Debug-iphonesimulator/React-RCTVibration\ /Users/nathannovak/Library/Developer/Xcode/DerivedData/StraboSpot2-gztieqkdzpsbarfnoxqpkwxgfcqj/Build/Products/Debug-iphonesimulator/React-RuntimeApple\ /Users/nathannovak/Library/Developer/Xcode/DerivedData/StraboSpot2-gztieqkdzpsbarfnoxqpkwxgfcqj/Build/Products/Debug-iphonesimulator/React-RuntimeCore\ /Users/nathannovak/Library/Developer/Xcode/DerivedData/StraboSpot2-gztieqkdzpsbarfnoxqpkwxgfcqj/Build/Products/Debug-iphonesimulator/React-RuntimeHermes\ /Users/nathannovak/Library/Developer/Xcode/DerivedData/StraboSpot2-gztieqkdzpsbarfnoxqpkwxgfcqj/Build/Products/Debug-iphonesimulator/React-cxxreact\ /Users/nathannovak/Library/Developer/Xcode/DerivedData/StraboSpot2-gztieqkdzpsbarfnoxqpkwxgfcqj/Build/Products/Debug-iphonesimulator/React-debug\ /Users/nathannovak/Library/Developer/Xcode/DerivedData/StraboSpot2-gztieqkdzpsbarfnoxqpkwxgfcqj/Build/Products/Debug-iphonesimulator/React-defaultsnativemodule\ /Users/nathannovak/Library/Developer/Xcode/DerivedData/StraboSpot2-gztieqkdzpsbarfnoxqpkwxgfcqj/Build/Products/Debug-iphonesimulator/React-domnativemodule\ /Users/nathannovak/Library/Developer/Xcode/DerivedData/StraboSpot2-gztieqkdzpsbarfnoxqpkwxgfcqj/Build/Products/Debug-iphonesimulator/React-featureflags\ /Users/nathannovak/Library/Developer/Xcode/DerivedData/StraboSpot2-gztieqkdzpsbarfnoxqpkwxgfcqj/Build/Products/Debug-iphonesimulator/React-featureflagsnativemodule\ /Users/nathannovak/Library/Developer/Xcode/DerivedData/StraboSpot2-gztieqkdzpsbarfnoxqpkwxgfcqj/Build/Products/Debug-iphonesimulator/React-graphics\ /Users/nathannovak/Library/Developer/Xcode/DerivedData/StraboSpot2-gztieqkdzpsbarfnoxqpkwxgfcqj/Build/Products/Debug-iphonesimulator/React-hermes\ /Users/nathannovak/Library/Developer/Xcode/DerivedData/StraboSpot2-gztieqkdzpsbarfnoxqpkwxgfcqj/Build/Products/Debug-iphonesimulator/React-idlecallbacksnativemodule\ /Users/nathannovak/Library/Developer/Xcode/DerivedData/StraboSpot2-gztieqkdzpsbarfnoxqpkwxgfcqj/Build/Products/Debug-iphonesimulator/React-jserrorhandler\ /Users/nathannovak/Library/Developer/Xcode/DerivedData/StraboSpot2-gztieqkdzpsbarfnoxqpkwxgfcqj/Build/Products/Debug-iphonesimulator/React-jsi\ /Users/nathannovak/Library/Developer/Xcode/DerivedData/StraboSpot2-gztieqkdzpsbarfnoxqpkwxgfcqj/Build/Products/Debug-iphonesimulator/React-jsiexecutor\ /Users/nathannovak/Library/Developer/Xcode/DerivedData/StraboSpot2-gztieqkdzpsbarfnoxqpkwxgfcqj/Build/Products/Debug-iphonesimulator/React-jsinspector\ /Users/nathannovak/Library/Developer/Xcode/DerivedData/StraboSpot2-gztieqkdzpsbarfnoxqpkwxgfcqj/Build/Products/Debug-iphonesimulator/React-jsinspectortracing\ /Users/nathannovak/Library/Developer/Xcode/DerivedData/StraboSpot2-gztieqkdzpsbarfnoxqpkwxgfcqj/Build/Products/Debug-iphonesimulator/React-jsitooling\ /Users/nathannovak/Library/Developer/Xcode/DerivedData/StraboSpot2-gztieqkdzpsbarfnoxqpkwxgfcqj/Build/Products/Debug-iphonesimulator/React-logger\ /Users/nathannovak/Library/Developer/Xcode/DerivedData/StraboSpot2-gztieqkdzpsbarfnoxqpkwxgfcqj/Build/Products/Debug-iphonesimulator/React-microtasksnativemodule\ /Users/nathannovak/Library/Developer/Xcode/DerivedData/StraboSpot2-gztieqkdzpsbarfnoxqpkwxgfcqj/Build/Products/Debug-iphonesimulator/React-oscompat\ /Users/nathannovak/Library/Developer/Xcode/DerivedData/StraboSpot2-gztieqkdzpsbarfnoxqpkwxgfcqj/Build/Products/Debug-iphonesimulator/React-perflogger\ /Users/nathannovak/Library/Developer/Xcode/DerivedData/StraboSpot2-gztieqkdzpsbarfnoxqpkwxgfcqj/Build/Products/Debug-iphonesimulator/React-performancetimeline\ /Users/nathannovak/Library/Developer/Xcode/DerivedData/StraboSpot2-gztieqkdzpsbarfnoxqpkwxgfcqj/Build/Products/Debug-iphonesimulator/React-rendererconsistency\ /Users/nathannovak/Library/Developer/Xcode/DerivedData/StraboSpot2-gztieqkdzpsbarfnoxqpkwxgfcqj/Build/Products/Debug-iphonesimulator/React-renderercss\ /Users/nathannovak/Library/Developer/Xcode/DerivedData/StraboSpot2-gztieqkdzpsbarfnoxqpkwxgfcqj/Build/Products/Debug-iphonesimulator/React-rendererdebug\ /Users/nathannovak/Library/Developer/Xcode/DerivedData/StraboSpot2-gztieqkdzpsbarfnoxqpkwxgfcqj/Build/Products/Debug-iphonesimulator/React-runtimescheduler\ /Users/nathannovak/Library/Developer/Xcode/DerivedData/StraboSpot2-gztieqkdzpsbarfnoxqpkwxgfcqj/Build/Products/Debug-iphonesimulator/React-utils\ /Users/nathannovak/Library/Developer/Xcode/DerivedData/StraboSpot2-gztieqkdzpsbarfnoxqpkwxgfcqj/Build/Products/Debug-iphonesimulator/ReactAppDependencyProvider\ /Users/nathannovak/Library/Developer/Xcode/DerivedData/StraboSpot2-gztieqkdzpsbarfnoxqpkwxgfcqj/Build/Products/Debug-iphonesimulator/ReactCodegen\ /Users/nathannovak/Library/Developer/Xcode/DerivedData/StraboSpot2-gztieqkdzpsbarfnoxqpkwxgfcqj/Build/Products/Debug-iphonesimulator/ReactCommon\ /Users/nathannovak/Library/Developer/Xcode/DerivedData/StraboSpot2-gztieqkdzpsbarfnoxqpkwxgfcqj/Build/Products/Debug-iphonesimulator/ReactNativeKeyboardManager\ /Users/nathannovak/Library/Developer/Xcode/DerivedData/StraboSpot2-gztieqkdzpsbarfnoxqpkwxgfcqj/Build/Products/Debug-iphonesimulator/SSZipArchive\ /Users/nathannovak/Library/Developer/Xcode/DerivedData/StraboSpot2-gztieqkdzpsbarfnoxqpkwxgfcqj/Build/Products/Debug-iphonesimulator/Sentry\ /Users/nathannovak/Library/Developer/Xcode/DerivedData/StraboSpot2-gztieqkdzpsbarfnoxqpkwxgfcqj/Build/Products/Debug-iphonesimulator/SocketRocket\ /Users/nathannovak/Library/Developer/Xcode/DerivedData/StraboSpot2-gztieqkdzpsbarfnoxqpkwxgfcqj/Build/Products/Debug-iphonesimulator/Yoga\ /Users/nathannovak/Library/Developer/Xcode/DerivedData/StraboSpot2-gztieqkdzpsbarfnoxqpkwxgfcqj/Build/Products/Debug-iphonesimulator/fmt\ /Users/nathannovak/Library/Developer/Xcode/DerivedData/StraboSpot2-gztieqkdzpsbarfnoxqpkwxgfcqj/Build/Products/Debug-iphonesimulator/glog\ /Users/nathannovak/Library/Developer/Xcode/DerivedData/StraboSpot2-gztieqkdzpsbarfnoxqpkwxgfcqj/Build/Products/Debug-iphonesimulator/lottie-ios\ /Users/nathannovak/Library/Developer/Xcode/DerivedData/StraboSpot2-gztieqkdzpsbarfnoxqpkwxgfcqj/Build/Products/Debug-iphonesimulator/lottie-react-native\ /Users/nathannovak/Library/Developer/Xcode/DerivedData/StraboSpot2-gztieqkdzpsbarfnoxqpkwxgfcqj/Build/Products/Debug-iphonesimulator/react-native-blob-util\ /Users/nathannovak/Library/Developer/Xcode/DerivedData/StraboSpot2-gztieqkdzpsbarfnoxqpkwxgfcqj/Build/Products/Debug-iphonesimulator/react-native-document-picker\ /Users/nathannovak/Library/Developer/Xcode/DerivedData/StraboSpot2-gztieqkdzpsbarfnoxqpkwxgfcqj/Build/Products/Debug-iphonesimulator/react-native-geolocation\ /Users/nathannovak/Library/Developer/Xcode/DerivedData/StraboSpot2-gztieqkdzpsbarfnoxqpkwxgfcqj/Build/Products/Debug-iphonesimulator/react-native-get-random-values\ /Users/nathannovak/Library/Developer/Xcode/DerivedData/StraboSpot2-gztieqkdzpsbarfnoxqpkwxgfcqj/Build/Products/Debug-iphonesimulator/react-native-image-picker\ /Users/nathannovak/Library/Developer/Xcode/DerivedData/StraboSpot2-gztieqkdzpsbarfnoxqpkwxgfcqj/Build/Products/Debug-iphonesimulator/react-native-image-resizer\ /Users/nathannovak/Library/Developer/Xcode/DerivedData/StraboSpot2-gztieqkdzpsbarfnoxqpkwxgfcqj/Build/Products/Debug-iphonesimulator/react-native-keep-awake\ /Users/nathannovak/Library/Developer/Xcode/DerivedData/StraboSpot2-gztieqkdzpsbarfnoxqpkwxgfcqj/Build/Products/Debug-iphonesimulator/react-native-netinfo\ /Users/nathannovak/Library/Developer/Xcode/DerivedData/StraboSpot2-gztieqkdzpsbarfnoxqpkwxgfcqj/Build/Products/Debug-iphonesimulator/react-native-orientation-director\ /Users/nathannovak/Library/Developer/Xcode/DerivedData/StraboSpot2-gztieqkdzpsbarfnoxqpkwxgfcqj/Build/Products/Debug-iphonesimulator/react-native-pager-view\ /Users/nathannovak/Library/Developer/Xcode/DerivedData/StraboSpot2-gztieqkdzpsbarfnoxqpkwxgfcqj/Build/Products/Debug-iphonesimulator/react-native-pdf\ /Users/nathannovak/Library/Developer/Xcode/DerivedData/StraboSpot2-gztieqkdzpsbarfnoxqpkwxgfcqj/Build/Products/Debug-iphonesimulator/react-native-safe-area-context\ /Users/nathannovak/Library/Developer/Xcode/DerivedData/StraboSpot2-gztieqkdzpsbarfnoxqpkwxgfcqj/Build/Products/Debug-iphonesimulator/react-native-slider\ /Users/nathannovak/Library/Developer/Xcode/DerivedData/StraboSpot2-gztieqkdzpsbarfnoxqpkwxgfcqj/Build/Products/Debug-iphonesimulator/rnmapbox-maps\ /Applications/Xcode.app/Contents/Developer/Toolchains/XcodeDefault.xctoolchain/usr/lib/swift/iphonesimulator\ /Applications/Xcode.app/Contents/Developer/Platforms/iPhoneSimulator.platform/Developer/SDKs/iPhoneSimulator26.0.sdk/usr/lib/swift\ /Applications/Xcode.app/Contents/Developer/Platforms/iPhoneSimulator.platform/Developer/SDKs/iPhoneSimulator26.0.sdk/usr/lib/swift
    export LINKER_DISPLAYS_MANGLED_NAMES\=NO
    export LINK_FILE_LIST_normal_x86_64\=/Users/nathannovak/Library/Developer/Xcode/DerivedData/StraboSpot2-gztieqkdzpsbarfnoxqpkwxgfcqj/Build/Intermediates.noindex/StraboSpot2.build/Debug-iphonesimulator/StraboSpot2.build/Objects-normal/x86_64/StraboSpot2.LinkFileList
    export LINK_OBJC_RUNTIME\=YES
    export LINK_WITH_STANDARD_LIBRARIES\=YES
    export LLVM_TARGET_TRIPLE_OS_VERSION\=ios15.6
    export LLVM_TARGET_TRIPLE_SUFFIX\=-simulator
    export LLVM_TARGET_TRIPLE_VENDOR\=apple
    export LM_AUX_CONST_METADATA_LIST_PATH_normal_x86_64\=/Users/nathannovak/Library/Developer/Xcode/DerivedData/StraboSpot2-gztieqkdzpsbarfnoxqpkwxgfcqj/Build/Intermediates.noindex/StraboSpot2.build/Debug-iphonesimulator/StraboSpot2.build/Objects-normal/x86_64/StraboSpot2.SwiftConstValuesFileList
    export LOCALIZATION_EXPORT_SUPPORTED\=YES
    export LOCALIZATION_PREFERS_STRING_CATALOGS\=NO
    export LOCALIZED_RESOURCES_FOLDER_PATH\=StraboSpot2.app/en.lproj
    export LOCALIZED_STRING_MACRO_NAMES\=NSLocalizedString\ CFCopyLocalizedString
    export LOCALIZED_STRING_SWIFTUI_SUPPORT\=YES
    export LOCAL_ADMIN_APPS_DIR\=/Applications/Utilities
    export LOCAL_APPS_DIR\=/Applications
    export LOCAL_DEVELOPER_DIR\=/Library/Developer
    export LOCAL_LIBRARY_DIR\=/Library
    export LOCROOT\=/Users/nathannovak/Development/Apps/StraboSpot2/ios
    export LOCSYMROOT\=/Users/nathannovak/Development/Apps/StraboSpot2/ios
    export MACH_O_TYPE\=mh_execute
    export MAC_OS_X_PRODUCT_BUILD_VERSION\=24G231
    export MAC_OS_X_VERSION_ACTUAL\=150701
    export MAC_OS_X_VERSION_MAJOR\=150000
    export MAC_OS_X_VERSION_MINOR\=150700
    export MAKE_MERGEABLE\=NO
    export MARKETING_VERSION\=2.23.2
    export MERGEABLE_LIBRARY\=NO
    export MERGED_BINARY_TYPE\=none
    export MERGE_LINKED_LIBRARIES\=NO
    export METAL_LIBRARY_FILE_BASE\=default
    export METAL_LIBRARY_OUTPUT_DIR\=/Users/nathannovak/Library/Developer/Xcode/DerivedData/StraboSpot2-gztieqkdzpsbarfnoxqpkwxgfcqj/Build/Products/Debug-iphonesimulator/StraboSpot2.app
    export MODULES_FOLDER_PATH\=StraboSpot2.app/Modules
    export MODULE_CACHE_DIR\=/Users/nathannovak/Library/Developer/Xcode/DerivedData/ModuleCache.noindex
    export MTL_ENABLE_DEBUG_INFO\=YES
    export NATIVE_ARCH\=x86_64
    export NATIVE_ARCH_32_BIT\=i386
    export NATIVE_ARCH_64_BIT\=x86_64
    export NATIVE_ARCH_ACTUAL\=x86_64
    export NO_COMMON\=YES
    export OBJC_ABI_VERSION\=2
    export OBJECT_FILE_DIR\=/Users/nathannovak/Library/Developer/Xcode/DerivedData/StraboSpot2-gztieqkdzpsbarfnoxqpkwxgfcqj/Build/Intermediates.noindex/StraboSpot2.build/Debug-iphonesimulator/StraboSpot2.build/Objects
    export OBJECT_FILE_DIR_normal\=/Users/nathannovak/Library/Developer/Xcode/DerivedData/StraboSpot2-gztieqkdzpsbarfnoxqpkwxgfcqj/Build/Intermediates.noindex/StraboSpot2.build/Debug-iphonesimulator/StraboSpot2.build/Objects-normal
    export OBJROOT\=/Users/nathannovak/Library/Developer/Xcode/DerivedData/StraboSpot2-gztieqkdzpsbarfnoxqpkwxgfcqj/Build/Intermediates.noindex
    export ONLY_ACTIVE_ARCH\=YES
    export OS\=MACOS
    export OSAC\=/usr/bin/osacompile
    export OTHER_CFLAGS\=\ -fmodule-map-file\=\"/Users/nathannovak/Library/Developer/Xcode/DerivedData/StraboSpot2-gztieqkdzpsbarfnoxqpkwxgfcqj/Build/Products/Debug-iphonesimulator/EASClient/EASClient.modulemap\"\ -fmodule-map-file\=\"/Users/nathannovak/Library/Developer/Xcode/DerivedData/StraboSpot2-gztieqkdzpsbarfnoxqpkwxgfcqj/Build/Products/Debug-iphonesimulator/EXConstants/EXConstants.modulemap\"\ -fmodule-map-file\=\"/Users/nathannovak/Library/Developer/Xcode/DerivedData/StraboSpot2-gztieqkdzpsbarfnoxqpkwxgfcqj/Build/Products/Debug-iphonesimulator/EXManifests/EXManifests.modulemap\"\ -fmodule-map-file\=\"/Users/nathannovak/Library/Developer/Xcode/DerivedData/StraboSpot2-gztieqkdzpsbarfnoxqpkwxgfcqj/Build/Products/Debug-iphonesimulator/EXUpdates/EXUpdates.modulemap\"\ -fmodule-map-file\=\"/Users/nathannovak/Library/Developer/Xcode/DerivedData/StraboSpot2-gztieqkdzpsbarfnoxqpkwxgfcqj/Build/Products/Debug-iphonesimulator/EXUpdatesInterface/EXUpdatesInterface.modulemap\"\ -fmodule-map-file\=\"/Users/nathannovak/Library/Developer/Xcode/DerivedData/StraboSpot2-gztieqkdzpsbarfnoxqpkwxgfcqj/Build/Products/Debug-iphonesimulator/Expo/Expo.modulemap\"\ -fmodule-map-file\=\"/Users/nathannovak/Library/Developer/Xcode/DerivedData/StraboSpot2-gztieqkdzpsbarfnoxqpkwxgfcqj/Build/Products/Debug-iphonesimulator/ExpoAsset/ExpoAsset.modulemap\"\ -fmodule-map-file\=\"/Users/nathannovak/Library/Developer/Xcode/DerivedData/StraboSpot2-gztieqkdzpsbarfnoxqpkwxgfcqj/Build/Products/Debug-iphonesimulator/ExpoFileSystem/ExpoFileSystem.modulemap\"\ -fmodule-map-file\=\"/Users/nathannovak/Library/Developer/Xcode/DerivedData/StraboSpot2-gztieqkdzpsbarfnoxqpkwxgfcqj/Build/Products/Debug-iphonesimulator/ExpoFont/ExpoFont.modulemap\"\ -fmodule-map-file\=\"/Users/nathannovak/Library/Developer/Xcode/DerivedData/StraboSpot2-gztieqkdzpsbarfnoxqpkwxgfcqj/Build/Products/Debug-iphonesimulator/ExpoKeepAwake/ExpoKeepAwake.modulemap\"\ -fmodule-map-file\=\"/Users/nathannovak/Library/Developer/Xcode/DerivedData/StraboSpot2-gztieqkdzpsbarfnoxqpkwxgfcqj/Build/Products/Debug-iphonesimulator/ExpoModulesCore/ExpoModulesCore.modulemap\"\ -fmodule-map-file\=\"/Users/nathannovak/Library/Developer/Xcode/DerivedData/StraboSpot2-gztieqkdzpsbarfnoxqpkwxgfcqj/Build/Products/Debug-iphonesimulator/IQKeyboardManagerSwift/IQKeyboardManagerSwift.modulemap\"\ -fmodule-map-file\=\"/Users/nathannovak/Library/Developer/Xcode/DerivedData/StraboSpot2-gztieqkdzpsbarfnoxqpkwxgfcqj/Build/Products/Debug-iphonesimulator/ReachabilitySwift/Reachability.modulemap\"\ -fmodule-map-file\=\"/Users/nathannovak/Library/Developer/Xcode/DerivedData/StraboSpot2-gztieqkdzpsbarfnoxqpkwxgfcqj/Build/Products/Debug-iphonesimulator/Sentry/Sentry.modulemap\"\ -fmodule-map-file\=\"/Users/nathannovak/Library/Developer/Xcode/DerivedData/StraboSpot2-gztieqkdzpsbarfnoxqpkwxgfcqj/Build/Products/Debug-iphonesimulator/lottie-ios/Lottie.modulemap\"\ -fmodule-map-file\=\"/Users/nathannovak/Library/Developer/Xcode/DerivedData/StraboSpot2-gztieqkdzpsbarfnoxqpkwxgfcqj/Build/Products/Debug-iphonesimulator/lottie-react-native/lottie_react_native.modulemap\"\ -fmodule-map-file\=\"/Users/nathannovak/Library/Developer/Xcode/DerivedData/StraboSpot2-gztieqkdzpsbarfnoxqpkwxgfcqj/Build/Products/Debug-iphonesimulator/react-native-document-picker/react_native_document_picker.modulemap\"\ -fmodule-map-file\=\"/Users/nathannovak/Library/Developer/Xcode/DerivedData/StraboSpot2-gztieqkdzpsbarfnoxqpkwxgfcqj/Build/Products/Debug-iphonesimulator/react-native-orientation-director/react_native_orientation_director.modulemap\"\ -fmodule-map-file\=\"/Users/nathannovak/Library/Developer/Xcode/DerivedData/StraboSpot2-gztieqkdzpsbarfnoxqpkwxgfcqj/Build/Products/Debug-iphonesimulator/rnmapbox-maps/rnmapbox_maps.modulemap\"\ -fmodule-map-file\=\"/Users/nathannovak/Development/Apps/StraboSpot2/ios/Pods/Headers/Public/DoubleConversion/DoubleConversion.modulemap\"\ -fmodule-map-file\=\"/Users/nathannovak/Development/Apps/StraboSpot2/ios/Pods/Headers/Public/EXJSONUtils/EXJSONUtils.modulemap\"\ -fmodule-map-file\=\"/Users/nathannovak/Development/Apps/StraboSpot2/ios/Pods/Headers/Public/EXStructuredHeaders/EXStructuredHeaders.modulemap\"\ -fmodule-map-file\=\"/Users/nathannovak/Development/Apps/StraboSpot2/ios/Pods/Headers/Public/RCTDeprecation/RCTDeprecation.modulemap\"\ -fmodule-map-file\=\"/Users/nathannovak/Development/Apps/StraboSpot2/ios/Pods/Headers/Public/RCTFabric/React-RCTFabric.modulemap\"\ -fmodule-map-file\=\"/Users/nathannovak/Development/Apps/StraboSpot2/ios/Pods/Headers/Public/RCTRuntime/React-RCTRuntime.modulemap\"\ -fmodule-map-file\=\"/Users/nathannovak/Development/Apps/StraboSpot2/ios/Pods/Headers/Public/RCTTypeSafety/RCTTypeSafety.modulemap\"\ -fmodule-map-file\=\"/Users/nathannovak/Development/Apps/StraboSpot2/ios/Pods/Headers/Public/RNReanimated/RNReanimated.modulemap\"\ -fmodule-map-file\=\"/Users/nathannovak/Development/Apps/StraboSpot2/ios/Pods/Headers/Public/React/React-Core.modulemap\"\ -fmodule-map-file\=\"/Users/nathannovak/Development/Apps/StraboSpot2/ios/Pods/Headers/Public/ReactAppDependencyProvider/ReactAppDependencyProvider.modulemap\"\ -fmodule-map-file\=\"/Users/nathannovak/Development/Apps/StraboSpot2/ios/Pods/Headers/Public/ReactCodegen/ReactCodegen.modulemap\"\ -fmodule-map-file\=\"/Users/nathannovak/Development/Apps/StraboSpot2/ios/Pods/Headers/Public/ReactCommon/ReactCommon.modulemap\"\ -fmodule-map-file\=\"/Users/nathannovak/Development/Apps/StraboSpot2/ios/Pods/Headers/Public/React_Fabric/React-Fabric.modulemap\"\ -fmodule-map-file\=\"/Users/nathannovak/Development/Apps/StraboSpot2/ios/Pods/Headers/Public/React_FabricComponents/React-FabricComponents.modulemap\"\ -fmodule-map-file\=\"/Users/nathannovak/Development/Apps/StraboSpot2/ios/Pods/Headers/Public/React_NativeModulesApple/React-NativeModulesApple.modulemap\"\ -fmodule-map-file\=\"/Users/nathannovak/Development/Apps/StraboSpot2/ios/Pods/Headers/Public/React_RCTAppDelegate/React-RCTAppDelegate.modulemap\"\ -fmodule-map-file\=\"/Users/nathannovak/Development/Apps/StraboSpot2/ios/Pods/Headers/Public/SSZipArchive/SSZipArchive.modulemap\"\ -fmodule-map-file\=\"/Users/nathannovak/Development/Apps/StraboSpot2/ios/Pods/Headers/Public/folly/RCT-Folly.modulemap\"\ -fmodule-map-file\=\"/Users/nathannovak/Development/Apps/StraboSpot2/ios/Pods/Headers/Public/glog/glog.modulemap\"\ -fmodule-map-file\=\"/Users/nathannovak/Development/Apps/StraboSpot2/ios/Pods/Headers/Public/jsi/React-jsi.modulemap\"\ -fmodule-map-file\=\"/Users/nathannovak/Development/Apps/StraboSpot2/ios/Pods/Headers/Public/jsinspector_modern/React-jsinspector.modulemap\"\ -fmodule-map-file\=\"/Users/nathannovak/Development/Apps/StraboSpot2/ios/Pods/Headers/Public/jsinspector_modern_tracing/React-jsinspectortracing.modulemap\"\ -fmodule-map-file\=\"/Users/nathannovak/Development/Apps/StraboSpot2/ios/Pods/Headers/Public/react_debug/React-debug.modulemap\"\ -fmodule-map-file\=\"/Users/nathannovak/Development/Apps/StraboSpot2/ios/Pods/Headers/Public/react_featureflags/React-featureflags.modulemap\"\ -fmodule-map-file\=\"/Users/nathannovak/Development/Apps/StraboSpot2/ios/Pods/Headers/Public/react_nativemodule_defaults/React-defaultsnativemodule.modulemap\"\ -fmodule-map-file\=\"/Users/nathannovak/Development/Apps/StraboSpot2/ios/Pods/Headers/Public/react_nativemodule_dom/React-domnativemodule.modulemap\"\ -fmodule-map-file\=\"/Users/nathannovak/Development/Apps/StraboSpot2/ios/Pods/Headers/Public/react_nativemodule_featureflags/React-featureflagsnativemodule.modulemap\"\ -fmodule-map-file\=\"/Users/nathannovak/Development/Apps/StraboSpot2/ios/Pods/Headers/Public/react_nativemodule_idlecallbacks/React-idlecallbacksnativemodule.modulemap\"\ -fmodule-map-file\=\"/Users/nathannovak/Development/Apps/StraboSpot2/ios/Pods/Headers/Public/react_nativemodule_microtasks/React-microtasksnativemodule.modulemap\"\ -fmodule-map-file\=\"/Users/nathannovak/Development/Apps/StraboSpot2/ios/Pods/Headers/Public/react_renderer_css/React-renderercss.modulemap\"\ -fmodule-map-file\=\"/Users/nathannovak/Development/Apps/StraboSpot2/ios/Pods/Headers/Public/react_renderer_debug/React-rendererdebug.modulemap\"\ -fmodule-map-file\=\"/Users/nathannovak/Development/Apps/StraboSpot2/ios/Pods/Headers/Public/react_renderer_graphics/React-graphics.modulemap\"\ -fmodule-map-file\=\"/Users/nathannovak/Development/Apps/StraboSpot2/ios/Pods/Headers/Public/react_renderer_imagemanager/React-ImageManager.modulemap\"\ -fmodule-map-file\=\"/Users/nathannovak/Development/Apps/StraboSpot2/ios/Pods/Headers/Public/react_runtime/React-jsitooling.modulemap\"\ -fmodule-map-file\=\"/Users/nathannovak/Development/Apps/StraboSpot2/ios/Pods/Headers/Public/react_utils/React-utils.modulemap\"\ -fmodule-map-file\=\"/Users/nathannovak/Development/Apps/StraboSpot2/ios/Pods/Headers/Public/reacthermes/React-hermes.modulemap\"\ -fmodule-map-file\=\"/Users/nathannovak/Development/Apps/StraboSpot2/ios/Pods/Headers/Public/yoga/Yoga.modulemap\"\ \ \ \ -DFOLLY_NO_CONFIG\ -DFOLLY_MOBILE\=1\ -DFOLLY_USE_LIBCPP\=1\ -Wno-comma\ -Wno-shorten-64-to-32\ -DRCT_NEW_ARCH_ENABLED\ \ -DREACT_NATIVE_MINOR_VERSION\=79\ -DREANIMATED_VERSION\=3.17.5
    export OTHER_CPLUSPLUSFLAGS\=\ -fmodule-map-file\=\"/Users/nathannovak/Library/Developer/Xcode/DerivedData/StraboSpot2-gztieqkdzpsbarfnoxqpkwxgfcqj/Build/Products/Debug-iphonesimulator/EASClient/EASClient.modulemap\"\ -fmodule-map-file\=\"/Users/nathannovak/Library/Developer/Xcode/DerivedData/StraboSpot2-gztieqkdzpsbarfnoxqpkwxgfcqj/Build/Products/Debug-iphonesimulator/EXConstants/EXConstants.modulemap\"\ -fmodule-map-file\=\"/Users/nathannovak/Library/Developer/Xcode/DerivedData/StraboSpot2-gztieqkdzpsbarfnoxqpkwxgfcqj/Build/Products/Debug-iphonesimulator/EXManifests/EXManifests.modulemap\"\ -fmodule-map-file\=\"/Users/nathannovak/Library/Developer/Xcode/DerivedData/StraboSpot2-gztieqkdzpsbarfnoxqpkwxgfcqj/Build/Products/Debug-iphonesimulator/EXUpdates/EXUpdates.modulemap\"\ -fmodule-map-file\=\"/Users/nathannovak/Library/Developer/Xcode/DerivedData/StraboSpot2-gztieqkdzpsbarfnoxqpkwxgfcqj/Build/Products/Debug-iphonesimulator/EXUpdatesInterface/EXUpdatesInterface.modulemap\"\ -fmodule-map-file\=\"/Users/nathannovak/Library/Developer/Xcode/DerivedData/StraboSpot2-gztieqkdzpsbarfnoxqpkwxgfcqj/Build/Products/Debug-iphonesimulator/Expo/Expo.modulemap\"\ -fmodule-map-file\=\"/Users/nathannovak/Library/Developer/Xcode/DerivedData/StraboSpot2-gztieqkdzpsbarfnoxqpkwxgfcqj/Build/Products/Debug-iphonesimulator/ExpoAsset/ExpoAsset.modulemap\"\ -fmodule-map-file\=\"/Users/nathannovak/Library/Developer/Xcode/DerivedData/StraboSpot2-gztieqkdzpsbarfnoxqpkwxgfcqj/Build/Products/Debug-iphonesimulator/ExpoFileSystem/ExpoFileSystem.modulemap\"\ -fmodule-map-file\=\"/Users/nathannovak/Library/Developer/Xcode/DerivedData/StraboSpot2-gztieqkdzpsbarfnoxqpkwxgfcqj/Build/Products/Debug-iphonesimulator/ExpoFont/ExpoFont.modulemap\"\ -fmodule-map-file\=\"/Users/nathannovak/Library/Developer/Xcode/DerivedData/StraboSpot2-gztieqkdzpsbarfnoxqpkwxgfcqj/Build/Products/Debug-iphonesimulator/ExpoKeepAwake/ExpoKeepAwake.modulemap\"\ -fmodule-map-file\=\"/Users/nathannovak/Library/Developer/Xcode/DerivedData/StraboSpot2-gztieqkdzpsbarfnoxqpkwxgfcqj/Build/Products/Debug-iphonesimulator/ExpoModulesCore/ExpoModulesCore.modulemap\"\ -fmodule-map-file\=\"/Users/nathannovak/Library/Developer/Xcode/DerivedData/StraboSpot2-gztieqkdzpsbarfnoxqpkwxgfcqj/Build/Products/Debug-iphonesimulator/IQKeyboardManagerSwift/IQKeyboardManagerSwift.modulemap\"\ -fmodule-map-file\=\"/Users/nathannovak/Library/Developer/Xcode/DerivedData/StraboSpot2-gztieqkdzpsbarfnoxqpkwxgfcqj/Build/Products/Debug-iphonesimulator/ReachabilitySwift/Reachability.modulemap\"\ -fmodule-map-file\=\"/Users/nathannovak/Library/Developer/Xcode/DerivedData/StraboSpot2-gztieqkdzpsbarfnoxqpkwxgfcqj/Build/Products/Debug-iphonesimulator/Sentry/Sentry.modulemap\"\ -fmodule-map-file\=\"/Users/nathannovak/Library/Developer/Xcode/DerivedData/StraboSpot2-gztieqkdzpsbarfnoxqpkwxgfcqj/Build/Products/Debug-iphonesimulator/lottie-ios/Lottie.modulemap\"\ -fmodule-map-file\=\"/Users/nathannovak/Library/Developer/Xcode/DerivedData/StraboSpot2-gztieqkdzpsbarfnoxqpkwxgfcqj/Build/Products/Debug-iphonesimulator/lottie-react-native/lottie_react_native.modulemap\"\ -fmodule-map-file\=\"/Users/nathannovak/Library/Developer/Xcode/DerivedData/StraboSpot2-gztieqkdzpsbarfnoxqpkwxgfcqj/Build/Products/Debug-iphonesimulator/react-native-document-picker/react_native_document_picker.modulemap\"\ -fmodule-map-file\=\"/Users/nathannovak/Library/Developer/Xcode/DerivedData/StraboSpot2-gztieqkdzpsbarfnoxqpkwxgfcqj/Build/Products/Debug-iphonesimulator/react-native-orientation-director/react_native_orientation_director.modulemap\"\ -fmodule-map-file\=\"/Users/nathannovak/Library/Developer/Xcode/DerivedData/StraboSpot2-gztieqkdzpsbarfnoxqpkwxgfcqj/Build/Products/Debug-iphonesimulator/rnmapbox-maps/rnmapbox_maps.modulemap\"\ -fmodule-map-file\=\"/Users/nathannovak/Development/Apps/StraboSpot2/ios/Pods/Headers/Public/DoubleConversion/DoubleConversion.modulemap\"\ -fmodule-map-file\=\"/Users/nathannovak/Development/Apps/StraboSpot2/ios/Pods/Headers/Public/EXJSONUtils/EXJSONUtils.modulemap\"\ -fmodule-map-file\=\"/Users/nathannovak/Development/Apps/StraboSpot2/ios/Pods/Headers/Public/EXStructuredHeaders/EXStructuredHeaders.modulemap\"\ -fmodule-map-file\=\"/Users/nathannovak/Development/Apps/StraboSpot2/ios/Pods/Headers/Public/RCTDeprecation/RCTDeprecation.modulemap\"\ -fmodule-map-file\=\"/Users/nathannovak/Development/Apps/StraboSpot2/ios/Pods/Headers/Public/RCTFabric/React-RCTFabric.modulemap\"\ -fmodule-map-file\=\"/Users/nathannovak/Development/Apps/StraboSpot2/ios/Pods/Headers/Public/RCTRuntime/React-RCTRuntime.modulemap\"\ -fmodule-map-file\=\"/Users/nathannovak/Development/Apps/StraboSpot2/ios/Pods/Headers/Public/RCTTypeSafety/RCTTypeSafety.modulemap\"\ -fmodule-map-file\=\"/Users/nathannovak/Development/Apps/StraboSpot2/ios/Pods/Headers/Public/RNReanimated/RNReanimated.modulemap\"\ -fmodule-map-file\=\"/Users/nathannovak/Development/Apps/StraboSpot2/ios/Pods/Headers/Public/React/React-Core.modulemap\"\ -fmodule-map-file\=\"/Users/nathannovak/Development/Apps/StraboSpot2/ios/Pods/Headers/Public/ReactAppDependencyProvider/ReactAppDependencyProvider.modulemap\"\ -fmodule-map-file\=\"/Users/nathannovak/Development/Apps/StraboSpot2/ios/Pods/Headers/Public/ReactCodegen/ReactCodegen.modulemap\"\ -fmodule-map-file\=\"/Users/nathannovak/Development/Apps/StraboSpot2/ios/Pods/Headers/Public/ReactCommon/ReactCommon.modulemap\"\ -fmodule-map-file\=\"/Users/nathannovak/Development/Apps/StraboSpot2/ios/Pods/Headers/Public/React_Fabric/React-Fabric.modulemap\"\ -fmodule-map-file\=\"/Users/nathannovak/Development/Apps/StraboSpot2/ios/Pods/Headers/Public/React_FabricComponents/React-FabricComponents.modulemap\"\ -fmodule-map-file\=\"/Users/nathannovak/Development/Apps/StraboSpot2/ios/Pods/Headers/Public/React_NativeModulesApple/React-NativeModulesApple.modulemap\"\ -fmodule-map-file\=\"/Users/nathannovak/Development/Apps/StraboSpot2/ios/Pods/Headers/Public/React_RCTAppDelegate/React-RCTAppDelegate.modulemap\"\ -fmodule-map-file\=\"/Users/nathannovak/Development/Apps/StraboSpot2/ios/Pods/Headers/Public/SSZipArchive/SSZipArchive.modulemap\"\ -fmodule-map-file\=\"/Users/nathannovak/Development/Apps/StraboSpot2/ios/Pods/Headers/Public/folly/RCT-Folly.modulemap\"\ -fmodule-map-file\=\"/Users/nathannovak/Development/Apps/StraboSpot2/ios/Pods/Headers/Public/glog/glog.modulemap\"\ -fmodule-map-file\=\"/Users/nathannovak/Development/Apps/StraboSpot2/ios/Pods/Headers/Public/jsi/React-jsi.modulemap\"\ -fmodule-map-file\=\"/Users/nathannovak/Development/Apps/StraboSpot2/ios/Pods/Headers/Public/jsinspector_modern/React-jsinspector.modulemap\"\ -fmodule-map-file\=\"/Users/nathannovak/Development/Apps/StraboSpot2/ios/Pods/Headers/Public/jsinspector_modern_tracing/React-jsinspectortracing.modulemap\"\ -fmodule-map-file\=\"/Users/nathannovak/Development/Apps/StraboSpot2/ios/Pods/Headers/Public/react_debug/React-debug.modulemap\"\ -fmodule-map-file\=\"/Users/nathannovak/Development/Apps/StraboSpot2/ios/Pods/Headers/Public/react_featureflags/React-featureflags.modulemap\"\ -fmodule-map-file\=\"/Users/nathannovak/Development/Apps/StraboSpot2/ios/Pods/Headers/Public/react_nativemodule_defaults/React-defaultsnativemodule.modulemap\"\ -fmodule-map-file\=\"/Users/nathannovak/Development/Apps/StraboSpot2/ios/Pods/Headers/Public/react_nativemodule_dom/React-domnativemodule.modulemap\"\ -fmodule-map-file\=\"/Users/nathannovak/Development/Apps/StraboSpot2/ios/Pods/Headers/Public/react_nativemodule_featureflags/React-featureflagsnativemodule.modulemap\"\ -fmodule-map-file\=\"/Users/nathannovak/Development/Apps/StraboSpot2/ios/Pods/Headers/Public/react_nativemodule_idlecallbacks/React-idlecallbacksnativemodule.modulemap\"\ -fmodule-map-file\=\"/Users/nathannovak/Development/Apps/StraboSpot2/ios/Pods/Headers/Public/react_nativemodule_microtasks/React-microtasksnativemodule.modulemap\"\ -fmodule-map-file\=\"/Users/nathannovak/Development/Apps/StraboSpot2/ios/Pods/Headers/Public/react_renderer_css/React-renderercss.modulemap\"\ -fmodule-map-file\=\"/Users/nathannovak/Development/Apps/StraboSpot2/ios/Pods/Headers/Public/react_renderer_debug/React-rendererdebug.modulemap\"\ -fmodule-map-file\=\"/Users/nathannovak/Development/Apps/StraboSpot2/ios/Pods/Headers/Public/react_renderer_graphics/React-graphics.modulemap\"\ -fmodule-map-file\=\"/Users/nathannovak/Development/Apps/StraboSpot2/ios/Pods/Headers/Public/react_renderer_imagemanager/React-ImageManager.modulemap\"\ -fmodule-map-file\=\"/Users/nathannovak/Development/Apps/StraboSpot2/ios/Pods/Headers/Public/react_runtime/React-jsitooling.modulemap\"\ -fmodule-map-file\=\"/Users/nathannovak/Development/Apps/StraboSpot2/ios/Pods/Headers/Public/react_utils/React-utils.modulemap\"\ -fmodule-map-file\=\"/Users/nathannovak/Development/Apps/StraboSpot2/ios/Pods/Headers/Public/reacthermes/React-hermes.modulemap\"\ -fmodule-map-file\=\"/Users/nathannovak/Development/Apps/StraboSpot2/ios/Pods/Headers/Public/yoga/Yoga.modulemap\"\ \ \ \ -DFOLLY_NO_CONFIG\ -DFOLLY_MOBILE\=1\ -DFOLLY_USE_LIBCPP\=1\ -Wno-comma\ -Wno-shorten-64-to-32\ -DRCT_NEW_ARCH_ENABLED\ \ -DREACT_NATIVE_MINOR_VERSION\=79\ -DREANIMATED_VERSION\=3.17.5\ -DFOLLY_NO_CONFIG\ -DFOLLY_MOBILE\=1\ -DFOLLY_USE_LIBCPP\=1\ -DFOLLY_CFG_NO_COROUTINES\=1\ -DFOLLY_HAVE_CLOCK_GETTIME\=1\ -DRCT_NEW_ARCH_ENABLED\=1\ -DFOLLY_NO_CONFIG\ -DFOLLY_MOBILE\=1\ -DFOLLY_USE_LIBCPP\=1\ -DFOLLY_CFG_NO_COROUTINES\=1\ -DFOLLY_HAVE_CLOCK_GETTIME\=1\ -Wno-comma\ -Wno-shorten-64-to-32
    export OTHER_LDFLAGS\=\ \ \ -ObjC\ -l\"DoubleConversion\"\ -l\"EASClient\"\ -l\"EXConstants\"\ -l\"EXJSONUtils\"\ -l\"EXManifests\"\ -l\"EXStructuredHeaders\"\ -l\"EXUpdates\"\ -l\"EXUpdatesInterface\"\ -l\"Expo\"\ -l\"ExpoAsset\"\ -l\"ExpoFileSystem\"\ -l\"ExpoFont\"\ -l\"ExpoKeepAwake\"\ -l\"ExpoModulesCore\"\ -l\"IQKeyboardManagerSwift\"\ -l\"RCT-Folly\"\ -l\"RCTDeprecation\"\ -l\"RCTTypeSafety\"\ -l\"RNCAsyncStorage\"\ -l\"RNCClipboard\"\ -l\"RNCPicker\"\ -l\"RNDateTimePicker\"\ -l\"RNDeviceInfo\"\ -l\"RNFS\"\ -l\"RNGestureHandler\"\ -l\"RNReanimated\"\ -l\"RNScreens\"\ -l\"RNSensors\"\ -l\"RNSentry\"\ -l\"RNSketchCanvas\"\ -l\"RNSoundPlayer\"\ -l\"RNVectorIcons\"\ -l\"RNZipArchive\"\ -l\"ReachabilitySwift\"\ -l\"React-Core\"\ -l\"React-CoreModules\"\ -l\"React-Fabric\"\ -l\"React-FabricComponents\"\ -l\"React-FabricImage\"\ -l\"React-ImageManager\"\ -l\"React-Mapbuffer\"\ -l\"React-NativeModulesApple\"\ -l\"React-RCTAnimation\"\ -l\"React-RCTAppDelegate\"\ -l\"React-RCTBlob\"\ -l\"React-RCTFBReactNativeSpec\"\ -l\"React-RCTFabric\"\ -l\"React-RCTImage\"\ -l\"React-RCTLinking\"\ -l\"React-RCTNetwork\"\ -l\"React-RCTRuntime\"\ -l\"React-RCTSettings\"\ -l\"React-RCTText\"\ -l\"React-RCTVibration\"\ -l\"React-RuntimeApple\"\ -l\"React-RuntimeCore\"\ -l\"React-RuntimeHermes\"\ -l\"React-cxxreact\"\ -l\"React-debug\"\ -l\"React-defaultsnativemodule\"\ -l\"React-domnativemodule\"\ -l\"React-featureflags\"\ -l\"React-featureflagsnativemodule\"\ -l\"React-graphics\"\ -l\"React-hermes\"\ -l\"React-idlecallbacksnativemodule\"\ -l\"React-jserrorhandler\"\ -l\"React-jsi\"\ -l\"React-jsiexecutor\"\ -l\"React-jsinspector\"\ -l\"React-jsinspectortracing\"\ -l\"React-jsitooling\"\ -l\"React-logger\"\ -l\"React-microtasksnativemodule\"\ -l\"React-oscompat\"\ -l\"React-perflogger\"\ -l\"React-performancetimeline\"\ -l\"React-rendererconsistency\"\ -l\"React-renderercss\"\ -l\"React-rendererdebug\"\ -l\"React-runtimescheduler\"\ -l\"React-utils\"\ -l\"ReactAppDependencyProvider\"\ -l\"ReactCodegen\"\ -l\"ReactCommon\"\ -l\"ReactNativeKeyboardManager\"\ -l\"SSZipArchive\"\ -l\"Sentry\"\ -l\"SocketRocket\"\ -l\"Yoga\"\ -l\"c++\"\ -l\"c++abi\"\ -l\"fmt\"\ -l\"glog\"\ -l\"iconv\"\ -l\"icucore\"\ -l\"lottie-ios\"\ -l\"lottie-react-native\"\ -l\"react-native-blob-util\"\ -l\"react-native-document-picker\"\ -l\"react-native-geolocation\"\ -l\"react-native-get-random-values\"\ -l\"react-native-image-picker\"\ -l\"react-native-image-resizer\"\ -l\"react-native-keep-awake\"\ -l\"react-native-netinfo\"\ -l\"react-native-orientation-director\"\ -l\"react-native-pager-view\"\ -l\"react-native-pdf\"\ -l\"react-native-safe-area-context\"\ -l\"react-native-slider\"\ -l\"rnmapbox-maps\"\ -l\"swiftCoreGraphics\"\ -l\"z\"\ -framework\ \"AVFoundation\"\ -framework\ \"Accelerate\"\ -framework\ \"AssetsLibrary\"\ -framework\ \"AudioToolbox\"\ -framework\ \"CFNetwork\"\ -framework\ \"CoreGraphics\"\ -framework\ \"CoreLocation\"\ -framework\ \"CoreMedia\"\ -framework\ \"CoreTelephony\"\ -framework\ \"Foundation\"\ -framework\ \"ImageIO\"\ -framework\ \"MapboxCommon\"\ -framework\ \"MapboxCoreMaps\"\ -framework\ \"MapboxMaps\"\ -framework\ \"MapboxMobileEvents\"\ -framework\ \"MobileCoreServices\"\ -framework\ \"PDFKit\"\ -framework\ \"Photos\"\ -framework\ \"PhotosUI\"\ -framework\ \"QuartzCore\"\ -framework\ \"Security\"\ -framework\ \"SystemConfiguration\"\ -framework\ \"Turf\"\ -framework\ \"UIKit\"\ -framework\ \"hermes\"\ -weak_framework\ \"Combine\"\ -weak_framework\ \"JavaScriptCore\"\ -weak_framework\ \"SwiftUI\"\ -ObjC\ -lc++
    export OTHER_SWIFT_FLAGS\=\ -D\ COCOAPODS\ -Xcc\ -fmodule-map-file\=\"/Users/nathannovak/Library/Developer/Xcode/DerivedData/StraboSpot2-gztieqkdzpsbarfnoxqpkwxgfcqj/Build/Products/Debug-iphonesimulator/EASClient/EASClient.modulemap\"\ -Xcc\ -fmodule-map-file\=\"/Users/nathannovak/Library/Developer/Xcode/DerivedData/StraboSpot2-gztieqkdzpsbarfnoxqpkwxgfcqj/Build/Products/Debug-iphonesimulator/EXConstants/EXConstants.modulemap\"\ -Xcc\ -fmodule-map-file\=\"/Users/nathannovak/Library/Developer/Xcode/DerivedData/StraboSpot2-gztieqkdzpsbarfnoxqpkwxgfcqj/Build/Products/Debug-iphonesimulator/EXManifests/EXManifests.modulemap\"\ -Xcc\ -fmodule-map-file\=\"/Users/nathannovak/Library/Developer/Xcode/DerivedData/StraboSpot2-gztieqkdzpsbarfnoxqpkwxgfcqj/Build/Products/Debug-iphonesimulator/EXUpdates/EXUpdates.modulemap\"\ -Xcc\ -fmodule-map-file\=\"/Users/nathannovak/Library/Developer/Xcode/DerivedData/StraboSpot2-gztieqkdzpsbarfnoxqpkwxgfcqj/Build/Products/Debug-iphonesimulator/EXUpdatesInterface/EXUpdatesInterface.modulemap\"\ -Xcc\ -fmodule-map-file\=\"/Users/nathannovak/Library/Developer/Xcode/DerivedData/StraboSpot2-gztieqkdzpsbarfnoxqpkwxgfcqj/Build/Products/Debug-iphonesimulator/Expo/Expo.modulemap\"\ -Xcc\ -fmodule-map-file\=\"/Users/nathannovak/Library/Developer/Xcode/DerivedData/StraboSpot2-gztieqkdzpsbarfnoxqpkwxgfcqj/Build/Products/Debug-iphonesimulator/ExpoAsset/ExpoAsset.modulemap\"\ -Xcc\ -fmodule-map-file\=\"/Users/nathannovak/Library/Developer/Xcode/DerivedData/StraboSpot2-gztieqkdzpsbarfnoxqpkwxgfcqj/Build/Products/Debug-iphonesimulator/ExpoFileSystem/ExpoFileSystem.modulemap\"\ -Xcc\ -fmodule-map-file\=\"/Users/nathannovak/Library/Developer/Xcode/DerivedData/StraboSpot2-gztieqkdzpsbarfnoxqpkwxgfcqj/Build/Products/Debug-iphonesimulator/ExpoFont/ExpoFont.modulemap\"\ -Xcc\ -fmodule-map-file\=\"/Users/nathannovak/Library/Developer/Xcode/DerivedData/StraboSpot2-gztieqkdzpsbarfnoxqpkwxgfcqj/Build/Products/Debug-iphonesimulator/ExpoKeepAwake/ExpoKeepAwake.modulemap\"\ -Xcc\ -fmodule-map-file\=\"/Users/nathannovak/Library/Developer/Xcode/DerivedData/StraboSpot2-gztieqkdzpsbarfnoxqpkwxgfcqj/Build/Products/Debug-iphonesimulator/ExpoModulesCore/ExpoModulesCore.modulemap\"\ -Xcc\ -fmodule-map-file\=\"/Users/nathannovak/Library/Developer/Xcode/DerivedData/StraboSpot2-gztieqkdzpsbarfnoxqpkwxgfcqj/Build/Products/Debug-iphonesimulator/IQKeyboardManagerSwift/IQKeyboardManagerSwift.modulemap\"\ -Xcc\ -fmodule-map-file\=\"/Users/nathannovak/Library/Developer/Xcode/DerivedData/StraboSpot2-gztieqkdzpsbarfnoxqpkwxgfcqj/Build/Products/Debug-iphonesimulator/ReachabilitySwift/Reachability.modulemap\"\ -Xcc\ -fmodule-map-file\=\"/Users/nathannovak/Library/Developer/Xcode/DerivedData/StraboSpot2-gztieqkdzpsbarfnoxqpkwxgfcqj/Build/Products/Debug-iphonesimulator/Sentry/Sentry.modulemap\"\ -Xcc\ -fmodule-map-file\=\"/Users/nathannovak/Library/Developer/Xcode/DerivedData/StraboSpot2-gztieqkdzpsbarfnoxqpkwxgfcqj/Build/Products/Debug-iphonesimulator/lottie-ios/Lottie.modulemap\"\ -Xcc\ -fmodule-map-file\=\"/Users/nathannovak/Library/Developer/Xcode/DerivedData/StraboSpot2-gztieqkdzpsbarfnoxqpkwxgfcqj/Build/Products/Debug-iphonesimulator/lottie-react-native/lottie_react_native.modulemap\"\ -Xcc\ -fmodule-map-file\=\"/Users/nathannovak/Library/Developer/Xcode/DerivedData/StraboSpot2-gztieqkdzpsbarfnoxqpkwxgfcqj/Build/Products/Debug-iphonesimulator/react-native-document-picker/react_native_document_picker.modulemap\"\ -Xcc\ -fmodule-map-file\=\"/Users/nathannovak/Library/Developer/Xcode/DerivedData/StraboSpot2-gztieqkdzpsbarfnoxqpkwxgfcqj/Build/Products/Debug-iphonesimulator/react-native-orientation-director/react_native_orientation_director.modulemap\"\ -Xcc\ -fmodule-map-file\=\"/Users/nathannovak/Library/Developer/Xcode/DerivedData/StraboSpot2-gztieqkdzpsbarfnoxqpkwxgfcqj/Build/Products/Debug-iphonesimulator/rnmapbox-maps/rnmapbox_maps.modulemap\"\ -Xcc\ -fmodule-map-file\=\"/Users/nathannovak/Development/Apps/StraboSpot2/ios/Pods/Headers/Public/DoubleConversion/DoubleConversion.modulemap\"\ -Xcc\ -fmodule-map-file\=\"/Users/nathannovak/Development/Apps/StraboSpot2/ios/Pods/Headers/Public/EXJSONUtils/EXJSONUtils.modulemap\"\ -Xcc\ -fmodule-map-file\=\"/Users/nathannovak/Development/Apps/StraboSpot2/ios/Pods/Headers/Public/EXStructuredHeaders/EXStructuredHeaders.modulemap\"\ -Xcc\ -fmodule-map-file\=\"/Users/nathannovak/Development/Apps/StraboSpot2/ios/Pods/Headers/Public/RCTDeprecation/RCTDeprecation.modulemap\"\ -Xcc\ -fmodule-map-file\=\"/Users/nathannovak/Development/Apps/StraboSpot2/ios/Pods/Headers/Public/RCTFabric/React-RCTFabric.modulemap\"\ -Xcc\ -fmodule-map-file\=\"/Users/nathannovak/Development/Apps/StraboSpot2/ios/Pods/Headers/Public/RCTRuntime/React-RCTRuntime.modulemap\"\ -Xcc\ -fmodule-map-file\=\"/Users/nathannovak/Development/Apps/StraboSpot2/ios/Pods/Headers/Public/RCTTypeSafety/RCTTypeSafety.modulemap\"\ -Xcc\ -fmodule-map-file\=\"/Users/nathannovak/Development/Apps/StraboSpot2/ios/Pods/Headers/Public/RNReanimated/RNReanimated.modulemap\"\ -Xcc\ -fmodule-map-file\=\"/Users/nathannovak/Development/Apps/StraboSpot2/ios/Pods/Headers/Public/React/React-Core.modulemap\"\ -Xcc\ -fmodule-map-file\=\"/Users/nathannovak/Development/Apps/StraboSpot2/ios/Pods/Headers/Public/ReactAppDependencyProvider/ReactAppDependencyProvider.modulemap\"\ -Xcc\ -fmodule-map-file\=\"/Users/nathannovak/Development/Apps/StraboSpot2/ios/Pods/Headers/Public/ReactCodegen/ReactCodegen.modulemap\"\ -Xcc\ -fmodule-map-file\=\"/Users/nathannovak/Development/Apps/StraboSpot2/ios/Pods/Headers/Public/ReactCommon/ReactCommon.modulemap\"\ -Xcc\ -fmodule-map-file\=\"/Users/nathannovak/Development/Apps/StraboSpot2/ios/Pods/Headers/Public/React_Fabric/React-Fabric.modulemap\"\ -Xcc\ -fmodule-map-file\=\"/Users/nathannovak/Development/Apps/StraboSpot2/ios/Pods/Headers/Public/React_FabricComponents/React-FabricComponents.modulemap\"\ -Xcc\ -fmodule-map-file\=\"/Users/nathannovak/Development/Apps/StraboSpot2/ios/Pods/Headers/Public/React_NativeModulesApple/React-NativeModulesApple.modulemap\"\ -Xcc\ -fmodule-map-file\=\"/Users/nathannovak/Development/Apps/StraboSpot2/ios/Pods/Headers/Public/React_RCTAppDelegate/React-RCTAppDelegate.modulemap\"\ -Xcc\ -fmodule-map-file\=\"/Users/nathannovak/Development/Apps/StraboSpot2/ios/Pods/Headers/Public/SSZipArchive/SSZipArchive.modulemap\"\ -Xcc\ -fmodule-map-file\=\"/Users/nathannovak/Development/Apps/StraboSpot2/ios/Pods/Headers/Public/folly/RCT-Folly.modulemap\"\ -Xcc\ -fmodule-map-file\=\"/Users/nathannovak/Development/Apps/StraboSpot2/ios/Pods/Headers/Public/glog/glog.modulemap\"\ -Xcc\ -fmodule-map-file\=\"/Users/nathannovak/Development/Apps/StraboSpot2/ios/Pods/Headers/Public/jsi/React-jsi.modulemap\"\ -Xcc\ -fmodule-map-file\=\"/Users/nathannovak/Development/Apps/StraboSpot2/ios/Pods/Headers/Public/jsinspector_modern/React-jsinspector.modulemap\"\ -Xcc\ -fmodule-map-file\=\"/Users/nathannovak/Development/Apps/StraboSpot2/ios/Pods/Headers/Public/jsinspector_modern_tracing/React-jsinspectortracing.modulemap\"\ -Xcc\ -fmodule-map-file\=\"/Users/nathannovak/Development/Apps/StraboSpot2/ios/Pods/Headers/Public/react_debug/React-debug.modulemap\"\ -Xcc\ -fmodule-map-file\=\"/Users/nathannovak/Development/Apps/StraboSpot2/ios/Pods/Headers/Public/react_featureflags/React-featureflags.modulemap\"\ -Xcc\ -fmodule-map-file\=\"/Users/nathannovak/Development/Apps/StraboSpot2/ios/Pods/Headers/Public/react_nativemodule_defaults/React-defaultsnativemodule.modulemap\"\ -Xcc\ -fmodule-map-file\=\"/Users/nathannovak/Development/Apps/StraboSpot2/ios/Pods/Headers/Public/react_nativemodule_dom/React-domnativemodule.modulemap\"\ -Xcc\ -fmodule-map-file\=\"/Users/nathannovak/Development/Apps/StraboSpot2/ios/Pods/Headers/Public/react_nativemodule_featureflags/React-featureflagsnativemodule.modulemap\"\ -Xcc\ -fmodule-map-file\=\"/Users/nathannovak/Development/Apps/StraboSpot2/ios/Pods/Headers/Public/react_nativemodule_idlecallbacks/React-idlecallbacksnativemodule.modulemap\"\ -Xcc\ -fmodule-map-file\=\"/Users/nathannovak/Development/Apps/StraboSpot2/ios/Pods/Headers/Public/react_nativemodule_microtasks/React-microtasksnativemodule.modulemap\"\ -Xcc\ -fmodule-map-file\=\"/Users/nathannovak/Development/Apps/StraboSpot2/ios/Pods/Headers/Public/react_renderer_css/React-renderercss.modulemap\"\ -Xcc\ -fmodule-map-file\=\"/Users/nathannovak/Development/Apps/StraboSpot2/ios/Pods/Headers/Public/react_renderer_debug/React-rendererdebug.modulemap\"\ -Xcc\ -fmodule-map-file\=\"/Users/nathannovak/Development/Apps/StraboSpot2/ios/Pods/Headers/Public/react_renderer_graphics/React-graphics.modulemap\"\ -Xcc\ -fmodule-map-file\=\"/Users/nathannovak/Development/Apps/StraboSpot2/ios/Pods/Headers/Public/react_renderer_imagemanager/React-ImageManager.modulemap\"\ -Xcc\ -fmodule-map-file\=\"/Users/nathannovak/Development/Apps/StraboSpot2/ios/Pods/Headers/Public/react_runtime/React-jsitooling.modulemap\"\ -Xcc\ -fmodule-map-file\=\"/Users/nathannovak/Development/Apps/StraboSpot2/ios/Pods/Headers/Public/react_utils/React-utils.modulemap\"\ -Xcc\ -fmodule-map-file\=\"/Users/nathannovak/Development/Apps/StraboSpot2/ios/Pods/Headers/Public/reacthermes/React-hermes.modulemap\"\ -Xcc\ -fmodule-map-file\=\"/Users/nathannovak/Development/Apps/StraboSpot2/ios/Pods/Headers/Public/yoga/Yoga.modulemap\"\ -D\ EXPO_CONFIGURATION_DEBUG
    export PACKAGE_TYPE\=com.apple.package-type.wrapper.application
    export PASCAL_STRINGS\=YES
    export PATH\=/Applications/Xcode.app/Contents/SharedFrameworks/SwiftBuild.framework/Versions/A/PlugIns/SWBBuildService.bundle/Contents/PlugIns/SWBUniversalPlatformPlugin.bundle/Contents/Frameworks/SWBUniversalPlatform.framework/Resources:/Applications/Xcode.app/Contents/Developer/Toolchains/XcodeDefault.xctoolchain/usr/bin:/Applications/Xcode.app/Contents/Developer/Toolchains/XcodeDefault.xctoolchain/usr/local/bin:/Applications/Xcode.app/Contents/Developer/Toolchains/XcodeDefault.xctoolchain/usr/libexec:/Applications/Xcode.app/Contents/Developer/Platforms/iPhoneSimulator.platform/usr/bin:/Applications/Xcode.app/Contents/Developer/Platforms/iPhoneSimulator.platform/usr/local/bin:/Applications/Xcode.app/Contents/Developer/Platforms/iPhoneSimulator.platform/Developer/usr/bin:/Applications/Xcode.app/Contents/Developer/Platforms/iPhoneSimulator.platform/Developer/usr/local/bin:/Applications/Xcode.app/Contents/Developer/usr/bin:/Applications/Xcode.app/Contents/Developer/usr/local/bin:/Users/nathannovak/Development/Apps/StraboSpot2/node_modules/.bin:/Users/nathannovak/Development/Apps/node_modules/.bin:/Users/nathannovak/Development/node_modules/.bin:/Users/nathannovak/node_modules/.bin:/Users/node_modules/.bin:/node_modules/.bin:/Users/nathannovak/.nvm/versions/node/v22.16.0/lib/node_modules/npm/node_modules/@npmcli/run-script/lib/node-gyp-bin:/Users/nathannovak/.flashlight/bin:/Users/nathannovak/.nvm/versions/node/v22.16.0/bin:/Users/nathannovak/google-cloud-sdk/bin:/Users/nathannovak/.rbenv/shims:/Library/Frameworks/Python.framework/Versions/3.10/bin:/Library/Frameworks/Python.framework/Versions/3.6/bin:/usr/local/bin:/System/Cryptexes/App/usr/bin:/usr/bin:/bin:/usr/sbin:/sbin:/var/run/com.apple.security.cryptexd/codex.system/bootstrap/usr/local/bin:/var/run/com.apple.security.cryptexd/codex.system/bootstrap/usr/bin:/var/run/com.apple.security.cryptexd/codex.system/bootstrap/usr/appleinternal/bin:/Library/Apple/usr/bin:/Library/TeX/texbin:/Users/nathannovak/Library/Android/sdk/emulator:/Users/nathannovak/Library/Android/sdk/platform-tools
    export PATH_PREFIXES_EXCLUDED_FROM_HEADER_DEPENDENCIES\=/usr/include\ /usr/local/include\ /System/Library/Frameworks\ /System/Library/PrivateFrameworks\ /Applications/Xcode.app/Contents/Developer/Headers\ /Applications/Xcode.app/Contents/Developer/SDKs\ /Applications/Xcode.app/Contents/Developer/Platforms
    export PBDEVELOPMENTPLIST_PATH\=StraboSpot2.app/pbdevelopment.plist
    export PER_ARCH_MODULE_FILE_DIR\=/Users/nathannovak/Library/Developer/Xcode/DerivedData/StraboSpot2-gztieqkdzpsbarfnoxqpkwxgfcqj/Build/Intermediates.noindex/StraboSpot2.build/Debug-iphonesimulator/StraboSpot2.build/Objects-normal/undefined_arch
    export PER_ARCH_OBJECT_FILE_DIR\=/Users/nathannovak/Library/Developer/Xcode/DerivedData/StraboSpot2-gztieqkdzpsbarfnoxqpkwxgfcqj/Build/Intermediates.noindex/StraboSpot2.build/Debug-iphonesimulator/StraboSpot2.build/Objects-normal/undefined_arch
    export PER_VARIANT_OBJECT_FILE_DIR\=/Users/nathannovak/Library/Developer/Xcode/DerivedData/StraboSpot2-gztieqkdzpsbarfnoxqpkwxgfcqj/Build/Intermediates.noindex/StraboSpot2.build/Debug-iphonesimulator/StraboSpot2.build/Objects-normal
    export PKGINFO_FILE_PATH\=/Users/nathannovak/Library/Developer/Xcode/DerivedData/StraboSpot2-gztieqkdzpsbarfnoxqpkwxgfcqj/Build/Intermediates.noindex/StraboSpot2.build/Debug-iphonesimulator/StraboSpot2.build/PkgInfo
    export PKGINFO_PATH\=StraboSpot2.app/PkgInfo
    export PLATFORM_DEVELOPER_APPLICATIONS_DIR\=/Applications/Xcode.app/Contents/Developer/Platforms/iPhoneSimulator.platform/Developer/Applications
    export PLATFORM_DEVELOPER_BIN_DIR\=/Applications/Xcode.app/Contents/Developer/Platforms/iPhoneSimulator.platform/Developer/usr/bin
    export PLATFORM_DEVELOPER_LIBRARY_DIR\=/Applications/Xcode.app/Contents/Developer/Platforms/iPhoneSimulator.platform/Developer/Library
    export PLATFORM_DEVELOPER_SDK_DIR\=/Applications/Xcode.app/Contents/Developer/Platforms/iPhoneSimulator.platform/Developer/SDKs
    export PLATFORM_DEVELOPER_TOOLS_DIR\=/Applications/Xcode.app/Contents/Developer/Platforms/iPhoneSimulator.platform/Developer/Tools
    export PLATFORM_DEVELOPER_USR_DIR\=/Applications/Xcode.app/Contents/Developer/Platforms/iPhoneSimulator.platform/Developer/usr
    export PLATFORM_DIR\=/Applications/Xcode.app/Contents/Developer/Platforms/iPhoneSimulator.platform
    export PLATFORM_DISPLAY_NAME\=iOS\ Simulator
    export PLATFORM_FAMILY_NAME\=iOS
    export PLATFORM_NAME\=iphonesimulator
    export PLATFORM_PREFERRED_ARCH\=x86_64
    export PLATFORM_PRODUCT_BUILD_VERSION\=23A339
    export PLATFORM_REQUIRES_SWIFT_AUTOLINK_EXTRACT\=NO
    export PLATFORM_REQUIRES_SWIFT_MODULEWRAP\=NO
    export PLIST_FILE_OUTPUT_FORMAT\=binary
    export PLUGINS_FOLDER_PATH\=StraboSpot2.app/PlugIns
    export PODS_BUILD_DIR\=/Users/nathannovak/Library/Developer/Xcode/DerivedData/StraboSpot2-gztieqkdzpsbarfnoxqpkwxgfcqj/Build/Products
    export PODS_CONFIGURATION_BUILD_DIR\=/Users/nathannovak/Library/Developer/Xcode/DerivedData/StraboSpot2-gztieqkdzpsbarfnoxqpkwxgfcqj/Build/Products/Debug-iphonesimulator
    export PODS_PODFILE_DIR_PATH\=/Users/nathannovak/Development/Apps/StraboSpot2/ios/.
    export PODS_ROOT\=/Users/nathannovak/Development/Apps/StraboSpot2/ios/Pods
    export PODS_XCFRAMEWORKS_BUILD_DIR\=/Users/nathannovak/Library/Developer/Xcode/DerivedData/StraboSpot2-gztieqkdzpsbarfnoxqpkwxgfcqj/Build/Products/Debug-iphonesimulator/XCFrameworkIntermediates
    export PRECOMPS_INCLUDE_HEADERS_FROM_BUILT_PRODUCTS_DIR\=YES
    export PRECOMP_DESTINATION_DIR\=/Users/nathannovak/Library/Developer/Xcode/DerivedData/StraboSpot2-gztieqkdzpsbarfnoxqpkwxgfcqj/Build/Intermediates.noindex/StraboSpot2.build/Debug-iphonesimulator/StraboSpot2.build/PrefixHeaders
    export PRIVATE_HEADERS_FOLDER_PATH\=StraboSpot2.app/PrivateHeaders
    export PROCESSED_INFOPLIST_PATH\=/Users/nathannovak/Library/Developer/Xcode/DerivedData/StraboSpot2-gztieqkdzpsbarfnoxqpkwxgfcqj/Build/Intermediates.noindex/StraboSpot2.build/Debug-iphonesimulator/StraboSpot2.build/Objects-normal/undefined_arch/Processed-Info.plist
    export PRODUCT_BUNDLE_IDENTIFIER\=org.StraboSpot2
    export PRODUCT_BUNDLE_PACKAGE_TYPE\=APPL
    export PRODUCT_MODULE_NAME\=StraboSpot2
    export PRODUCT_NAME\=StraboSpot2
    export PRODUCT_SETTINGS_PATH\=/Users/nathannovak/Development/Apps/StraboSpot2/ios/StraboSpot2/Info.plist
    export PRODUCT_TYPE\=com.apple.product-type.application
    export PROFILING_CODE\=NO
    export PROJECT\=StraboSpot2
    export PROJECT_DERIVED_FILE_DIR\=/Users/nathannovak/Library/Developer/Xcode/DerivedData/StraboSpot2-gztieqkdzpsbarfnoxqpkwxgfcqj/Build/Intermediates.noindex/StraboSpot2.build/DerivedSources
    export PROJECT_DIR\=/Users/nathannovak/Development/Apps/StraboSpot2/ios
    export PROJECT_FILE_PATH\=/Users/nathannovak/Development/Apps/StraboSpot2/ios/StraboSpot2.xcodeproj
    export PROJECT_GUID\=5ae4280a4e419be4569b03d7a8f7e3cb
    export PROJECT_NAME\=StraboSpot2
    export PROJECT_TEMP_DIR\=/Users/nathannovak/Library/Developer/Xcode/DerivedData/StraboSpot2-gztieqkdzpsbarfnoxqpkwxgfcqj/Build/Intermediates.noindex/StraboSpot2.build
    export PROJECT_TEMP_ROOT\=/Users/nathannovak/Library/Developer/Xcode/DerivedData/StraboSpot2-gztieqkdzpsbarfnoxqpkwxgfcqj/Build/Intermediates.noindex
    export PROVISIONING_PROFILE_REQUIRED\=NO
    export PROVISIONING_PROFILE_REQUIRED_YES_YES\=YES
    export PROVISIONING_PROFILE_SUPPORTED\=YES
    export PUBLIC_HEADERS_FOLDER_PATH\=StraboSpot2.app/Headers
    export REACT_NATIVE_PATH\=/Users/nathannovak/Development/Apps/StraboSpot2/ios/Pods/../../node_modules/react-native
    export RECOMMENDED_IPHONEOS_DEPLOYMENT_TARGET\=15.0
    export RECURSIVE_SEARCH_PATHS_FOLLOW_SYMLINKS\=YES
    export REMOVE_CVS_FROM_RESOURCES\=YES
    export REMOVE_GIT_FROM_RESOURCES\=YES
    export REMOVE_HEADERS_FROM_EMBEDDED_BUNDLES\=YES
    export REMOVE_HG_FROM_RESOURCES\=YES
    export REMOVE_STATIC_EXECUTABLES_FROM_EMBEDDED_BUNDLES\=YES
    export REMOVE_SVN_FROM_RESOURCES\=YES
    export RESCHEDULE_INDEPENDENT_HEADERS_PHASES\=YES
    export REZ_COLLECTOR_DIR\=/Users/nathannovak/Library/Developer/Xcode/DerivedData/StraboSpot2-gztieqkdzpsbarfnoxqpkwxgfcqj/Build/Intermediates.noindex/StraboSpot2.build/Debug-iphonesimulator/StraboSpot2.build/ResourceManagerResources
    export REZ_OBJECTS_DIR\=/Users/nathannovak/Library/Developer/Xcode/DerivedData/StraboSpot2-gztieqkdzpsbarfnoxqpkwxgfcqj/Build/Intermediates.noindex/StraboSpot2.build/Debug-iphonesimulator/StraboSpot2.build/ResourceManagerResources/Objects
    export REZ_SEARCH_PATHS\=/Users/nathannovak/Library/Developer/Xcode/DerivedData/StraboSpot2-gztieqkdzpsbarfnoxqpkwxgfcqj/Build/Products/Debug-iphonesimulator\ 
    export RUNTIME_EXCEPTION_ALLOW_DYLD_ENVIRONMENT_VARIABLES\=NO
    export RUNTIME_EXCEPTION_ALLOW_JIT\=NO
    export RUNTIME_EXCEPTION_ALLOW_UNSIGNED_EXECUTABLE_MEMORY\=NO
    export RUNTIME_EXCEPTION_DEBUGGING_TOOL\=NO
    export RUNTIME_EXCEPTION_DISABLE_EXECUTABLE_PAGE_PROTECTION\=NO
    export RUNTIME_EXCEPTION_DISABLE_LIBRARY_VALIDATION\=NO
    export SCAN_ALL_SOURCE_FILES_FOR_INCLUDES\=NO
    export SCRIPTS_FOLDER_PATH\=StraboSpot2.app/Scripts
    export SCRIPT_INPUT_FILE_COUNT\=0
    export SCRIPT_INPUT_FILE_LIST_COUNT\=0
    export SCRIPT_OUTPUT_FILE_COUNT\=0
    export SCRIPT_OUTPUT_FILE_LIST_COUNT\=0
    export SDKROOT\=/Applications/Xcode.app/Contents/Developer/Platforms/iPhoneSimulator.platform/Developer/SDKs/iPhoneSimulator26.0.sdk
    export SDK_DIR\=/Applications/Xcode.app/Contents/Developer/Platforms/iPhoneSimulator.platform/Developer/SDKs/iPhoneSimulator26.0.sdk
    export SDK_DIR_iphonesimulator\=/Applications/Xcode.app/Contents/Developer/Platforms/iPhoneSimulator.platform/Developer/SDKs/iPhoneSimulator26.0.sdk
    export SDK_DIR_iphonesimulator26_0\=/Applications/Xcode.app/Contents/Developer/Platforms/iPhoneSimulator.platform/Developer/SDKs/iPhoneSimulator26.0.sdk
    export SDK_NAME\=iphonesimulator26.0
    export SDK_NAMES\=iphonesimulator26.0
    export SDK_PRODUCT_BUILD_VERSION\=23A339
    export SDK_STAT_CACHE_DIR\=/Users/nathannovak/Library/Developer/Xcode/DerivedData
    export SDK_STAT_CACHE_ENABLE\=YES
    export SDK_STAT_CACHE_PATH\=/Users/nathannovak/Library/Developer/Xcode/DerivedData/SDKStatCaches.noindex/iphonesimulator26.0-23A339-26257891a6c027eb51374368541b8346.sdkstatcache
    export SDK_VERSION\=26.0
    export SDK_VERSION_ACTUAL\=260000
    export SDK_VERSION_MAJOR\=260000
    export SDK_VERSION_MINOR\=260000
    export SED\=/usr/bin/sed
    export SEPARATE_STRIP\=NO
    export SEPARATE_SYMBOL_EDIT\=NO
    export SET_DIR_MODE_OWNER_GROUP\=YES
    export SET_FILE_MODE_OWNER_GROUP\=NO
    export SHALLOW_BUNDLE\=YES
    export SHALLOW_BUNDLE_TRIPLE\=ios-simulator
    export SHALLOW_BUNDLE_ios_macabi\=NO
    export SHALLOW_BUNDLE_macos\=NO
    export SHARED_DERIVED_FILE_DIR\=/Users/nathannovak/Library/Developer/Xcode/DerivedData/StraboSpot2-gztieqkdzpsbarfnoxqpkwxgfcqj/Build/Products/Debug-iphonesimulator/DerivedSources
    export SHARED_FRAMEWORKS_FOLDER_PATH\=StraboSpot2.app/SharedFrameworks
    export SHARED_PRECOMPS_DIR\=/Users/nathannovak/Library/Developer/Xcode/DerivedData/StraboSpot2-gztieqkdzpsbarfnoxqpkwxgfcqj/Build/Intermediates.noindex/PrecompiledHeaders
    export SHARED_SUPPORT_FOLDER_PATH\=StraboSpot2.app/SharedSupport
    export SKIP_INSTALL\=NO
    export SOURCE_ROOT\=/Users/nathannovak/Development/Apps/StraboSpot2/ios
    export SRCROOT\=/Users/nathannovak/Development/Apps/StraboSpot2/ios
    export STRINGSDATA_DIR\=/Users/nathannovak/Library/Developer/Xcode/DerivedData/StraboSpot2-gztieqkdzpsbarfnoxqpkwxgfcqj/Build/Intermediates.noindex/StraboSpot2.build/Debug-iphonesimulator/StraboSpot2.build/Objects-normal/undefined_arch
    export STRINGSDATA_ROOT\=/Users/nathannovak/Library/Developer/Xcode/DerivedData/StraboSpot2-gztieqkdzpsbarfnoxqpkwxgfcqj/Build/Intermediates.noindex/StraboSpot2.build/Debug-iphonesimulator/StraboSpot2.build
    export STRINGS_FILE_INFOPLIST_RENAME\=YES
    export STRINGS_FILE_OUTPUT_ENCODING\=binary
    export STRING_CATALOG_GENERATE_SYMBOLS\=NO
    export STRIP_BITCODE_FROM_COPIED_FILES\=NO
    export STRIP_INSTALLED_PRODUCT\=NO
    export STRIP_STYLE\=all
    export STRIP_SWIFT_SYMBOLS\=YES
    export SUPPORTED_DEVICE_FAMILIES\=1,2
    export SUPPORTED_PLATFORMS\=iphoneos\ iphonesimulator
    export SUPPORTS_MACCATALYST\=NO
    export SUPPORTS_MAC_DESIGNED_FOR_IPHONE_IPAD\=NO
    export SUPPORTS_ON_DEMAND_RESOURCES\=YES
    export SUPPORTS_TEXT_BASED_API\=NO
    export SUPPORTS_XR_DESIGNED_FOR_IPHONE_IPAD\=NO
    export SUPPRESS_WARNINGS\=NO
    export SWIFT_ACTIVE_COMPILATION_CONDITIONS\=\ DEBUG
    export SWIFT_EMIT_CONST_VALUE_PROTOCOLS\=AppIntent\ EntityQuery\ AppEntity\ TransientEntity\ AppEnum\ AppShortcutProviding\ AppShortcutsProvider\ AnyResolverProviding\ AppIntentsPackage\ DynamicOptionsProvider\ _IntentValueRepresentable\ _AssistantIntentsProvider\ _GenerativeFunctionExtractable\ IntentValueQuery\ Resolver\ AppExtension\ ExtensionPointDefining
    export SWIFT_EMIT_LOC_STRINGS\=NO
    export SWIFT_ENABLE_EXPLICIT_MODULES\=YES
    export SWIFT_INCLUDE_PATHS\=/Users/nathannovak/Library/Developer/Xcode/DerivedData/StraboSpot2-gztieqkdzpsbarfnoxqpkwxgfcqj/Build/Products/Debug-iphonesimulator\ \ \"/Users/nathannovak/Library/Developer/Xcode/DerivedData/StraboSpot2-gztieqkdzpsbarfnoxqpkwxgfcqj/Build/Products/Debug-iphonesimulator/EASClient\"\ \"/Users/nathannovak/Library/Developer/Xcode/DerivedData/StraboSpot2-gztieqkdzpsbarfnoxqpkwxgfcqj/Build/Products/Debug-iphonesimulator/EXConstants\"\ \"/Users/nathannovak/Library/Developer/Xcode/DerivedData/StraboSpot2-gztieqkdzpsbarfnoxqpkwxgfcqj/Build/Products/Debug-iphonesimulator/EXManifests\"\ \"/Users/nathannovak/Library/Developer/Xcode/DerivedData/StraboSpot2-gztieqkdzpsbarfnoxqpkwxgfcqj/Build/Products/Debug-iphonesimulator/EXUpdates\"\ \"/Users/nathannovak/Library/Developer/Xcode/DerivedData/StraboSpot2-gztieqkdzpsbarfnoxqpkwxgfcqj/Build/Products/Debug-iphonesimulator/EXUpdatesInterface\"\ \"/Users/nathannovak/Library/Developer/Xcode/DerivedData/StraboSpot2-gztieqkdzpsbarfnoxqpkwxgfcqj/Build/Products/Debug-iphonesimulator/Expo\"\ \"/Users/nathannovak/Library/Developer/Xcode/DerivedData/StraboSpot2-gztieqkdzpsbarfnoxqpkwxgfcqj/Build/Products/Debug-iphonesimulator/ExpoAsset\"\ \"/Users/nathannovak/Library/Developer/Xcode/DerivedData/StraboSpot2-gztieqkdzpsbarfnoxqpkwxgfcqj/Build/Products/Debug-iphonesimulator/ExpoFileSystem\"\ \"/Users/nathannovak/Library/Developer/Xcode/DerivedData/StraboSpot2-gztieqkdzpsbarfnoxqpkwxgfcqj/Build/Products/Debug-iphonesimulator/ExpoFont\"\ \"/Users/nathannovak/Library/Developer/Xcode/DerivedData/StraboSpot2-gztieqkdzpsbarfnoxqpkwxgfcqj/Build/Products/Debug-iphonesimulator/ExpoKeepAwake\"\ \"/Users/nathannovak/Library/Developer/Xcode/DerivedData/StraboSpot2-gztieqkdzpsbarfnoxqpkwxgfcqj/Build/Products/Debug-iphonesimulator/ExpoModulesCore\"\ \"/Users/nathannovak/Library/Developer/Xcode/DerivedData/StraboSpot2-gztieqkdzpsbarfnoxqpkwxgfcqj/Build/Products/Debug-iphonesimulator/IQKeyboardManagerSwift\"\ \"/Users/nathannovak/Library/Developer/Xcode/DerivedData/StraboSpot2-gztieqkdzpsbarfnoxqpkwxgfcqj/Build/Products/Debug-iphonesimulator/ReachabilitySwift\"\ \"/Users/nathannovak/Library/Developer/Xcode/DerivedData/StraboSpot2-gztieqkdzpsbarfnoxqpkwxgfcqj/Build/Products/Debug-iphonesimulator/Sentry\"\ \"/Users/nathannovak/Library/Developer/Xcode/DerivedData/StraboSpot2-gztieqkdzpsbarfnoxqpkwxgfcqj/Build/Products/Debug-iphonesimulator/lottie-ios\"\ \"/Users/nathannovak/Library/Developer/Xcode/DerivedData/StraboSpot2-gztieqkdzpsbarfnoxqpkwxgfcqj/Build/Products/Debug-iphonesimulator/lottie-react-native\"\ \"/Users/nathannovak/Library/Developer/Xcode/DerivedData/StraboSpot2-gztieqkdzpsbarfnoxqpkwxgfcqj/Build/Products/Debug-iphonesimulator/react-native-document-picker\"\ \"/Users/nathannovak/Library/Developer/Xcode/DerivedData/StraboSpot2-gztieqkdzpsbarfnoxqpkwxgfcqj/Build/Products/Debug-iphonesimulator/react-native-orientation-director\"\ \"/Users/nathannovak/Library/Developer/Xcode/DerivedData/StraboSpot2-gztieqkdzpsbarfnoxqpkwxgfcqj/Build/Products/Debug-iphonesimulator/rnmapbox-maps\"
    export SWIFT_OBJC_BRIDGING_HEADER\=StraboSpot2-Bridging-Header.h
    export SWIFT_OPTIMIZATION_LEVEL\=-Onone
    export SWIFT_PLATFORM_TARGET_PREFIX\=ios
    export SWIFT_RESPONSE_FILE_PATH_normal_x86_64\=/Users/nathannovak/Library/Developer/Xcode/DerivedData/StraboSpot2-gztieqkdzpsbarfnoxqpkwxgfcqj/Build/Intermediates.noindex/StraboSpot2.build/Debug-iphonesimulator/StraboSpot2.build/Objects-normal/x86_64/StraboSpot2.SwiftFileList
    export SWIFT_VERSION\=5.0
    export SYMROOT\=/Users/nathannovak/Library/Developer/Xcode/DerivedData/StraboSpot2-gztieqkdzpsbarfnoxqpkwxgfcqj/Build/Products
    export SYSTEM_ADMIN_APPS_DIR\=/Applications/Utilities
    export SYSTEM_APPS_DIR\=/Applications
    export SYSTEM_CORE_SERVICES_DIR\=/System/Library/CoreServices
    export SYSTEM_DEMOS_DIR\=/Applications/Extras
    export SYSTEM_DEVELOPER_APPS_DIR\=/Applications/Xcode.app/Contents/Developer/Applications
    export SYSTEM_DEVELOPER_BIN_DIR\=/Applications/Xcode.app/Contents/Developer/usr/bin
    export SYSTEM_DEVELOPER_DEMOS_DIR\=/Applications/Xcode.app/Contents/Developer/Applications/Utilities/Built\ Examples
    export SYSTEM_DEVELOPER_DIR\=/Applications/Xcode.app/Contents/Developer
    export SYSTEM_DEVELOPER_DOC_DIR\=/Applications/Xcode.app/Contents/Developer/ADC\ Reference\ Library
    export SYSTEM_DEVELOPER_GRAPHICS_TOOLS_DIR\=/Applications/Xcode.app/Contents/Developer/Applications/Graphics\ Tools
    export SYSTEM_DEVELOPER_JAVA_TOOLS_DIR\=/Applications/Xcode.app/Contents/Developer/Applications/Java\ Tools
    export SYSTEM_DEVELOPER_PERFORMANCE_TOOLS_DIR\=/Applications/Xcode.app/Contents/Developer/Applications/Performance\ Tools
    export SYSTEM_DEVELOPER_RELEASENOTES_DIR\=/Applications/Xcode.app/Contents/Developer/ADC\ Reference\ Library/releasenotes
    export SYSTEM_DEVELOPER_TOOLS\=/Applications/Xcode.app/Contents/Developer/Tools
    export SYSTEM_DEVELOPER_TOOLS_DOC_DIR\=/Applications/Xcode.app/Contents/Developer/ADC\ Reference\ Library/documentation/DeveloperTools
    export SYSTEM_DEVELOPER_TOOLS_RELEASENOTES_DIR\=/Applications/Xcode.app/Contents/Developer/ADC\ Reference\ Library/releasenotes/DeveloperTools
    export SYSTEM_DEVELOPER_USR_DIR\=/Applications/Xcode.app/Contents/Developer/usr
    export SYSTEM_DEVELOPER_UTILITIES_DIR\=/Applications/Xcode.app/Contents/Developer/Applications/Utilities
    export SYSTEM_DEXT_INSTALL_PATH\=/System/Library/DriverExtensions
    export SYSTEM_DOCUMENTATION_DIR\=/Library/Documentation
    export SYSTEM_EXTENSIONS_FOLDER_PATH\=StraboSpot2.app/SystemExtensions
    export SYSTEM_EXTENSIONS_FOLDER_PATH_SHALLOW_BUNDLE_NO\=StraboSpot2.app/Library/SystemExtensions
    export SYSTEM_EXTENSIONS_FOLDER_PATH_SHALLOW_BUNDLE_YES\=StraboSpot2.app/SystemExtensions
    export SYSTEM_KEXT_INSTALL_PATH\=/System/Library/Extensions
    export SYSTEM_LIBRARY_DIR\=/System/Library
    export TAPI_DEMANGLE\=YES
    export TAPI_ENABLE_PROJECT_HEADERS\=NO
    export TAPI_LANGUAGE\=objective-c
    export TAPI_LANGUAGE_STANDARD\=compiler-default
    export TAPI_USE_SRCROOT\=YES
    export TAPI_VERIFY_MODE\=Pedantic
    export TARGETED_DEVICE_FAMILY\=1,2
    export TARGETNAME\=StraboSpot2
    export TARGET_BUILD_DIR\=/Users/nathannovak/Library/Developer/Xcode/DerivedData/StraboSpot2-gztieqkdzpsbarfnoxqpkwxgfcqj/Build/Products/Debug-iphonesimulator
    export TARGET_DEVICE_IDENTIFIER\=74C76BE2-3534-4702-95EC-116B7842C0E9
    export TARGET_DEVICE_MODEL\=iPad14,3
    export TARGET_DEVICE_OS_VERSION\=18.0
    export TARGET_DEVICE_PLATFORM_NAME\=iphonesimulator
    export TARGET_NAME\=StraboSpot2
    export TARGET_TEMP_DIR\=/Users/nathannovak/Library/Developer/Xcode/DerivedData/StraboSpot2-gztieqkdzpsbarfnoxqpkwxgfcqj/Build/Intermediates.noindex/StraboSpot2.build/Debug-iphonesimulator/StraboSpot2.build
    export TEMP_DIR\=/Users/nathannovak/Library/Developer/Xcode/DerivedData/StraboSpot2-gztieqkdzpsbarfnoxqpkwxgfcqj/Build/Intermediates.noindex/StraboSpot2.build/Debug-iphonesimulator/StraboSpot2.build
    export TEMP_FILES_DIR\=/Users/nathannovak/Library/Developer/Xcode/DerivedData/StraboSpot2-gztieqkdzpsbarfnoxqpkwxgfcqj/Build/Intermediates.noindex/StraboSpot2.build/Debug-iphonesimulator/StraboSpot2.build
    export TEMP_FILE_DIR\=/Users/nathannovak/Library/Developer/Xcode/DerivedData/StraboSpot2-gztieqkdzpsbarfnoxqpkwxgfcqj/Build/Intermediates.noindex/StraboSpot2.build/Debug-iphonesimulator/StraboSpot2.build
    export TEMP_ROOT\=/Users/nathannovak/Library/Developer/Xcode/DerivedData/StraboSpot2-gztieqkdzpsbarfnoxqpkwxgfcqj/Build/Intermediates.noindex
    export TEMP_SANDBOX_DIR\=/Users/nathannovak/Library/Developer/Xcode/DerivedData/StraboSpot2-gztieqkdzpsbarfnoxqpkwxgfcqj/Build/Intermediates.noindex/TemporaryTaskSandboxes
    export TEST_FRAMEWORK_SEARCH_PATHS\=\ /Applications/Xcode.app/Contents/Developer/Platforms/iPhoneSimulator.platform/Developer/Library/Frameworks\ /Applications/Xcode.app/Contents/Developer/Platforms/iPhoneSimulator.platform/Developer/SDKs/iPhoneSimulator26.0.sdk/Developer/Library/Frameworks
    export TEST_LIBRARY_SEARCH_PATHS\=\ /Applications/Xcode.app/Contents/Developer/Platforms/iPhoneSimulator.platform/Developer/usr/lib
    export TOOLCHAINS\=com.apple.dt.toolchain.XcodeDefault
    export TOOLCHAIN_DIR\=/Applications/Xcode.app/Contents/Developer/Toolchains/XcodeDefault.xctoolchain
    export TREAT_MISSING_BASELINES_AS_TEST_FAILURES\=NO
    export TREAT_MISSING_SCRIPT_PHASE_OUTPUTS_AS_ERRORS\=NO
    export TeamIdentifierPrefix\=5CQY5S92XA.
    export UID\=501
    export UNINSTALLED_PRODUCTS_DIR\=/Users/nathannovak/Library/Developer/Xcode/DerivedData/StraboSpot2-gztieqkdzpsbarfnoxqpkwxgfcqj/Build/Intermediates.noindex/UninstalledProducts
    export UNLOCALIZED_RESOURCES_FOLDER_PATH\=StraboSpot2.app
    export UNLOCALIZED_RESOURCES_FOLDER_PATH_SHALLOW_BUNDLE_NO\=StraboSpot2.app/Resources
    export UNLOCALIZED_RESOURCES_FOLDER_PATH_SHALLOW_BUNDLE_YES\=StraboSpot2.app
    export UNSTRIPPED_PRODUCT\=NO
    export USER\=nathannovak
    export USER_APPS_DIR\=/Users/nathannovak/Applications
    export USER_LIBRARY_DIR\=/Users/nathannovak/Library
    export USE_DYNAMIC_NO_PIC\=YES
    export USE_HEADERMAP\=YES
    export USE_HEADER_SYMLINKS\=NO
    export USE_HERMES\=true
    export USE_RECURSIVE_SCRIPT_INPUTS_IN_SCRIPT_PHASES\=YES
    export VALIDATE_DEVELOPMENT_ASSET_PATHS\=YES_ERROR
    export VALIDATE_PRODUCT\=NO
    export VALID_ARCHS\=arm64\ x86_64
    export VERBOSE_PBXCP\=NO
    export VERSIONING_SYSTEM\=apple-generic
    export VERSIONPLIST_PATH\=StraboSpot2.app/version.plist
    export VERSION_INFO_BUILDER\=nathannovak
    export VERSION_INFO_FILE\=StraboSpot2_vers.c
    export VERSION_INFO_STRING\=\"@\(\#\)PROGRAM:StraboSpot2\ \ PROJECT:StraboSpot2-150\"
    export WORKSPACE_DIR\=/Users/nathannovak/Development/Apps/StraboSpot2/ios
    export WRAPPER_EXTENSION\=app
    export WRAPPER_NAME\=StraboSpot2.app
    export WRAPPER_SUFFIX\=.app
    export WRAP_ASSET_PACKS_IN_SEPARATE_DIRECTORIES\=NO
    export XCODE_APP_SUPPORT_DIR\=/Applications/Xcode.app/Contents/Developer/Library/Xcode
    export XCODE_PRODUCT_BUILD_VERSION\=17A400
    export XCODE_VERSION_ACTUAL\=2601
    export XCODE_VERSION_MAJOR\=2600
    export XCODE_VERSION_MINOR\=2600
    export XPCSERVICES_FOLDER_PATH\=StraboSpot2.app/XPCServices
    export YACC\=yacc
    export _DISCOVER_COMMAND_LINE_LINKER_INPUTS\=YES
    export _DISCOVER_COMMAND_LINE_LINKER_INPUTS_INCLUDE_WL\=YES
    export _LD_MULTIARCH\=YES
    export _WRAPPER_CONTENTS_DIR_SHALLOW_BUNDLE_NO\=/Contents
    export _WRAPPER_PARENT_PATH_SHALLOW_BUNDLE_NO\=/..
    export _WRAPPER_RESOURCES_DIR_SHALLOW_BUNDLE_NO\=/Resources
    export __DIAGNOSE_DEPRECATED_ARCHS\=YES
    export __IS_NOT_MACOS\=YES
    export __IS_NOT_MACOS_macosx\=NO
    export __IS_NOT_SIMULATOR\=NO
    export __IS_NOT_SIMULATOR_simulator\=NO
    export arch\=undefined_arch
    export variant\=normal
    /bin/sh -c /Users/nathannovak/Library/Developer/Xcode/DerivedData/StraboSpot2-gztieqkdzpsbarfnoxqpkwxgfcqj/Build/Intermediates.noindex/StraboSpot2.build/Debug-iphonesimulator/StraboSpot2.build/Script-F12C4C3BB30749F99C2AD43A.sh
Node found at: /usr/local/bin/node
  INFO    2025-11-12 17:22:49.371188 -07:00 Loaded file referenced by SENTRY_PROPERTIES (sentry.properties)
> Found 25 debug information files
> Prepared debug information files for upload
> Uploaded 7 missing debug information files
> File upload complete:

  UPLOADED 10a833eb-a1d7-3e67-b7ca-c479df659b5b (StraboSpot2.app/__preview.dylib; x86_64 library)
  UPLOADED 29810ebe-e06a-31b3-8296-a497455aab79 (StraboSpot2.app/Frameworks/hermes.framework/hermes; x86_64 library)
  UPLOADED 3a3c7fc4-d383-3598-be7a-a6042e01378a (StraboSpot2.app/Frameworks/MapboxMaps.framework/MapboxMaps; x86_64 library)
  UPLOADED 9ac5b10a-415b-3549-bcbb-2741c713bfef (StraboSpot2.app/StraboSpot2.debug.dylib; x86_64 library)
  UPLOADED 7571fd7b-d6d1-37f2-93f1-1d9d674513cb (StraboSpot2.app/StraboSpot2; x86_64 executable)
  UPLOADED 9ac5b10a-415b-3549-bcbb-2741c713bfef (StraboSpot2.app.dSYM/Contents/Resources/DWARF/StraboSpot2.debug.dylib; x86_64 debug companion)
  UPLOADED 7571fd7b-d6d1-37f2-93f1-1d9d674513cb (StraboSpot2.app.dSYM/Contents/Resources/DWARF/StraboSpot2; x86_64 debug companion)

PhaseScriptExecution [CP]\ Copy\ Pods\ Resources /Users/nathannovak/Library/Developer/Xcode/DerivedData/StraboSpot2-gztieqkdzpsbarfnoxqpkwxgfcqj/Build/Intermediates.noindex/StraboSpot2.build/Debug-iphonesimulator/StraboSpot2.build/Script-98F9E05C0E38617707AAEB3E.sh (in target 'StraboSpot2' from project 'StraboSpot2')
    cd /Users/nathannovak/Development/Apps/StraboSpot2/ios
    /bin/sh -c /Users/nathannovak/Library/Developer/Xcode/DerivedData/StraboSpot2-gztieqkdzpsbarfnoxqpkwxgfcqj/Build/Intermediates.noindex/StraboSpot2.build/Debug-iphonesimulator/StraboSpot2.build/Script-98F9E05C0E38617707AAEB3E.sh
/Users/nathannovak/Library/Developer/Xcode/DerivedData/StraboSpot2-gztieqkdzpsbarfnoxqpkwxgfcqj/Build/Products/Debug-iphonesimulator/EXConstants/EXConstants.bundle
/Users/nathannovak/Library/Developer/Xcode/DerivedData/StraboSpot2-gztieqkdzpsbarfnoxqpkwxgfcqj/Build/Products/Debug-iphonesimulator/EXConstants/ExpoConstants_privacy.bundle
/Users/nathannovak/Library/Developer/Xcode/DerivedData/StraboSpot2-gztieqkdzpsbarfnoxqpkwxgfcqj/Build/Products/Debug-iphonesimulator/EXUpdates/EXUpdates.bundle
/Users/nathannovak/Library/Developer/Xcode/DerivedData/StraboSpot2-gztieqkdzpsbarfnoxqpkwxgfcqj/Build/Products/Debug-iphonesimulator/ExpoFileSystem/ExpoFileSystem_privacy.bundle
/Users/nathannovak/Library/Developer/Xcode/DerivedData/StraboSpot2-gztieqkdzpsbarfnoxqpkwxgfcqj/Build/Products/Debug-iphonesimulator/IQKeyboardManagerSwift/IQKeyboardManagerSwift.bundle
/Users/nathannovak/Library/Developer/Xcode/DerivedData/StraboSpot2-gztieqkdzpsbarfnoxqpkwxgfcqj/Build/Products/Debug-iphonesimulator/RCT-Folly/RCT-Folly_privacy.bundle
/Users/nathannovak/Library/Developer/Xcode/DerivedData/StraboSpot2-gztieqkdzpsbarfnoxqpkwxgfcqj/Build/Products/Debug-iphonesimulator/RNCAsyncStorage/RNCAsyncStorage_resources.bundle
/Users/nathannovak/Library/Developer/Xcode/DerivedData/StraboSpot2-gztieqkdzpsbarfnoxqpkwxgfcqj/Build/Products/Debug-iphonesimulator/RNDeviceInfo/RNDeviceInfoPrivacyInfo.bundle
/Users/nathannovak/Development/Apps/StraboSpot2/ios/Pods/../../node_modules/react-native-vector-icons/Fonts/AntDesign.ttf
/Users/nathannovak/Development/Apps/StraboSpot2/ios/Pods/../../node_modules/react-native-vector-icons/Fonts/Entypo.ttf
/Users/nathannovak/Development/Apps/StraboSpot2/ios/Pods/../../node_modules/react-native-vector-icons/Fonts/EvilIcons.ttf
/Users/nathannovak/Development/Apps/StraboSpot2/ios/Pods/../../node_modules/react-native-vector-icons/Fonts/Feather.ttf
/Users/nathannovak/Development/Apps/StraboSpot2/ios/Pods/../../node_modules/react-native-vector-icons/Fonts/FontAwesome.ttf
/Users/nathannovak/Development/Apps/StraboSpot2/ios/Pods/../../node_modules/react-native-vector-icons/Fonts/FontAwesome5_Brands.ttf
/Users/nathannovak/Development/Apps/StraboSpot2/ios/Pods/../../node_modules/react-native-vector-icons/Fonts/FontAwesome5_Regular.ttf
/Users/nathannovak/Development/Apps/StraboSpot2/ios/Pods/../../node_modules/react-native-vector-icons/Fonts/FontAwesome5_Solid.ttf
/Users/nathannovak/Development/Apps/StraboSpot2/ios/Pods/../../node_modules/react-native-vector-icons/Fonts/FontAwesome6_Brands.ttf
/Users/nathannovak/Development/Apps/StraboSpot2/ios/Pods/../../node_modules/react-native-vector-icons/Fonts/FontAwesome6_Regular.ttf
/Users/nathannovak/Development/Apps/StraboSpot2/ios/Pods/../../node_modules/react-native-vector-icons/Fonts/FontAwesome6_Solid.ttf
/Users/nathannovak/Development/Apps/StraboSpot2/ios/Pods/../../node_modules/react-native-vector-icons/Fonts/Fontisto.ttf
/Users/nathannovak/Development/Apps/StraboSpot2/ios/Pods/../../node_modules/react-native-vector-icons/Fonts/Foundation.ttf
/Users/nathannovak/Development/Apps/StraboSpot2/ios/Pods/../../node_modules/react-native-vector-icons/Fonts/Ionicons.ttf
/Users/nathannovak/Development/Apps/StraboSpot2/ios/Pods/../../node_modules/react-native-vector-icons/Fonts/MaterialCommunityIcons.ttf
/Users/nathannovak/Development/Apps/StraboSpot2/ios/Pods/../../node_modules/react-native-vector-icons/Fonts/MaterialIcons.ttf
/Users/nathannovak/Development/Apps/StraboSpot2/ios/Pods/../../node_modules/react-native-vector-icons/Fonts/Octicons.ttf
/Users/nathannovak/Development/Apps/StraboSpot2/ios/Pods/../../node_modules/react-native-vector-icons/Fonts/SimpleLineIcons.ttf
/Users/nathannovak/Development/Apps/StraboSpot2/ios/Pods/../../node_modules/react-native-vector-icons/Fonts/Zocial.ttf
/Users/nathannovak/Library/Developer/Xcode/DerivedData/StraboSpot2-gztieqkdzpsbarfnoxqpkwxgfcqj/Build/Products/Debug-iphonesimulator/ReachabilitySwift/ReachabilitySwift.bundle
/Users/nathannovak/Library/Developer/Xcode/DerivedData/StraboSpot2-gztieqkdzpsbarfnoxqpkwxgfcqj/Build/Products/Debug-iphonesimulator/React-Core/React-Core_privacy.bundle
/Users/nathannovak/Library/Developer/Xcode/DerivedData/StraboSpot2-gztieqkdzpsbarfnoxqpkwxgfcqj/Build/Products/Debug-iphonesimulator/React-cxxreact/React-cxxreact_privacy.bundle
/Users/nathannovak/Library/Developer/Xcode/DerivedData/StraboSpot2-gztieqkdzpsbarfnoxqpkwxgfcqj/Build/Products/Debug-iphonesimulator/SSZipArchive/SSZipArchive.bundle
/Users/nathannovak/Library/Developer/Xcode/DerivedData/StraboSpot2-gztieqkdzpsbarfnoxqpkwxgfcqj/Build/Products/Debug-iphonesimulator/Sentry/Sentry.bundle
/Users/nathannovak/Library/Developer/Xcode/DerivedData/StraboSpot2-gztieqkdzpsbarfnoxqpkwxgfcqj/Build/Products/Debug-iphonesimulator/boost/boost_privacy.bundle
/Users/nathannovak/Library/Developer/Xcode/DerivedData/StraboSpot2-gztieqkdzpsbarfnoxqpkwxgfcqj/Build/Products/Debug-iphonesimulator/glog/glog_privacy.bundle
/Users/nathannovak/Library/Developer/Xcode/DerivedData/StraboSpot2-gztieqkdzpsbarfnoxqpkwxgfcqj/Build/Products/Debug-iphonesimulator/lottie-ios/LottiePrivacyInfo.bundle
/Users/nathannovak/Library/Developer/Xcode/DerivedData/StraboSpot2-gztieqkdzpsbarfnoxqpkwxgfcqj/Build/Products/Debug-iphonesimulator/lottie-react-native/Lottie_React_Native_Privacy.bundle
/Users/nathannovak/Library/Developer/Xcode/DerivedData/StraboSpot2-gztieqkdzpsbarfnoxqpkwxgfcqj/Build/Products/Debug-iphonesimulator/react-native-blob-util/ReactNativeBlobUtilPrivacyInfo.bundle
/Users/nathannovak/Library/Developer/Xcode/DerivedData/StraboSpot2-gztieqkdzpsbarfnoxqpkwxgfcqj/Build/Products/Debug-iphonesimulator/react-native-image-picker/RNImagePickerPrivacyInfo.bundle
Transfer starting: 72 files
EXConstants.bundle/app.config

sent 4806 bytes  received 42 bytes  480000 bytes/sec
total size is 3916002  speedup is 807.76

ExtractAppIntentsMetadata (in target 'StraboSpot2' from project 'StraboSpot2')
    cd /Users/nathannovak/Development/Apps/StraboSpot2/ios
    /Applications/Xcode.app/Contents/Developer/Toolchains/XcodeDefault.xctoolchain/usr/bin/appintentsmetadataprocessor --toolchain-dir /Applications/Xcode.app/Contents/Developer/Toolchains/XcodeDefault.xctoolchain --module-name StraboSpot2 --sdk-root /Applications/Xcode.app/Contents/Developer/Platforms/iPhoneSimulator.platform/Developer/SDKs/iPhoneSimulator26.0.sdk --xcode-version 17A400 --platform-family iOS --deployment-target 15.6 --bundle-identifier org.StraboSpot2 --output /Users/nathannovak/Library/Developer/Xcode/DerivedData/StraboSpot2-gztieqkdzpsbarfnoxqpkwxgfcqj/Build/Products/Debug-iphonesimulator/StraboSpot2.app --target-triple x86_64-apple-ios15.6-simulator --binary-file /Users/nathannovak/Library/Developer/Xcode/DerivedData/StraboSpot2-gztieqkdzpsbarfnoxqpkwxgfcqj/Build/Products/Debug-iphonesimulator/StraboSpot2.app/StraboSpot2 --dependency-file /Users/nathannovak/Library/Developer/Xcode/DerivedData/StraboSpot2-gztieqkdzpsbarfnoxqpkwxgfcqj/Build/Intermediates.noindex/StraboSpot2.build/Debug-iphonesimulator/StraboSpot2.build/Objects-normal/x86_64/StraboSpot2_dependency_info.dat --stringsdata-file /Users/nathannovak/Library/Developer/Xcode/DerivedData/StraboSpot2-gztieqkdzpsbarfnoxqpkwxgfcqj/Build/Intermediates.noindex/StraboSpot2.build/Debug-iphonesimulator/StraboSpot2.build/Objects-normal/x86_64/ExtractedAppShortcutsMetadata.stringsdata --source-file-list /Users/nathannovak/Library/Developer/Xcode/DerivedData/StraboSpot2-gztieqkdzpsbarfnoxqpkwxgfcqj/Build/Intermediates.noindex/StraboSpot2.build/Debug-iphonesimulator/StraboSpot2.build/Objects-normal/x86_64/StraboSpot2.SwiftFileList --metadata-file-list /Users/nathannovak/Library/Developer/Xcode/DerivedData/StraboSpot2-gztieqkdzpsbarfnoxqpkwxgfcqj/Build/Intermediates.noindex/StraboSpot2.build/Debug-iphonesimulator/StraboSpot2.build/StraboSpot2.DependencyMetadataFileList --static-metadata-file-list /Users/nathannovak/Library/Developer/Xcode/DerivedData/StraboSpot2-gztieqkdzpsbarfnoxqpkwxgfcqj/Build/Intermediates.noindex/StraboSpot2.build/Debug-iphonesimulator/StraboSpot2.build/StraboSpot2.DependencyStaticMetadataFileList --swift-const-vals-list /Users/nathannovak/Library/Developer/Xcode/DerivedData/StraboSpot2-gztieqkdzpsbarfnoxqpkwxgfcqj/Build/Intermediates.noindex/StraboSpot2.build/Debug-iphonesimulator/StraboSpot2.build/Objects-normal/x86_64/StraboSpot2.SwiftConstValuesFileList --compile-time-extraction --deployment-aware-processing --validate-assistant-intents --no-app-shortcuts-localization
2025-11-12 17:23:07.745 appintentsmetadataprocessor[91728:2788218] Starting appintentsmetadataprocessor export
2025-11-12 17:23:07.804 appintentsmetadataprocessor[91728:2788218] warning: Metadata extraction skipped. No AppIntents.framework dependency found.

ProcessInfoPlistFile /Users/nathannovak/Library/Developer/Xcode/DerivedData/StraboSpot2-gztieqkdzpsbarfnoxqpkwxgfcqj/Build/Products/Debug-iphonesimulator/StraboSpot2.app/Info.plist /Users/nathannovak/Development/Apps/StraboSpot2/ios/StraboSpot2/Info.plist (in target 'StraboSpot2' from project 'StraboSpot2')
    cd /Users/nathannovak/Development/Apps/StraboSpot2/ios
    builtin-infoPlistUtility /Users/nathannovak/Development/Apps/StraboSpot2/ios/StraboSpot2/Info.plist -producttype com.apple.product-type.application -genpkginfo /Users/nathannovak/Library/Developer/Xcode/DerivedData/StraboSpot2-gztieqkdzpsbarfnoxqpkwxgfcqj/Build/Products/Debug-iphonesimulator/StraboSpot2.app/PkgInfo -expandbuildsettings -format binary -platform iphonesimulator -additionalcontentfile /Users/nathannovak/Library/Developer/Xcode/DerivedData/StraboSpot2-gztieqkdzpsbarfnoxqpkwxgfcqj/Build/Intermediates.noindex/StraboSpot2.build/Debug-iphonesimulator/StraboSpot2.build/LaunchScreen-SBPartialInfo.plist -additionalcontentfile /Users/nathannovak/Library/Developer/Xcode/DerivedData/StraboSpot2-gztieqkdzpsbarfnoxqpkwxgfcqj/Build/Intermediates.noindex/StraboSpot2.build/Debug-iphonesimulator/StraboSpot2.build/assetcatalog_generated_info.plist -o /Users/nathannovak/Library/Developer/Xcode/DerivedData/StraboSpot2-gztieqkdzpsbarfnoxqpkwxgfcqj/Build/Products/Debug-iphonesimulator/StraboSpot2.app/Info.plist

CopySwiftLibs /Users/nathannovak/Library/Developer/Xcode/DerivedData/StraboSpot2-gztieqkdzpsbarfnoxqpkwxgfcqj/Build/Products/Debug-iphonesimulator/StraboSpot2.app (in target 'StraboSpot2' from project 'StraboSpot2')
    cd /Users/nathannovak/Development/Apps/StraboSpot2/ios
    builtin-swiftStdLibTool --copy --verbose --sign - --scan-executable /Users/nathannovak/Library/Developer/Xcode/DerivedData/StraboSpot2-gztieqkdzpsbarfnoxqpkwxgfcqj/Build/Products/Debug-iphonesimulator/StraboSpot2.app/StraboSpot2.debug.dylib --scan-folder /Users/nathannovak/Library/Developer/Xcode/DerivedData/StraboSpot2-gztieqkdzpsbarfnoxqpkwxgfcqj/Build/Products/Debug-iphonesimulator/StraboSpot2.app/Frameworks --scan-folder /Users/nathannovak/Library/Developer/Xcode/DerivedData/StraboSpot2-gztieqkdzpsbarfnoxqpkwxgfcqj/Build/Products/Debug-iphonesimulator/StraboSpot2.app/PlugIns --scan-folder /Users/nathannovak/Library/Developer/Xcode/DerivedData/StraboSpot2-gztieqkdzpsbarfnoxqpkwxgfcqj/Build/Products/Debug-iphonesimulator/StraboSpot2.app/SystemExtensions --scan-folder /Users/nathannovak/Library/Developer/Xcode/DerivedData/StraboSpot2-gztieqkdzpsbarfnoxqpkwxgfcqj/Build/Products/Debug-iphonesimulator/StraboSpot2.app/Extensions --platform iphonesimulator --toolchain /Applications/Xcode.app/Contents/Developer/Toolchains/XcodeDefault.xctoolchain --destination /Users/nathannovak/Library/Developer/Xcode/DerivedData/StraboSpot2-gztieqkdzpsbarfnoxqpkwxgfcqj/Build/Products/Debug-iphonesimulator/StraboSpot2.app/Frameworks --strip-bitcode --strip-bitcode-tool /Applications/Xcode.app/Contents/Developer/Toolchains/XcodeDefault.xctoolchain/usr/bin/bitcode_strip --emit-dependency-info /Users/nathannovak/Library/Developer/Xcode/DerivedData/StraboSpot2-gztieqkdzpsbarfnoxqpkwxgfcqj/Build/Intermediates.noindex/StraboSpot2.build/Debug-iphonesimulator/StraboSpot2.build/SwiftStdLibToolInputDependencies.dep --filter-for-swift-os --back-deploy-swift-span

CodeSign /Users/nathannovak/Library/Developer/Xcode/DerivedData/StraboSpot2-gztieqkdzpsbarfnoxqpkwxgfcqj/Build/Products/Debug-iphonesimulator/StraboSpot2.app/StraboSpot2.debug.dylib (in target 'StraboSpot2' from project 'StraboSpot2')
    cd /Users/nathannovak/Development/Apps/StraboSpot2/ios
    
    Signing Identity:     "Sign to Run Locally"
    
    /usr/bin/codesign --force --sign - --timestamp\=none --generate-entitlement-der /Users/nathannovak/Library/Developer/Xcode/DerivedData/StraboSpot2-gztieqkdzpsbarfnoxqpkwxgfcqj/Build/Products/Debug-iphonesimulator/StraboSpot2.app/StraboSpot2.debug.dylib
/Users/nathannovak/Library/Developer/Xcode/DerivedData/StraboSpot2-gztieqkdzpsbarfnoxqpkwxgfcqj/Build/Products/Debug-iphonesimulator/StraboSpot2.app/StraboSpot2.debug.dylib: replacing existing signature

CodeSign /Users/nathannovak/Library/Developer/Xcode/DerivedData/StraboSpot2-gztieqkdzpsbarfnoxqpkwxgfcqj/Build/Products/Debug-iphonesimulator/StraboSpot2.app/__preview.dylib (in target 'StraboSpot2' from project 'StraboSpot2')
    cd /Users/nathannovak/Development/Apps/StraboSpot2/ios
    
    Signing Identity:     "Sign to Run Locally"
    
    /usr/bin/codesign --force --sign - --timestamp\=none --generate-entitlement-der /Users/nathannovak/Library/Developer/Xcode/DerivedData/StraboSpot2-gztieqkdzpsbarfnoxqpkwxgfcqj/Build/Products/Debug-iphonesimulator/StraboSpot2.app/__preview.dylib
/Users/nathannovak/Library/Developer/Xcode/DerivedData/StraboSpot2-gztieqkdzpsbarfnoxqpkwxgfcqj/Build/Products/Debug-iphonesimulator/StraboSpot2.app/__preview.dylib: replacing existing signature

CodeSign /Users/nathannovak/Library/Developer/Xcode/DerivedData/StraboSpot2-gztieqkdzpsbarfnoxqpkwxgfcqj/Build/Products/Debug-iphonesimulator/StraboSpot2.app (in target 'StraboSpot2' from project 'StraboSpot2')
    cd /Users/nathannovak/Development/Apps/StraboSpot2/ios
    
    Signing Identity:     "Sign to Run Locally"
    
    /usr/bin/codesign --force --sign - --timestamp\=none --generate-entitlement-der /Users/nathannovak/Library/Developer/Xcode/DerivedData/StraboSpot2-gztieqkdzpsbarfnoxqpkwxgfcqj/Build/Products/Debug-iphonesimulator/StraboSpot2.app
/Users/nathannovak/Library/Developer/Xcode/DerivedData/StraboSpot2-gztieqkdzpsbarfnoxqpkwxgfcqj/Build/Products/Debug-iphonesimulator/StraboSpot2.app: replacing existing signature

Validate /Users/nathannovak/Library/Developer/Xcode/DerivedData/StraboSpot2-gztieqkdzpsbarfnoxqpkwxgfcqj/Build/Products/Debug-iphonesimulator/StraboSpot2.app (in target 'StraboSpot2' from project 'StraboSpot2')
    cd /Users/nathannovak/Development/Apps/StraboSpot2/ios
    builtin-validationUtility /Users/nathannovak/Library/Developer/Xcode/DerivedData/StraboSpot2-gztieqkdzpsbarfnoxqpkwxgfcqj/Build/Products/Debug-iphonesimulator/StraboSpot2.app -shallow-bundle -infoplist-subpath Info.plist

** BUILD SUCCEEDED **

